0,,,,,,,,,,,,,,,,,,,,,,,,,,,,,,,
Country,China,China,China,China,China,China,China,China,China,China,China,China,China,China,China,China,China,China,China,China,China,China,China,China,China,China,China,China,China,China,China
Table Name,,,,,,,,,,,,,,,,,,,,,,,,,,,,,,,
Name,China: Beijing: Power Consumption,China: Tianjin: Power Consumption,China: Hebei: Power Consumption,China: Shanxi: Power Consumption,China: Inner Mongolia: Power Consumption,China: Liaoning: Power Consumption,China: Jilin: Power Consumption,China: Heilongjiang: Power Consumption,China: Shanghai: Power Consumption,China: Jiangsu: Power Consumption,China: Zhejiang: Power Consumption,China: Anhui: Power Consumption,China: Fujian: Power Consumption,China: Jiangxi: Power Consumption,China: Shandong: Power Consumption,China: Henan: Power Consumption,China: Hubei: Power Consumption,China: Hunan: Power Consumption,China: Guangdong: Power Consumption,China: Guangxi: Power Consumption,China: Hainan: Power Consumption,China: Chongqing: Power Consumption,China: Sichuan: Power Consumption,China: Guizhou: Power Consumption,China: Yunnan: Power Consumption,China: Tibet: Power Consumption,China: Shaanxi: Power Consumption,China: Gansu: Power Consumption,China: Qinghai: Power Consumption,China: Ningxia: Power Consumption,China: Xinjiang: Power Consumption
Frequency,Month,Month,Month,Month,Month,Month,Month,Month,Month,Month,Month,Month,Month,Month,Month,Month,Month,Month,Month,Month,Month,Month,Month,Month,Month,Month,Month,Month,Month,Month,Month
Unit,100 million kwh,100 million kwh,100 million kwh,100 million kwh,100 million kwh,100 million kwh,100 million kwh,100 million kwh,100 million kwh,100 million kwh,100 million kwh,100 million kwh,100 million kwh,100 million kwh,100 million kwh,100 million kwh,100 million kwh,100 million kwh,100 million kwh,100 million kwh,100 million kwh,100 million kwh,100 million kwh,100 million kwh,100 million kwh,100 million kwh,100 million kwh,100 million kwh,100 million kwh,100 million kwh,100 million kwh
ID,U1612172,P2437109,F0453008,V2969871,W1767945,L4340092,Q3470932,T6934745,J8653865,A7964724,D5392458,J4874021,V4483977,W1458229,P4214686,Y8612670,P3907444,Y9738662,X3423234,N1555452,A8283274,A5008307,H5459062,K0598406,R3752467,H8962252,C2899385,W8226066,L5009327,X5760406,N3700871
Time Period,2006-03:2024-08,2006-03:2024-08,2006-03:2024-08,2006-03:2024-08,2006-03:2024-08,2006-03:2024-08,2006-03:2024-08,2006-03:2024-08,2006-03:2024-08,2006-03:2024-08,2006-03:2024-08,2006-03:2024-08,2006-03:2024-08,2006-03:2024-08,2006-03:2024-08,2006-03:2024-08,2006-03:2024-08,2006-03:2024-08,2006-03:2024-08,2006-03:2024-08,2006-03:2024-08,2006-03:2024-08,2006-03:2024-08,2006-03:2024-08,2006-03:2024-08,2009-08:2024-08,2006-03:2024-08,2006-03:2024-08,2006-03:2024-08,2006-03:2024-08,2006-03:2024-08
Source,Wind,Wind,Wind,Wind,Wind,Wind,Wind,Wind,Wind,Wind,Wind,Wind,Wind,Wind,Wind,Wind,Wind,Wind,Wind,Wind,Wind,Wind,Wind,Wind,Wind,Wind,Wind,Wind,Wind,Wind,Wind
Update,2024-09-27,2024-09-27,2024-09-27,2024-09-27,2024-09-27,2024-09-27,2024-09-27,2024-09-27,2024-09-27,2024-09-27,2024-09-27,2024-09-27,2024-09-27,2024-09-27,2024-09-27,2024-09-27,2024-09-27,2024-09-27,2024-09-27,2024-09-27,2024-09-27,2024-09-27,2024-09-27,2024-09-27,2024-09-27,2024-09-27,2024-09-27,2024-09-27,2024-09-27,2024-09-27,2024-09-27
2006-03,49.76 ,35.68 ,142.23 ,87.92 ,66.00 ,104.60 ,34.28 ,51.47 ,77.97 ,204.89 ,155.69 ,51.82 ,61.99 ,34.50 ,188.13 ,120.03 ,67.78 ,57.89 ,232.16 ,44.61 ,7.13 ,28.56 ,79.69 ,46.52 ,42.72 ,0.00 ,46.69 ,42.33 ,20.29 ,27.27 ,25.82 
2006-04,43.82 ,33.46 ,145.07 ,87.31 ,66.97 ,98.12 ,32.27 ,48.36 ,72.22 ,198.47 ,151.05 ,50.58 ,69.33 ,33.16 ,179.51 ,116.31 ,66.04 ,57.39 ,242.33 ,43.71 ,7.60 ,30.99 ,81.87 ,45.49 ,40.68 ,0.00 ,44.88 ,42.59 ,19.78 ,29.98 ,25.11 
2006-05,44.90 ,33.67 ,145.17 ,90.34 ,66.83 ,99.74 ,32.92 ,47.42 ,74.12 ,204.22 ,150.86 ,50.82 ,68.39 ,33.92 ,183.76 ,120.98 ,69.30 ,59.97 ,249.87 ,48.58 ,8.34 ,30.92 ,83.43 ,47.49 ,47.55 ,0.00 ,45.15 ,46.16 ,20.02 ,30.56 ,27.21 
2006-06,50.19 ,36.60 ,147.56 ,90.05 ,69.38 ,99.82 ,33.07 ,46.05 ,83.83 ,218.66 ,158.56 ,57.02 ,73.11 ,36.29 ,183.95 ,130.43 ,77.83 ,65.01 ,260.90 ,48.43 ,8.66 ,32.98 ,88.35 ,49.10 ,51.25 ,0.00 ,47.63 ,46.11 ,20.09 ,32.80 ,31.62 
2006-07,55.56 ,38.55 ,150.29 ,92.95 ,74.81 ,103.57 ,34.46 ,47.91 ,102.43 ,244.21 ,183.98 ,65.10 ,81.78 ,42.06 ,202.48 ,137.08 ,85.41 ,71.41 ,297.80 ,50.78 ,9.75 ,40.05 ,93.74 ,53.14 ,57.10 ,0.00 ,53.55 ,45.82 ,20.51 ,33.39 ,33.15 
2006-08,57.89 ,40.90 ,156.12 ,92.40 ,81.64 ,103.45 ,34.57 ,48.16 ,108.62 ,260.13 ,194.57 ,67.60 ,83.73 ,44.67 ,206.67 ,139.51 ,86.29 ,72.18 ,298.96 ,53.27 ,8.67 ,43.48 ,101.20 ,51.28 ,58.31 ,0.00 ,52.58 ,45.88 ,20.81 ,34.35 ,34.30 
2006-09,47.20 ,35.56 ,143.82 ,90.33 ,75.21 ,100.56 ,33.72 ,45.60 ,81.49 ,217.44 ,166.64 ,54.57 ,81.64 ,39.59 ,190.80 ,122.97 ,73.80 ,64.08 ,281.01 ,52.04 ,8.78 ,36.53 ,101.21 ,48.98 ,59.29 ,0.00 ,46.39 ,43.21 ,20.06 ,32.59 ,30.64 
2006-10,45.40 ,34.89 ,151.10 ,97.79 ,81.60 ,101.67 ,34.74 ,49.80 ,76.98 ,214.68 ,164.99 ,55.14 ,76.03 ,38.14 ,193.49 ,128.77 ,71.29 ,61.01 ,273.82 ,51.80 ,9.17 ,21.91 ,90.88 ,50.46 ,61.21 ,0.00 ,47.21 ,45.92 ,21.52 ,35.59 ,30.91 
2006-11,52.97 ,37.62 ,154.12 ,99.17 ,82.28 ,108.89 ,37.54 ,52.65 ,75.58 ,215.30 ,163.01 ,55.32 ,76.74 ,37.20 ,199.85 ,132.97 ,71.00 ,62.00 ,248.01 ,46.73 ,8.65 ,31.91 ,91.36 ,50.75 ,64.49 ,0.00 ,51.21 ,49.75 ,21.86 ,34.36 ,31.58 
2006-12,62.42 ,42.10 ,163.70 ,108.49 ,97.79 ,116.17 ,39.45 ,58.82 ,86.35 ,236.30 ,175.54 ,59.54 ,74.62 ,40.77 ,219.38 ,147.56 ,82.29 ,87.79 ,264.58 ,58.31 ,9.23 ,39.43 ,98.71 ,88.76 ,65.18 ,0.00 ,57.38 ,49.30 ,22.09 ,35.06 ,40.40 
2007-01,61.71 ,41.93 ,160.89 ,109.87 ,89.47 ,115.92 ,40.30 ,56.78 ,92.65 ,241.71 ,176.08 ,63.54 ,77.91 ,43.67 ,214.79 ,151.98 ,80.27 ,72.94 ,242.49 ,54.34 ,8.58 ,39.66 ,93.71 ,55.48 ,58.03 ,0.00 ,58.68 ,50.15 ,23.19 ,37.03 ,28.73 
2007-02,46.30 ,31.75 ,121.82 ,90.48 ,80.22 ,94.48 ,33.88 ,47.79 ,67.28 ,166.21 ,105.26 ,47.41 ,61.50 ,30.37 ,164.69 ,120.89 ,61.76 ,53.67 ,180.59 ,42.07 ,7.30 ,29.80 ,85.58 ,42.92 ,49.82 ,0.00 ,46.77 ,43.42 ,20.63 ,33.31 ,26.82 
2007-03,53.57 ,40.14 ,158.86 ,104.42 ,86.95 ,109.44 ,38.28 ,54.03 ,83.31 ,232.13 ,169.00 ,57.57 ,67.25 ,36.81 ,205.86 ,139.85 ,76.08 ,66.65 ,259.40 ,51.81 ,8.60 ,35.20 ,83.35 ,52.62 ,58.09 ,0.00 ,53.21 ,48.01 ,23.37 ,36.46 ,29.22 
2007-04,45.36 ,37.91 ,175.71 ,109.67 ,87.44 ,108.65 ,36.57 ,51.16 ,78.82 ,231.47 ,175.22 ,57.92 ,80.58 ,38.17 ,208.87 ,137.00 ,75.58 ,66.35 ,275.02 ,51.36 ,8.91 ,32.83 ,89.55 ,53.39 ,59.75 ,0.00 ,52.96 ,48.15 ,22.83 ,35.83 ,31.70 
2007-05,48.75 ,38.09 ,170.14 ,109.10 ,90.83 ,110.43 ,37.01 ,49.77 ,81.93 ,242.79 ,182.38 ,63.04 ,82.50 ,41.74 ,213.12 ,151.93 ,81.58 ,71.46 ,288.85 ,56.03 ,9.91 ,36.80 ,89.37 ,56.91 ,59.29 ,0.00 ,51.86 ,51.94 ,23.83 ,36.53 ,34.01 
2007-06,56.70 ,41.80 ,171.65 ,107.31 ,93.15 ,112.43 ,38.25 ,49.65 ,88.87 ,256.26 ,184.67 ,64.58 ,86.62 ,41.62 ,205.01 ,152.86 ,82.61 ,70.39 ,302.51 ,54.96 ,10.66 ,37.39 ,99.61 ,51.63 ,65.32 ,0.00 ,52.97 ,51.05 ,23.21 ,36.27 ,37.88 
2007-07,63.91 ,45.74 ,192.38 ,109.99 ,97.28 ,116.62 ,39.86 ,50.88 ,115.38 ,280.87 ,224.63 ,71.98 ,99.87 ,51.20 ,230.31 ,158.76 ,92.42 ,87.83 ,347.03 ,60.83 ,11.03 ,37.12 ,101.09 ,52.33 ,63.79 ,0.00 ,52.34 ,52.54 ,23.40 ,36.22 ,38.54 
2007-08,63.86 ,46.62 ,181.96 ,114.25 ,100.70 ,115.96 ,39.64 ,51.38 ,114.55 ,296.57 ,220.97 ,77.31 ,93.66 ,49.67 ,234.42 ,168.17 ,97.17 ,82.84 ,330.32 ,61.77 ,10.30 ,44.59 ,109.62 ,54.15 ,66.86 ,0.00 ,55.87 ,53.28 ,23.64 ,37.24 ,41.89 
2007-09,52.89 ,41.60 ,168.84 ,108.00 ,96.54 ,112.88 ,36.89 ,48.57 ,90.07 ,247.14 ,190.07 ,63.77 ,90.78 ,43.48 ,218.01 ,143.93 ,84.68 ,71.31 ,315.41 ,57.71 ,9.72 ,40.12 ,111.50 ,54.72 ,66.10 ,0.00 ,52.35 ,49.38 ,23.41 ,36.46 ,29.99 
2007-10,48.98 ,39.05 ,168.30 ,114.31 ,102.82 ,114.27 ,38.68 ,52.44 ,83.09 ,243.69 ,184.35 ,65.45 ,86.99 ,43.90 ,219.85 ,150.69 ,84.09 ,75.11 ,303.84 ,60.05 ,9.39 ,38.70 ,103.56 ,63.17 ,66.77 ,0.00 ,52.92 ,53.81 ,25.46 ,38.40 ,34.00 
2007-11,59.09 ,43.29 ,171.30 ,114.77 ,108.92 ,121.45 ,41.09 ,55.79 ,82.63 ,247.42 ,183.25 ,85.75 ,86.83 ,43.45 ,226.45 ,158.61 ,82.75 ,76.18 ,281.24 ,58.84 ,8.82 ,37.15 ,105.66 ,83.84 ,82.80 ,0.00 ,58.70 ,56.79 ,25.64 ,38.13 ,36.97 
2007-12,65.87 ,47.09 ,183.20 ,157.63 ,116.76 ,127.09 ,42.55 ,60.76 ,93.41 ,265.75 ,191.76 ,70.76 ,85.26 ,46.80 ,245.57 ,173.35 ,90.44 ,96.27 ,274.76 ,69.21 ,10.06 ,39.80 ,104.59 ,57.43 ,73.65 ,0.00 ,65.27 ,57.38 ,26.40 ,38.12 ,41.32 
2008-01,67.51 ,46.98 ,178.68 ,110.71 ,107.12 ,127.83 ,45.00 ,60.70 ,103.70 ,262.59 ,188.29 ,73.45 ,86.59 ,46.32 ,240.37 ,170.03 ,90.20 ,71.40 ,264.12 ,66.07 ,9.58 ,40.18 ,104.89 ,42.05 ,64.61 ,0.00 ,63.60 ,57.13 ,27.12 ,40.76 ,34.36 
2008-02,53.29 ,37.02 ,145.28 ,96.28 ,95.29 ,107.59 ,39.15 ,53.34 ,84.95 ,202.29 ,127.49 ,59.67 ,68.21 ,34.38 ,195.77 ,148.91 ,74.64 ,55.69 ,192.28 ,47.45 ,7.98 ,36.13 ,94.31 ,33.94 ,53.90 ,0.00 ,54.96 ,53.08 ,24.34 ,37.62 ,32.16 
2008-03,56.69 ,44.79 ,189.27 ,112.30 ,107.25 ,126.30 ,43.53 ,57.33 ,89.93 ,266.58 ,199.55 ,69.64 ,84.05 ,43.52 ,236.74 ,168.09 ,86.07 ,72.57 ,286.86 ,63.93 ,9.58 ,37.20 ,95.45 ,58.81 ,62.51 ,0.00 ,60.15 ,55.96 ,26.83 ,40.98 ,34.18 
2008-04,49.83 ,41.60 ,188.77 ,119.30 ,113.77 ,117.48 ,40.68 ,53.76 ,84.31 ,256.19 ,192.95 ,66.46 ,90.22 ,42.55 ,230.30 ,162.02 ,84.46 ,73.75 ,289.48 ,63.11 ,9.58 ,39.49 ,99.87 ,65.88 ,62.65 ,0.00 ,57.34 ,55.65 ,26.25 ,39.91 ,40.54 
2008-05,52.24 ,42.21 ,192.87 ,119.09 ,111.33 ,120.65 ,40.84 ,54.66 ,89.19 ,265.68 ,198.53 ,71.35 ,90.75 ,46.70 ,237.07 ,167.50 ,91.73 ,76.06 ,315.74 ,64.81 ,10.91 ,39.59 ,96.90 ,65.67 ,71.21 ,0.00 ,58.65 ,60.26 ,27.56 ,40.69 ,38.15 
2008-06,55.42 ,43.47 ,187.68 ,108.91 ,109.81 ,117.26 ,43.23 ,54.53 ,90.90 ,269.40 ,195.38 ,71.15 ,93.82 ,45.16 ,236.62 ,170.99 ,95.02 ,83.46 ,300.72 ,62.23 ,11.05 ,42.29 ,102.38 ,62.46 ,69.14 ,0.00 ,60.19 ,61.21 ,27.02 ,40.81 ,45.07 
2008-07,67.59 ,49.55 ,189.25 ,114.50 ,103.98 ,121.88 ,42.66 ,55.64 ,123.94 ,314.72 ,235.94 ,84.33 ,100.85 ,53.05 ,239.81 ,179.28 ,100.80 ,89.75 ,344.77 ,67.91 ,11.69 ,44.75 ,108.82 ,65.20 ,71.54 ,0.00 ,64.12 ,61.52 ,27.65 ,41.10 ,48.69 
2008-08,61.54 ,45.81 ,174.02 ,125.61 ,108.38 ,122.35 ,43.36 ,54.92 ,116.56 ,297.62 ,229.53 ,82.25 ,102.00 ,52.08 ,235.17 ,186.02 ,100.84 ,90.36 ,351.59 ,68.35 ,11.26 ,47.03 ,114.13 ,65.61 ,74.02 ,0.00 ,63.58 ,61.03 ,27.49 ,40.51 ,44.50 
2008-09,50.18 ,40.56 ,158.71 ,105.54 ,108.56 ,113.80 ,39.29 ,51.50 ,98.25 ,260.34 ,204.72 ,73.23 ,102.93 ,48.61 ,229.82 ,162.46 ,94.51 ,79.90 ,336.72 ,65.10 ,10.69 ,42.76 ,109.60 ,62.90 ,75.48 ,0.00 ,55.78 ,55.45 ,25.60 ,32.55 ,40.05 
2008-10,48.66 ,37.85 ,153.25 ,100.64 ,89.46 ,109.30 ,39.17 ,55.48 ,85.01 ,241.21 ,185.63 ,68.68 ,87.25 ,44.75 ,214.43 ,155.03 ,77.60 ,69.44 ,298.30 ,61.21 ,10.21 ,38.08 ,100.60 ,54.64 ,68.60 ,0.00 ,54.51 ,55.36 ,26.16 ,31.79 ,42.11 
2008-11,57.93 ,40.48 ,160.07 ,96.63 ,75.56 ,109.03 ,39.66 ,57.25 ,80.04 ,233.35 ,175.13 ,66.26 ,84.45 ,41.86 ,206.57 ,146.87 ,77.68 ,63.84 ,263.24 ,53.03 ,9.60 ,37.76 ,93.78 ,45.98 ,58.88 ,0.00 ,55.58 ,52.97 ,23.42 ,25.44 ,41.00 
2008-12,69.12 ,45.68 ,177.13 ,104.48 ,98.04 ,118.57 ,39.41 ,60.89 ,91.21 ,248.02 ,189.85 ,74.23 ,82.84 ,48.09 ,226.58 ,153.80 ,85.23 ,90.77 ,260.89 ,71.21 ,10.93 ,42.73 ,94.03 ,55.61 ,97.73 ,0.00 ,59.55 ,48.41 ,23.57 ,27.83 ,37.69 
2009-01,63.91 ,40.23 ,162.54 ,95.62 ,87.08 ,111.35 ,43.83 ,58.75 ,88.30 ,214.96 ,141.76 ,72.07 ,74.26 ,43.36 ,198.10 ,145.98 ,79.42 ,74.05 ,206.20 ,56.75 ,8.91 ,38.41 ,98.81 ,54.48 ,58.56 ,0.00 ,58.19 ,49.15 ,24.04 ,29.44 ,33.12 
2009-02,56.81 ,38.81 ,160.99 ,88.32 ,83.90 ,104.18 ,39.26 ,53.40 ,80.05 ,221.54 ,151.79 ,65.29 ,73.83 ,39.34 ,207.14 ,140.66 ,74.56 ,67.78 ,217.28 ,54.58 ,8.75 ,36.08 ,96.65 ,50.57 ,64.04 ,0.00 ,54.03 ,47.86 ,22.19 ,27.60 ,33.26 
2009-03,59.44 ,44.74 ,188.42 ,97.54 ,92.12 ,118.95 ,41.99 ,58.41 ,91.11 ,265.87 ,198.44 ,73.68 ,79.36 ,45.19 ,242.74 ,155.04 ,86.67 ,76.91 ,271.60 ,59.66 ,10.46 ,38.75 ,93.51 ,59.52 ,76.28 ,0.00 ,59.03 ,50.78 ,25.48 ,33.11 ,39.06 
2009-04,49.63 ,40.77 ,184.86 ,100.91 ,93.91 ,109.77 ,38.54 ,53.04 ,82.32 ,252.39 ,190.62 ,70.58 ,89.32 ,44.43 ,233.57 ,155.77 ,83.57 ,71.40 ,270.92 ,56.75 ,10.61 ,40.01 ,103.53 ,55.22 ,64.54 ,0.00 ,56.37 ,54.50 ,24.23 ,34.24 ,40.39 
2009-05,54.42 ,42.15 ,193.32 ,97.52 ,102.12 ,116.86 ,40.45 ,55.35 ,85.61 ,263.95 ,195.07 ,72.91 ,90.81 ,46.81 ,242.15 ,163.29 ,86.26 ,73.08 ,291.32 ,63.45 ,11.61 ,36.02 ,104.27 ,57.17 ,70.08 ,0.00 ,55.48 ,61.62 ,24.95 ,35.88 ,43.99 
2009-06,60.26 ,46.50 ,199.26 ,102.93 ,104.71 ,118.99 ,42.29 ,52.85 ,96.56 ,287.78 ,211.20 ,79.70 ,97.38 ,50.90 ,246.48 ,176.04 ,98.61 ,85.54 ,319.60 ,66.74 ,12.58 ,43.90 ,117.36 ,57.76 ,73.60 ,0.00 ,61.14 ,60.67 ,24.05 ,38.34 ,49.62 
2009-07,72.93 ,51.46 ,215.80 ,111.72 ,113.13 ,128.79 ,42.03 ,54.92 ,119.61 ,319.54 ,246.78 ,92.73 ,105.78 ,58.05 ,261.19 ,199.46 ,113.02 ,96.18 ,365.75 ,75.97 ,12.76 ,50.22 ,115.95 ,66.07 ,77.91 ,0.00 ,67.74 ,62.35 ,26.56 ,41.72 ,53.91 
2009-08,68.64 ,50.53 ,210.97 ,113.23 ,117.84 ,133.93 ,44.77 ,56.91 ,115.48 ,317.62 ,242.60 ,91.35 ,114.33 ,59.43 ,269.58 ,195.47 ,112.23 ,102.34 ,375.78 ,82.82 ,12.56 ,55.62 ,117.01 ,70.70 ,81.73 ,57.76 ,61.62 ,61.14 ,28.73 ,42.82 ,54.44 
2009-09,55.21 ,44.75 ,191.74 ,103.22 ,115.99 ,125.11 ,41.30 ,53.99 ,100.57 ,282.95 ,228.18 ,80.68 ,114.38 ,56.27 ,248.92 ,174.08 ,97.77 ,91.60 ,365.12 ,80.65 ,11.71 ,49.31 ,119.27 ,70.98 ,83.77 ,0.00 ,58.80 ,58.33 ,30.71 ,41.30 ,47.42 
2009-10,52.20 ,43.37 ,198.65 ,110.25 ,117.91 ,128.03 ,43.01 ,58.35 ,89.70 ,273.14 ,209.26 ,78.89 ,96.50 ,51.89 ,245.76 ,178.27 ,97.63 ,83.38 ,317.66 ,76.31 ,11.24 ,47.48 ,116.13 ,72.13 ,86.74 ,0.00 ,61.50 ,61.28 ,33.39 ,44.12 ,50.09 
2009-11,68.97 ,51.64 ,215.81 ,115.83 ,119.77 ,140.83 ,47.72 ,63.18 ,94.87 ,292.51 ,217.94 ,82.58 ,100.55 ,53.22 ,260.85 ,189.80 ,99.66 ,87.70 ,296.34 ,75.69 ,11.26 ,48.25 ,124.90 ,75.72 ,80.30 ,0.00 ,67.59 ,68.05 ,35.61 ,46.64 ,50.09 
2009-12,73.57 ,53.05 ,224.20 ,112.91 ,122.52 ,145.61 ,48.80 ,63.84 ,95.82 ,297.75 ,239.36 ,88.53 ,97.45 ,59.83 ,279.81 ,206.07 ,97.59 ,104.05 ,302.42 ,80.62 ,11.22 ,37.95 ,97.16 ,76.02 ,79.90 ,0.00 ,79.37 ,65.27 ,37.08 ,43.81 ,99.66 
2010-01,75.28 ,56.30 ,227.70 ,128.24 ,128.09 ,149.83 ,51.32 ,68.19 ,112.85 ,324.22 ,236.94 ,93.97 ,104.93 ,59.89 ,284.05 ,207.74 ,108.89 ,101.19 ,310.35 ,84.94 ,11.08 ,49.77 ,133.78 ,73.56 ,80.44 ,0.00 ,79.52 ,67.28 ,37.81 ,49.67 ,44.78 
2010-02,63.50 ,42.83 ,173.92 ,109.96 ,112.77 ,120.65 ,42.85 ,56.60 ,84.07 ,222.57 ,136.86 ,71.55 ,80.23 ,43.52 ,214.41 ,172.28 ,87.52 ,79.15 ,198.54 ,65.94 ,9.75 ,40.53 ,115.74 ,57.05 ,67.72 ,0.00 ,64.12 ,58.80 ,34.63 ,43.26 ,49.64 
2010-03,68.84 ,55.99 ,228.50 ,124.67 ,127.07 ,146.22 ,48.64 ,64.49 ,106.11 ,319.35 ,231.32 ,86.33 ,90.37 ,54.58 ,285.81 ,205.86 ,105.61 ,97.78 ,320.51 ,82.82 ,12.21 ,50.39 ,111.40 ,64.43 ,75.77 ,0.00 ,73.24 ,64.65 ,39.03 ,49.46 ,43.54 
2010-04,57.19 ,51.34 ,233.03 ,121.03 ,129.67 ,141.37 ,45.44 ,59.65 ,96.21 ,308.68 ,237.05 ,83.09 ,106.23 ,54.29 ,278.62 ,195.61 ,101.15 ,90.34 ,321.81 ,80.30 ,12.74 ,49.40 ,126.45 ,67.06 ,70.10 ,0.00 ,69.64 ,66.02 ,38.47 ,49.48 ,52.91 
2010-05,58.00 ,50.00 ,237.00 ,123.00 ,139.00 ,139.00 ,46.00 ,59.00 ,96.00 ,314.00 ,235.00 ,87.00 ,106.00 ,56.00 ,278.00 ,202.00 ,102.00 ,93.00 ,358.00 ,84.00 ,15.00 ,49.00 ,124.00 ,68.00 ,82.00 ,0.00 ,68.00 ,71.00 ,40.00 ,52.00 ,49.00 
2010-06,64.00 ,51.00 ,233.00 ,124.00 ,137.00 ,139.00 ,46.00 ,60.00 ,101.00 ,318.00 ,236.00 ,90.00 ,110.00 ,56.00 ,269.00 ,203.00 ,111.00 ,90.00 ,363.00 ,83.00 ,15.00 ,52.00 ,135.00 ,64.00 ,84.00 ,0.00 ,71.00 ,68.00 ,39.00 ,51.00 ,59.00 
2010-07,82.00 ,59.00 ,248.00 ,127.00 ,141.00 ,145.00 ,47.00 ,59.00 ,129.00 ,371.00 ,276.00 ,104.00 ,123.00 ,67.00 ,299.00 ,219.00 ,122.00 ,112.00 ,416.00 ,89.00 ,16.00 ,57.00 ,130.00 ,71.00 ,88.00 ,0.00 ,73.00 ,70.00 ,40.00 ,51.00 ,63.00 
2010-08,74.02 ,58.48 ,239.10 ,123.87 ,130.22 ,144.04 ,47.37 ,58.91 ,146.32 ,391.13 ,290.50 ,114.45 ,132.98 ,73.52 ,297.04 ,214.76 ,134.10 ,116.85 ,416.59 ,91.44 ,14.55 ,61.46 ,134.37 ,74.71 ,96.56 ,0.00 ,73.38 ,69.63 ,39.63 ,49.73 ,64.85 
2010-09,60.92 ,52.86 ,204.66 ,112.76 ,125.27 ,142.00 ,46.62 ,57.59 ,118.32 ,323.98 ,244.72 ,90.79 ,126.29 ,60.30 ,266.66 ,162.01 ,114.35 ,98.16 ,381.35 ,78.95 ,14.03 ,51.62 ,137.63 ,66.44 ,90.22 ,0.00 ,67.30 ,66.01 ,37.62 ,43.20 ,55.69 
2010-10,58.00 ,51.00 ,201.00 ,118.00 ,124.00 ,147.00 ,49.00 ,63.00 ,97.00 ,307.00 ,223.00 ,78.00 ,113.00 ,56.00 ,273.00 ,181.00 ,111.00 ,97.00 ,344.00 ,73.00 ,12.00 ,55.00 ,136.00 ,69.00 ,85.00 ,0.00 ,67.00 ,66.00 ,42.00 ,41.00 ,61.00 
2010-11,69.32 ,55.30 ,220.01 ,114.66 ,153.06 ,154.78 ,53.21 ,66.65 ,97.19 ,315.11 ,227.03 ,80.80 ,111.11 ,58.27 ,267.13 ,189.05 ,113.20 ,95.56 ,310.42 ,69.99 ,12.35 ,55.54 ,140.36 ,77.03 ,84.01 ,0.00 ,73.62 ,70.79 ,38.05 ,34.02 ,52.86 
2010-12,80.26 ,61.74 ,246.48 ,131.83 ,111.56 ,145.53 ,53.57 ,74.17 ,111.19 ,348.93 ,246.80 ,98.75 ,109.99 ,61.11 ,285.58 ,200.57 ,119.05 ,102.09 ,324.85 ,109.56 ,14.13 ,53.53 ,124.72 ,82.15 ,90.99 ,0.00 ,78.17 ,74.11 ,38.88 ,33.86 ,64.70 
2011-01,81.00 ,61.00 ,241.00 ,137.00 ,149.00 ,163.00 ,57.00 ,72.00 ,125.00 ,358.00 ,251.00 ,108.00 ,125.00 ,73.00 ,311.00 ,213.00 ,124.00 ,116.00 ,312.00 ,94.00 ,14.00 ,60.00 ,148.00 ,78.00 ,95.00 ,0.00 ,90.00 ,76.00 ,43.00 ,52.00 ,63.00 
2011-02,61.00 ,48.00 ,204.00 ,120.00 ,130.00 ,136.00 ,47.00 ,60.00 ,94.00 ,272.00 ,176.00 ,82.00 ,98.00 ,55.00 ,257.00 ,186.00 ,98.00 ,89.00 ,232.00 ,75.00 ,11.00 ,46.00 ,132.00 ,63.00 ,79.00 ,0.00 ,76.00 ,67.00 ,39.00 ,53.00 ,49.00 
2011-03,67.00 ,59.00 ,253.00 ,144.00 ,145.00 ,163.00 ,54.00 ,68.00 ,111.00 ,364.00 ,267.00 ,100.00 ,112.00 ,68.00 ,329.00 ,221.00 ,118.00 ,109.00 ,344.00 ,91.00 ,14.00 ,58.00 ,132.00 ,84.00 ,92.00 ,0.00 ,86.00 ,76.00 ,45.00 ,56.00 ,57.00 
2011-04,55.00 ,52.00 ,250.00 ,135.00 ,155.00 ,150.00 ,49.00 ,63.00 ,99.00 ,344.00 ,254.00 ,96.00 ,128.00 ,65.00 ,302.00 ,213.00 ,114.00 ,100.00 ,349.00 ,85.00 ,15.00 ,52.00 ,144.00 ,75.00 ,91.00 ,0.00 ,79.00 ,78.00 ,44.00 ,58.00 ,74.00 
2011-05,58.00 ,53.00 ,253.00 ,137.00 ,158.00 ,154.00 ,51.00 ,65.00 ,103.00 ,359.00 ,260.00 ,98.00 ,120.00 ,66.00 ,303.00 ,221.00 ,121.00 ,97.00 ,378.00 ,92.00 ,17.00 ,57.00 ,140.00 ,77.00 ,91.00 ,0.00 ,79.00 ,80.00 ,47.00 ,60.00 ,69.00 
2011-06,68.00 ,56.00 ,258.00 ,139.00 ,156.00 ,150.00 ,51.00 ,64.00 ,107.00 ,356.00 ,259.00 ,99.00 ,138.00 ,66.00 ,302.00 ,231.00 ,119.00 ,104.00 ,404.00 ,97.00 ,17.00 ,61.00 ,147.00 ,76.00 ,93.00 ,0.00 ,81.00 ,78.00 ,47.00 ,61.00 ,79.00 
2011-07,79.00 ,65.00 ,270.00 ,137.00 ,169.00 ,159.00 ,53.00 ,67.00 ,143.00 ,411.00 ,313.00 ,117.00 ,138.00 ,79.00 ,324.00 ,256.00 ,145.00 ,122.00 ,434.00 ,100.00 ,18.00 ,67.00 ,151.00 ,81.00 ,102.00 ,0.00 ,86.00 ,78.00 ,48.00 ,63.00 ,75.00 
2011-08,78.00 ,65.00 ,265.00 ,137.00 ,174.00 ,160.00 ,54.00 ,66.00 ,134.00 ,405.00 ,305.00 ,115.00 ,151.00 ,81.00 ,320.00 ,239.00 ,134.00 ,119.00 ,457.00 ,99.00 ,18.00 ,70.00 ,158.00 ,72.00 ,111.00 ,0.00 ,83.00 ,79.00 ,48.00 ,66.00 ,82.00 
2011-09,60.00 ,57.00 ,241.00 ,135.00 ,147.00 ,151.00 ,51.00 ,63.00 ,111.00 ,362.00 ,271.00 ,100.00 ,139.00 ,72.00 ,292.00 ,210.00 ,122.00 ,101.00 ,409.00 ,96.00 ,12.00 ,63.00 ,157.00 ,72.00 ,102.00 ,0.00 ,75.00 ,74.00 ,48.00 ,63.00 ,60.00 
2011-10,58.00 ,54.00 ,238.00 ,143.00 ,133.00 ,152.00 ,52.00 ,66.00 ,98.00 ,341.00 ,248.00 ,96.00 ,122.00 ,67.00 ,293.00 ,207.00 ,115.00 ,100.00 ,365.00 ,81.00 ,15.00 ,65.00 ,146.00 ,79.00 ,100.00 ,0.00 ,76.00 ,78.00 ,52.00 ,64.00 ,91.00 
2011-11,71.00 ,59.00 ,243.00 ,140.00 ,161.00 ,157.00 ,55.00 ,71.00 ,99.00 ,339.00 ,242.00 ,96.00 ,123.00 ,65.00 ,295.00 ,216.00 ,113.00 ,105.00 ,354.00 ,78.00 ,15.00 ,59.00 ,153.00 ,86.00 ,108.00 ,0.00 ,79.00 ,79.00 ,50.00 ,61.00 ,63.00 
2011-12,84.71 ,66.15 ,267.90 ,145.41 ,125.07 ,166.53 ,57.15 ,76.87 ,117.62 ,369.62 ,270.91 ,113.19 ,122.86 ,77.10 ,315.26 ,247.14 ,126.76 ,130.44 ,362.02 ,124.21 ,15.28 ,59.03 ,143.44 ,98.13 ,117.07 ,0.00 ,93.47 ,78.45 ,49.68 ,65.54 ,77.00 
2012-01,77.00 ,56.00 ,232.00 ,153.00 ,160.00 ,152.00 ,54.00 ,72.00 ,107.00 ,313.00 ,193.00 ,106.00 ,108.00 ,64.00 ,283.00 ,225.00 ,117.00 ,110.00 ,256.00 ,80.00 ,14.00 ,56.00 ,141.00 ,82.00 ,76.00 ,0.00 ,88.00 ,73.00 ,49.00 ,61.00 ,73.00 
2012-02,76.00 ,58.00 ,242.00 ,141.00 ,147.00 ,150.00 ,54.00 ,69.00 ,116.00 ,367.00 ,247.00 ,105.00 ,122.00 ,68.00 ,312.00 ,227.00 ,121.00 ,114.00 ,316.00 ,86.00 ,14.00 ,58.00 ,142.00 ,81.00 ,96.00 ,0.00 ,89.00 ,74.00 ,45.00 ,57.00 ,71.00 
2012-03,74.00 ,62.00 ,269.00 ,152.00 ,154.00 ,167.00 ,56.00 ,72.00 ,115.00 ,399.00 ,281.00 ,110.00 ,121.00 ,70.00 ,340.00 ,240.00 ,128.00 ,115.00 ,370.00 ,96.00 ,16.00 ,61.00 ,150.00 ,93.00 ,96.00 ,0.00 ,91.00 ,77.00 ,49.00 ,61.00 ,75.00 
2012-04,58.23 ,54.19 ,254.91 ,135.62 ,169.63 ,153.08 ,50.45 ,65.84 ,96.77 ,357.75 ,256.80 ,101.56 ,130.42 ,66.53 ,308.19 ,212.97 ,113.66 ,99.42 ,366.29 ,86.23 ,17.44 ,54.01 ,148.60 ,84.30 ,95.68 ,0.00 ,83.19 ,79.76 ,48.76 ,64.83 ,83.61 
2012-05,64.17 ,56.56 ,266.51 ,145.15 ,173.00 ,155.09 ,51.76 ,68.38 ,102.19 ,374.41 ,260.83 ,105.77 ,124.08 ,65.11 ,322.53 ,221.26 ,117.13 ,103.00 ,415.35 ,93.74 ,18.99 ,57.42 ,146.85 ,81.46 ,104.42 ,0.00 ,81.80 ,81.10 ,50.79 ,65.61 ,86.30 
2012-06,68.53 ,57.63 ,263.85 ,146.56 ,171.40 ,150.88 ,48.98 ,66.33 ,106.67 ,378.45 ,257.59 ,111.91 ,138.39 ,69.06 ,311.20 ,229.39 ,127.13 ,108.99 ,419.86 ,101.52 ,19.26 ,61.30 ,152.03 ,80.93 ,100.72 ,0.00 ,89.95 ,85.77 ,49.53 ,64.17 ,97.70 
2012-07,83.40 ,64.49 ,265.96 ,148.41 ,182.38 ,160.41 ,51.23 ,67.77 ,142.89 ,443.52 ,323.99 ,138.52 ,146.57 ,81.85 ,334.52 ,256.48 ,149.50 ,127.92 ,453.01 ,101.35 ,19.31 ,63.61 ,155.50 ,84.83 ,115.74 ,0.00 ,89.48 ,87.13 ,49.77 ,62.98 ,103.18 
2012-08,79.32 ,65.28 ,252.89 ,145.31 ,187.75 ,155.32 ,52.07 ,65.28 ,139.66 ,429.83 ,310.69 ,128.97 ,151.74 ,82.47 ,326.87 ,237.42 ,138.95 ,120.09 ,467.80 ,101.65 ,19.21 ,70.66 ,168.57 ,81.79 ,123.89 ,0.00 ,90.27 ,84.99 ,50.99 ,62.55 ,102.42 
2012-09,62.88 ,58.93 ,235.15 ,135.51 ,170.79 ,149.36 ,49.27 ,62.05 ,107.60 ,366.90 ,269.69 ,107.61 ,146.89 ,72.90 ,295.16 ,206.97 ,117.28 ,102.87 ,427.84 ,99.26 ,17.99 ,62.16 ,161.21 ,79.88 ,123.63 ,0.00 ,80.75 ,80.82 ,49.19 ,56.65 ,93.48 
2012-10,60.57 ,56.04 ,243.48 ,142.92 ,172.41 ,156.21 ,50.66 ,67.74 ,97.68 ,359.98 ,259.79 ,105.62 ,129.19 ,70.67 ,304.87 ,209.07 ,117.41 ,103.28 ,387.41 ,92.15 ,17.93 ,58.18 ,152.11 ,86.36 ,120.44 ,0.00 ,84.57 ,84.67 ,53.13 ,60.29 ,93.23 
2012-11,77.00 ,63.00 ,263.00 ,151.00 ,169.00 ,168.00 ,57.00 ,72.00 ,101.00 ,371.00 ,261.00 ,111.00 ,132.00 ,71.00 ,317.00 ,222.00 ,117.00 ,108.00 ,365.00 ,86.00 ,18.00 ,60.00 ,157.00 ,96.00 ,130.00 ,0.00 ,94.00 ,92.00 ,52.00 ,62.00 ,97.00 
2012-12,93.28 ,70.48 ,288.99 ,169.79 ,159.76 ,182.88 ,61.00 ,79.91 ,121.45 ,418.90 ,289.55 ,129.10 ,129.50 ,85.67 ,338.55 ,260.75 ,144.85 ,133.51 ,374.41 ,130.85 ,17.85 ,64.76 ,155.70 ,113.72 ,121.86 ,0.00 ,104.75 ,93.56 ,55.22 ,63.79 ,5.19 
2013-01,95.24 ,69.81 ,279.80 ,164.36 ,175.45 ,176.72 ,61.31 ,80.79 ,128.03 ,417.46 ,288.88 ,132.53 ,134.75 ,80.38 ,361.07 ,265.16 ,138.38 ,127.69 ,356.26 ,108.40 ,18.01 ,68.69 ,170.64 ,98.85 ,110.11 ,0.00 ,104.17 ,89.77 ,56.33 ,66.21 ,93.54 
2013-02,71.80 ,51.11 ,214.09 ,130.47 ,155.76 ,143.35 ,51.69 ,66.02 ,92.26 ,280.54 ,156.91 ,97.58 ,105.51 ,57.02 ,267.98 ,199.86 ,104.05 ,98.22 ,222.73 ,89.03 ,13.78 ,51.14 ,139.61 ,69.88 ,86.22 ,0.00 ,83.90 ,80.40 ,48.79 ,59.35 ,84.57 
2013-03,74.46 ,64.99 ,272.91 ,151.14 ,174.70 ,172.36 ,56.76 ,73.94 ,109.57 ,403.68 ,276.61 ,114.70 ,122.95 ,70.44 ,345.14 ,230.02 ,124.92 ,108.10 ,380.93 ,99.13 ,18.19 ,61.10 ,148.61 ,93.62 ,107.51 ,0.00 ,90.89 ,82.93 ,54.90 ,64.93 ,90.90 
2013-04,65.10 ,60.36 ,275.18 ,148.60 ,176.01 ,163.69 ,53.19 ,67.65 ,99.47 ,382.55 ,280.07 ,112.06 ,139.03 ,71.33 ,324.04 ,219.88 ,118.16 ,104.00 ,381.46 ,89.15 ,18.79 ,61.62 ,152.76 ,90.56 ,111.24 ,0.00 ,87.68 ,86.75 ,54.92 ,64.17 ,105.74 
2013-05,68.11 ,59.79 ,277.25 ,149.85 ,185.26 ,161.78 ,51.21 ,67.32 ,105.69 ,395.18 ,282.60 ,116.03 ,133.82 ,72.87 ,329.21 ,221.64 ,123.35 ,107.17 ,430.36 ,94.59 ,21.61 ,61.07 ,152.30 ,88.20 ,108.26 ,0.00 ,87.59 ,88.52 ,55.60 ,66.30 ,106.24 
2013-06,71.35 ,61.11 ,265.07 ,142.68 ,174.26 ,158.19 ,50.54 ,66.13 ,109.64 ,393.47 ,286.12 ,120.46 ,152.48 ,78.82 ,323.96 ,233.97 ,136.29 ,119.60 ,451.90 ,103.14 ,21.29 ,66.63 ,164.63 ,84.65 ,120.81 ,0.00 ,95.64 ,89.19 ,54.46 ,66.11 ,121.16 
2013-07,88.50 ,68.62 ,280.12 ,145.53 ,177.80 ,169.43 ,51.53 ,66.91 ,158.43 ,503.50 ,362.06 ,157.28 ,157.03 ,90.67 ,360.44 ,273.54 ,167.92 ,147.42 ,479.62 ,106.46 ,21.09 ,86.38 ,165.92 ,96.42 ,129.66 ,0.00 ,97.67 ,90.27 ,56.75 ,68.35 ,124.25 
2013-08,90.89 ,75.28 ,295.45 ,155.77 ,188.85 ,172.75 ,52.12 ,66.12 ,160.56 ,518.37 ,358.03 ,167.89 ,166.95 ,95.58 ,385.72 ,288.95 ,169.57 ,143.88 ,478.66 ,109.50 ,20.48 ,84.05 ,181.87 ,90.06 ,134.48 ,0.00 ,102.12 ,90.88 ,57.69 ,69.98 ,130.47 
2013-09,65.80 ,63.48 ,262.16 ,152.64 ,185.71 ,161.55 ,51.42 ,64.80 ,116.13 ,412.46 ,301.30 ,123.36 ,156.37 ,83.56 ,329.74 ,226.57 ,133.83 ,111.11 ,444.14 ,104.75 ,19.40 ,63.51 ,172.13 ,87.23 ,132.47 ,0.00 ,93.37 ,87.58 ,58.03 ,68.27 ,115.54 
2013-10,64.18 ,59.88 ,265.08 ,152.54 ,197.13 ,167.01 ,53.45 ,71.43 ,102.22 ,395.69 ,279.34 ,121.11 ,139.85 ,75.28 ,335.96 ,230.09 ,130.34 ,112.02 ,414.83 ,100.28 ,19.98 ,68.87 ,161.77 ,94.11 ,131.93 ,0.00 ,95.33 ,91.00 ,59.71 ,70.82 ,113.87 
2013-11,77.50 ,66.40 ,275.08 ,163.57 ,193.49 ,175.07 ,56.41 ,73.56 ,104.03 ,403.73 ,283.87 ,123.24 ,144.50 ,76.35 ,339.79 ,235.13 ,129.15 ,113.14 ,391.41 ,94.39 ,18.57 ,67.91 ,169.95 ,101.07 ,144.66 ,0.00 ,102.24 ,99.46 ,58.74 ,72.96 ,129.62 
2013-12,90.10 ,73.66 ,288.95 ,175.20 ,197.95 ,186.58 ,64.22 ,80.53 ,124.58 ,449.98 ,297.25 ,141.85 ,147.50 ,95.00 ,380.08 ,274.38 ,153.81 ,130.72 ,397.83 ,138.18 ,19.37 ,72.52 ,168.76 ,124.00 ,141.76 ,0.00 ,111.60 ,96.51 ,60.36 ,73.72 ,125.63 
2014-01,85.68 ,64.89 ,268.50 ,160.16 ,192.76 ,174.90 ,59.65 ,79.05 ,117.41 ,394.23 ,248.64 ,130.99 ,135.68 ,80.72 ,327.84 ,253.75 ,135.52 ,122.37 ,323.30 ,109.85 ,18.14 ,71.82 ,172.03 ,99.72 ,134.41 ,0.00 ,106.02 ,90.91 ,62.09 ,73.59 ,113.44 
2014-02,73.14 ,58.59 ,231.00 ,138.63 ,172.10 ,151.09 ,53.09 ,68.15 ,104.43 ,346.20 ,206.30 ,116.35 ,117.16 ,68.78 ,301.80 ,226.43 ,122.53 ,109.67 ,289.43 ,97.07 ,15.64 ,58.89 ,144.11 ,81.82 ,78.35 ,0.00 ,93.42 ,82.06 ,57.00 ,67.55 ,104.23 
2014-03,75.00 ,65.00 ,284.00 ,158.00 ,186.00 ,177.00 ,59.00 ,74.00 ,114.00 ,430.00 ,301.00 ,128.00 ,139.00 ,80.00 ,361.00 ,249.00 ,135.00 ,117.00 ,410.00 ,107.00 ,20.00 ,69.00 ,158.00 ,105.00 ,119.00 ,0.00 ,101.00 ,85.00 ,60.00 ,66.00 ,111.00 
2014-04,63.00 ,61.00 ,268.00 ,145.00 ,190.00 ,165.00 ,52.00 ,69.00 ,101.00 ,403.00 ,292.00 ,121.00 ,150.00 ,79.00 ,345.00 ,225.00 ,127.00 ,107.00 ,412.00 ,94.00 ,21.00 ,68.00 ,162.00 ,91.00 ,119.00 ,0.00 ,93.00 ,84.00 ,58.00 ,66.00 ,125.00 
2014-05,70.00 ,60.00 ,277.00 ,148.00 ,207.00 ,169.00 ,53.00 ,68.00 ,108.00 ,420.00 ,288.00 ,128.00 ,146.00 ,79.00 ,350.00 ,234.00 ,132.00 ,109.00 ,455.00 ,100.00 ,24.00 ,67.00 ,158.00 ,94.00 ,114.00 ,0.00 ,93.00 ,85.00 ,60.00 ,69.00 ,128.00 
2014-06,77.00 ,64.00 ,283.00 ,149.00 ,193.00 ,165.00 ,52.00 ,67.00 ,109.00 ,416.00 ,292.00 ,130.00 ,164.00 ,86.00 ,342.00 ,248.00 ,140.00 ,116.00 ,495.00 ,109.00 ,24.00 ,71.00 ,167.00 ,95.00 ,124.00 ,0.00 ,101.00 ,92.00 ,58.00 ,69.00 ,138.00 
2014-07,95.00 ,75.00 ,309.00 ,158.00 ,199.00 ,178.00 ,54.00 ,68.00 ,137.00 ,476.00 ,339.00 ,151.00 ,176.00 ,93.00 ,383.00 ,283.00 ,157.00 ,133.00 ,545.00 ,114.00 ,22.00 ,86.00 ,171.00 ,89.00 ,133.00 ,0.00 ,112.00 ,94.00 ,60.00 ,70.00 ,137.00 
2014-08,88.00 ,76.00 ,302.00 ,152.00 ,213.00 ,178.00 ,56.00 ,68.00 ,131.00 ,447.00 ,338.00 ,143.00 ,182.00 ,92.00 ,374.00 ,258.00 ,150.00 ,127.00 ,531.00 ,115.00 ,23.00 ,84.00 ,190.00 ,94.00 ,136.00 ,0.00 ,108.00 ,95.00 ,61.00 ,73.00 ,141.00 
2014-09,71.90 ,65.05 ,257.64 ,140.07 ,207.92 ,161.19 ,53.09 ,64.25 ,113.14 ,408.71 ,299.32 ,126.14 ,178.15 ,86.10 ,331.82 ,217.23 ,134.29 ,118.68 ,499.79 ,110.45 ,20.96 ,67.49 ,174.42 ,91.04 ,135.22 ,0.00 ,95.03 ,90.37 ,59.00 ,70.51 ,120.76 
2014-10,65.59 ,61.59 ,263.67 ,148.22 ,219.19 ,164.27 ,54.21 ,73.65 ,102.06 ,399.27 ,291.89 ,128.57 ,156.06 ,86.37 ,335.70 ,221.02 ,131.13 ,117.92 ,447.15 ,105.61 ,21.22 ,72.94 ,166.97 ,96.64 ,136.75 ,0.00 ,93.01 ,92.41 ,62.47 ,74.07 ,118.77 
2014-11,76.86 ,68.28 ,269.77 ,155.53 ,215.53 ,171.21 ,59.27 ,76.21 ,102.83 ,411.81 ,293.14 ,131.23 ,154.73 ,84.73 ,362.42 ,233.10 ,132.78 ,115.59 ,409.84 ,100.12 ,20.12 ,71.55 ,174.64 ,104.93 ,151.20 ,0.00 ,104.41 ,102.65 ,60.91 ,75.04 ,141.85 
2014-12,95.06 ,76.18 ,299.33 ,170.48 ,220.71 ,184.61 ,62.64 ,83.02 ,130.02 ,460.49 ,316.41 ,150.08 ,158.14 ,104.52 ,407.31 ,271.69 ,159.17 ,136.87 ,418.22 ,146.10 ,19.59 ,76.79 ,176.43 ,132.35 ,138.86 ,34.00 ,126.66 ,102.69 ,63.92 ,75.90 ,118.71 
2015-01,92.53 ,69.14 ,277.70 ,162.45 ,202.72 ,178.65 ,60.77 ,80.86 ,130.13 ,458.68 ,315.17 ,148.65 ,154.67 ,93.33 ,368.56 ,264.24 ,146.91 ,133.77 ,400.41 ,113.33 ,20.61 ,80.84 ,179.48 ,106.08 ,133.97 ,3.71 ,117.46 ,97.67 ,57.72 ,74.40 ,133.97 
2015-02,71.36 ,55.29 ,204.45 ,126.18 ,182.65 ,144.51 ,51.60 ,67.09 ,98.40 ,307.24 ,176.52 ,114.11 ,111.96 ,68.28 ,277.93 ,203.14 ,112.61 ,106.25 ,240.14 ,94.93 ,16.94 ,59.83 ,149.65 ,80.34 ,71.90 ,3.11 ,81.55 ,87.04 ,53.58 ,65.11 ,111.38 
2015-03,75.14 ,66.63 ,266.21 ,140.94 ,199.04 ,166.95 ,54.66 ,72.99 ,116.83 ,438.56 ,282.04 ,129.33 ,136.11 ,83.50 ,361.67 ,233.34 ,129.74 ,115.86 ,393.77 ,107.57 ,20.04 ,71.52 ,139.20 ,105.74 ,103.13 ,2.95 ,101.48 ,86.97 ,53.16 ,73.17 ,119.50 
2015-04,65.55 ,63.15 ,259.99 ,138.01 ,199.43 ,159.26 ,51.23 ,68.33 ,104.48 ,411.40 ,301.55 ,126.28 ,154.79 ,87.27 ,342.09 ,220.89 ,128.97 ,110.96 ,427.20 ,96.61 ,21.63 ,72.06 ,156.10 ,90.34 ,111.78 ,3.37 ,92.58 ,92.43 ,56.19 ,70.44 ,130.99 
2015-05,70.24 ,61.43 ,265.08 ,143.42 ,217.03 ,163.06 ,52.65 ,69.20 ,107.90 ,420.47 ,296.19 ,132.88 ,151.97 ,85.96 ,352.81 ,229.43 ,131.90 ,108.23 ,479.06 ,105.36 ,25.73 ,69.04 ,162.40 ,98.19 ,109.57 ,3.26 ,96.58 ,95.22 ,58.59 ,74.09 ,130.29 
2015-06,77.31 ,65.32 ,273.06 ,143.04 ,203.17 ,160.61 ,52.24 ,67.31 ,113.99 ,417.38 ,304.95 ,131.13 ,172.37 ,92.83 ,351.12 ,235.86 ,137.75 ,123.63 ,519.91 ,112.90 ,25.03 ,72.68 ,171.79 ,95.46 ,125.01 ,3.15 ,99.20 ,95.61 ,59.18 ,72.19 ,147.87 
2015-07,89.17 ,73.79 ,290.72 ,149.69 ,210.12 ,171.76 ,53.80 ,70.14 ,134.10 ,463.11 ,331.52 ,147.89 ,172.44 ,97.94 ,385.50 ,269.53 ,153.86 ,128.88 ,533.67 ,119.43 ,24.66 ,85.23 ,176.34 ,91.96 ,131.02 ,3.31 ,110.65 ,94.17 ,52.78 ,73.76 ,143.42 
2015-08,91.26 ,76.44 ,283.02 ,147.38 ,226.29 ,173.53 ,52.30 ,69.71 ,142.37 ,481.24 ,346.85 ,155.84 ,175.59 ,97.03 ,387.04 ,270.75 ,164.48 ,133.51 ,539.72 ,114.80 ,25.55 ,83.09 ,188.47 ,93.39 ,123.34 ,3.34 ,106.68 ,95.92 ,53.14 ,73.50 ,148.27 
2015-09,68.29 ,64.27 ,237.31 ,137.67 ,218.87 ,159.71 ,50.99 ,65.62 ,114.84 ,418.24 ,296.84 ,135.47 ,162.21 ,91.19 ,334.50 ,223.18 ,136.36 ,119.23 ,486.65 ,112.19 ,23.93 ,67.31 ,172.55 ,92.25 ,123.18 ,3.26 ,95.40 ,88.36 ,52.39 ,74.05 ,137.13 
2015-10,67.12 ,60.87 ,256.52 ,140.88 ,229.40 ,160.48 ,52.69 ,74.93 ,104.72 ,411.22 ,288.46 ,129.30 ,149.12 ,90.29 ,337.35 ,224.36 ,130.80 ,113.30 ,441.87 ,104.15 ,22.65 ,70.54 ,160.06 ,93.53 ,130.04 ,3.38 ,96.72 ,86.25 ,52.23 ,74.25 ,133.94 
2015-11,88.42 ,68.75 ,271.49 ,150.52 ,224.66 ,170.72 ,57.98 ,80.06 ,108.56 ,422.14 ,301.63 ,135.33 ,159.03 ,90.13 ,355.52 ,241.07 ,136.98 ,115.07 ,424.25 ,103.06 ,22.26 ,68.77 ,168.35 ,105.37 ,129.48 ,3.76 ,107.60 ,91.71 ,53.64 ,75.02 ,126.30 
2015-12,97.51 ,75.53 ,290.10 ,157.03 ,229.49 ,175.66 ,61.06 ,82.74 ,129.24 ,465.01 ,312.19 ,153.57 ,151.59 ,109.52 ,389.09 ,263.81 ,154.80 ,138.94 ,424.05 ,149.99 ,21.82 ,74.46 ,168.00 ,121.55 ,126.16 ,3.94 ,119.58 ,87.36 ,55.38 ,78.34 ,139.25 
2016-01,101.09 ,69.99 ,272.41 ,155.24 ,209.00 ,178.39 ,61.80 ,82.77 ,138.39 ,473.99 ,309.96 ,160.72 ,147.71 ,99.85 ,414.76 ,282.91 ,159.28 ,139.65 ,397.72 ,111.89 ,21.23 ,79.68 ,175.40 ,105.41 ,132.39 ,4.31 ,119.16 ,87.53 ,51.05 ,61.41 ,145.65 
2016-02,76.75 ,57.50 ,213.52 ,128.99 ,188.28 ,148.74 ,52.46 ,70.31 ,103.47 ,335.47 ,193.21 ,121.15 ,116.52 ,75.03 ,333.73 ,214.53 ,115.86 ,108.77 ,270.27 ,95.40 ,17.43 ,60.79 ,146.32 ,83.18 ,72.45 ,3.25 ,97.78 ,81.40 ,45.12 ,59.21 ,124.65 
2016-03,78.44 ,66.13 ,276.41 ,144.37 ,206.11 ,166.86 ,55.32 ,74.37 ,117.93 ,449.89 ,321.17 ,140.60 ,154.17 ,92.97 ,477.77 ,240.38 ,136.81 ,114.77 ,430.63 ,109.69 ,21.48 ,71.44 ,152.02 ,107.22 ,106.03 ,3.83 ,106.19 ,81.08 ,49.31 ,70.83 ,137.57 
2016-04,67.94 ,62.61 ,265.62 ,137.93 ,205.87 ,157.48 ,51.90 ,69.96 ,103.88 ,421.85 ,312.50 ,132.76 ,157.14 ,92.12 ,427.64 ,224.32 ,130.68 ,108.29 ,433.51 ,96.51 ,22.90 ,69.87 ,159.09 ,92.40 ,102.68 ,4.01 ,99.19 ,83.17 ,50.92 ,74.20 ,150.01 
2016-05,71.29 ,60.65 ,268.08 ,142.86 ,223.14 ,161.15 ,51.24 ,69.62 ,109.32 ,432.71 ,307.45 ,136.30 ,165.10 ,91.16 ,441.55 ,230.72 ,135.08 ,107.24 ,492.84 ,106.49 ,26.82 ,69.84 ,160.79 ,98.30 ,104.99 ,3.85 ,98.94 ,85.62 ,53.58 ,73.28 ,150.52 
2016-06,80.78 ,65.07 ,269.78 ,143.58 ,216.16 ,162.13 ,50.86 ,67.09 ,117.03 ,439.53 ,321.06 ,139.22 ,177.97 ,99.36 ,444.22 ,248.92 ,142.28 ,120.00 ,538.87 ,114.19 ,27.44 ,74.11 ,176.54 ,100.30 ,107.05 ,3.82 ,106.79 ,85.15 ,54.22 ,73.01 ,158.71 
2016-07,98.69 ,74.12 ,289.32 ,152.53 ,220.43 ,173.75 ,54.71 ,73.27 ,160.08 ,527.66 ,398.64 ,172.83 ,192.83 ,108.25 ,490.38 ,283.02 ,174.08 ,145.10 ,583.13 ,120.94 ,28.33 ,88.31 ,189.70 ,95.63 ,122.94 ,3.78 ,118.64 ,90.38 ,51.22 ,74.63 ,166.02 
2016-08,100.44 ,77.33 ,299.31 ,158.51 ,216.34 ,178.62 ,56.46 ,73.22 ,163.56 ,549.61 ,394.67 ,185.87 ,195.69 ,116.14 ,497.38 ,275.57 ,185.98 ,148.13 ,559.35 ,117.07 ,25.83 ,92.42 ,208.31 ,104.35 ,130.84 ,4.02 ,129.87 ,92.92 ,55.85 ,74.41 ,163.04 
2016-09,76.13 ,65.50 ,264.99 ,144.95 ,219.84 ,164.72 ,51.19 ,67.41 ,121.53 ,450.05 ,301.83 ,149.68 ,172.45 ,99.71 ,449.95 ,240.21 ,149.26 ,121.96 ,523.27 ,114.62 ,25.24 ,80.63 ,192.84 ,103.84 ,137.19 ,4.33 ,105.36 ,88.59 ,54.85 ,75.84 ,147.26 
2016-10,72.01 ,61.61 ,271.10 ,151.68 ,223.34 ,170.16 ,56.30 ,78.16 ,111.21 ,435.74 ,325.15 ,140.12 ,161.38 ,95.84 ,444.23 ,231.21 ,138.13 ,115.48 ,487.19 ,110.02 ,24.01 ,76.46 ,171.15 ,102.49 ,141.20 ,4.19 ,106.73 ,92.57 ,55.72 ,82.24 ,153.08 
2016-11,93.57 ,69.98 ,285.72 ,165.76 ,228.00 ,183.40 ,61.58 ,84.04 ,113.10 ,456.18 ,335.54 ,149.12 ,164.05 ,99.05 ,469.26 ,243.62 ,140.96 ,123.19 ,451.46 ,106.95 ,23.15 ,74.22 ,183.53 ,113.90 ,135.67 ,4.93 ,119.36 ,100.24 ,57.58 ,83.95 ,150.64 
2016-12,103.09 ,77.45 ,288.27 ,170.78 ,231.24 ,192.00 ,63.81 ,86.41 ,126.53 ,486.27 ,352.02 ,166.61 ,163.57 ,113.02 ,499.88 ,273.75 ,154.69 ,143.07 ,441.88 ,154.30 ,23.42 ,81.05 ,185.33 ,134.33 ,117.64 ,4.91 ,130.64 ,96.49 ,58.11 ,83.90 ,146.71 
2017-01,100.05 ,66.50 ,271.37 ,160.78 ,231.28 ,181.82 ,62.21 ,83.19 ,123.56 ,429.19 ,265.78 ,157.09 ,147.10 ,99.04 ,436.30 ,262.56 ,148.37 ,132.33 ,342.98 ,112.79 ,21.42 ,78.19 ,176.11 ,110.75 ,136.63 ,4.80 ,145.20 ,97.12 ,57.89 ,74.83 ,150.15 
2017-02,82.72 ,64.90 ,251.60 ,147.88 ,208.56 ,162.96 ,55.89 ,72.44 ,114.20 ,404.35 ,264.13 ,139.79 ,145.22 ,91.37 ,434.43 ,237.88 ,133.31 ,121.21 ,348.37 ,101.29 ,19.52 ,65.96 ,159.09 ,96.95 ,76.28 ,4.53 ,131.51 ,83.87 ,51.57 ,65.89 ,150.58 
2017-03,84.46 ,69.25 ,291.49 ,167.51 ,235.97 ,178.86 ,60.06 ,77.54 ,122.59 ,471.07 ,347.52 ,152.97 ,164.61 ,101.38 ,475.05 ,269.65 ,145.39 ,127.04 ,463.83 ,112.64 ,23.73 ,76.58 ,166.83 ,119.58 ,117.51 ,4.60 ,123.57 ,90.61 ,52.33 ,80.77 ,163.81 
2017-04,67.26 ,65.49 ,269.91 ,160.56 ,229.84 ,159.60 ,53.97 ,72.70 ,105.48 ,433.97 ,333.51 ,140.18 ,158.57 ,99.12 ,448.62 ,233.67 ,137.34 ,117.41 ,454.52 ,102.41 ,23.73 ,73.89 ,170.50 ,109.55 ,113.75 ,5.03 ,111.81 ,91.46 ,57.79 ,80.21 ,165.35 
2017-05,78.15 ,59.03 ,280.89 ,147.27 ,243.29 ,155.68 ,53.79 ,74.42 ,109.33 ,453.08 ,329.68 ,142.22 ,162.27 ,100.09 ,462.62 ,247.88 ,143.08 ,108.26 ,500.16 ,110.50 ,27.13 ,73.95 ,170.44 ,104.39 ,114.61 ,4.73 ,112.28 ,94.11 ,55.73 ,83.44 ,165.01 
2017-06,85.90 ,66.05 ,293.06 ,156.66 ,238.44 ,168.73 ,54.33 ,71.96 ,118.66 ,472.72 ,339.71 ,153.15 ,174.53 ,99.13 ,480.18 ,261.92 ,152.13 ,118.07 ,571.71 ,119.71 ,29.42 ,78.33 ,186.86 ,110.83 ,117.62 ,4.45 ,118.75 ,91.96 ,54.91 ,80.95 ,173.57 
2017-07,108.04 ,81.22 ,326.44 ,178.46 ,252.03 ,187.22 ,55.65 ,77.52 ,178.54 ,608.96 ,439.86 ,203.71 ,206.35 ,128.19 ,506.85 ,328.02 ,200.52 ,152.34 ,587.73 ,123.07 ,27.75 ,94.62 ,199.63 ,106.92 ,137.51 ,4.29 ,149.27 ,98.06 ,55.10 ,84.57 ,183.98 
2017-08,99.60 ,75.72 ,312.91 ,174.88 ,250.50 ,187.01 ,54.05 ,72.67 ,170.38 ,588.25 ,440.15 ,191.32 ,210.42 ,128.31 ,473.48 ,309.86 ,188.43 ,157.82 ,625.92 ,124.54 ,29.26 ,105.73 ,213.11 ,115.03 ,135.10 ,4.51 ,138.25 ,97.53 ,57.28 ,85.19 ,173.87 
2017-09,79.60 ,64.71 ,273.86 ,161.00 ,238.54 ,173.59 ,53.27 ,70.09 ,125.69 ,479.79 ,362.56 ,156.65 ,206.34 ,114.24 ,421.61 ,247.55 ,155.06 ,135.82 ,600.11 ,129.89 ,28.52 ,88.85 ,186.53 ,115.71 ,135.70 ,4.60 ,109.79 ,92.22 ,57.03 ,85.50 ,162.38 
2017-10,72.48 ,59.91 ,260.88 ,166.07 ,249.24 ,179.52 ,60.62 ,79.56 ,109.97 ,460.41 ,347.68 ,150.01 ,187.22 ,104.86 ,401.33 ,241.02 ,146.21 ,124.74 ,514.50 ,120.83 ,25.93 ,82.69 ,182.40 ,117.16 ,138.97 ,4.42 ,119.23 ,104.18 ,60.22 ,86.94 ,170.76 
2017-11,95.31 ,68.56 ,289.96 ,177.75 ,254.12 ,192.10 ,66.45 ,83.69 ,113.26 ,474.43 ,350.00 ,155.74 ,175.39 ,107.59 ,426.80 ,250.30 ,149.45 ,133.57 ,471.11 ,121.60 ,23.92 ,82.12 ,196.48 ,129.57 ,157.85 ,6.27 ,126.26 ,110.67 ,63.81 ,89.80 ,166.24 
2017-12,111.95 ,77.12 ,321.27 ,191.76 ,260.06 ,208.41 ,72.69 ,92.81 ,135.13 ,531.68 ,372.05 ,178.67 ,174.67 ,120.67 ,462.88 ,275.86 ,169.69 ,152.91 ,478.01 ,163.07 ,24.49 ,91.07 ,197.19 ,148.46 ,151.22 ,5.96 ,144.51 ,112.56 ,63.34 ,80.22 ,175.23 
2018-01,121.00 ,80.00 ,328.00 ,194.00 ,271.00 ,212.00 ,72.00 ,92.00 ,151.00 ,572.00 ,405.00 ,197.00 ,186.00 ,126.00 ,502.00 ,308.00 ,187.00 ,163.00 ,481.00 ,141.00 ,24.00 ,97.00 ,209.00 ,129.00 ,148.00 ,5.00 ,155.00 ,110.00 ,66.00 ,79.00 ,184.00 
2018-02,92.00 ,59.00 ,247.00 ,158.00 ,242.00 ,173.00 ,62.00 ,76.00 ,113.00 ,386.00 ,224.00 ,148.00 ,134.00 ,91.00 ,417.00 ,236.00 ,137.00 ,127.00 ,290.00 ,115.00 ,21.00 ,75.00 ,192.00 ,112.00 ,111.00 ,5.00 ,120.00 ,98.00 ,60.00 ,74.00 ,161.00 
2018-03,90.00 ,69.00 ,285.00 ,174.00 ,276.00 ,195.00 ,65.00 ,84.00 ,121.00 ,491.00 ,346.00 ,159.00 ,173.00 ,104.00 ,475.00 ,268.00 ,151.00 ,129.00 ,471.00 ,127.00 ,25.00 ,80.00 ,169.00 ,116.00 ,130.00 ,5.00 ,131.00 ,104.00 ,57.00 ,88.00 ,169.00 
2018-04,72.00 ,62.00 ,282.00 ,168.00 ,262.00 ,177.00 ,55.00 ,78.00 ,107.00 ,463.00 ,356.00 ,154.00 ,180.00 ,106.00 ,475.00 ,253.00 ,146.00 ,125.00 ,489.00 ,122.00 ,25.00 ,80.00 ,185.00 ,114.00 ,131.00 ,6.00 ,124.00 ,102.00 ,60.00 ,88.00 ,172.00 
2018-05,78.00 ,66.00 ,291.00 ,167.00 ,271.00 ,181.00 ,58.00 ,81.00 ,119.00 ,484.00 ,373.00 ,167.00 ,206.00 ,115.00 ,477.00 ,265.00 ,158.00 ,131.00 ,611.00 ,141.00 ,31.00 ,84.00 ,188.00 ,118.00 ,127.00 ,5.00 ,120.00 ,103.00 ,57.00 ,88.00 ,171.00 
2018-06,93.00 ,73.00 ,307.00 ,175.00 ,261.00 ,178.00 ,57.00 ,75.00 ,127.00 ,493.00 ,382.00 ,176.00 ,203.00 ,113.00 ,471.00 ,291.00 ,176.00 ,143.00 ,589.00 ,145.00 ,30.00 ,91.00 ,201.00 ,119.00 ,122.00 ,5.00 ,129.00 ,107.00 ,61.00 ,92.00 ,176.00 
2018-07,111.00 ,86.00 ,343.00 ,185.00 ,273.00 ,199.00 ,63.00 ,77.00 ,163.00 ,607.00 ,455.00 ,219.00 ,229.00 ,141.00 ,560.00 ,358.00 ,214.00 ,177.00 ,654.00 ,151.00 ,30.00 ,115.00 ,217.00 ,114.00 ,141.00 ,5.00 ,145.00 ,107.00 ,60.00 ,93.00 ,192.00 
2018-08,113.00 ,84.00 ,345.00 ,190.00 ,283.00 ,201.00 ,60.00 ,73.00 ,170.00 ,623.00 ,464.00 ,217.00 ,225.00 ,141.00 ,562.00 ,350.00 ,213.00 ,168.00 ,643.00 ,154.00 ,29.00 ,118.00 ,239.00 ,120.00 ,128.00 ,5.00 ,151.00 ,109.00 ,61.00 ,93.00 ,192.00 
2018-09,81.00 ,66.00 ,292.00 ,169.00 ,276.00 ,181.00 ,57.00 ,71.00 ,137.00 ,513.00 ,403.00 ,176.00 ,210.00 ,124.00 ,476.00 ,265.00 ,180.00 ,143.00 ,574.00 ,151.00 ,29.00 ,98.00 ,241.00 ,118.00 ,157.00 ,6.00 ,118.00 ,104.00 ,61.00 ,91.00 ,175.00 
2018-10,74.00 ,64.00 ,296.00 ,179.00 ,297.00 ,187.00 ,61.00 ,82.00 ,110.00 ,470.00 ,363.00 ,164.00 ,186.00 ,114.00 ,460.00 ,257.00 ,158.00 ,129.00 ,516.00 ,140.00 ,28.00 ,87.00 ,200.00 ,124.00 ,155.00 ,7.00 ,126.00 ,111.00 ,65.00 ,91.00 ,179.00 
2018-11,94.00 ,71.00 ,311.00 ,189.00 ,297.00 ,198.00 ,67.00 ,86.00 ,110.00 ,474.00 ,360.00 ,163.00 ,193.00 ,116.00 ,502.00 ,258.00 ,158.00 ,140.00 ,498.00 ,144.00 ,27.00 ,90.00 ,206.00 ,136.00 ,160.00 ,7.00 ,130.00 ,119.00 ,66.00 ,94.00 ,181.00 
2018-12,124.00 ,82.00 ,339.00 ,212.00 ,313.00 ,220.00 ,74.00 ,99.00 ,140.00 ,552.00 ,402.00 ,194.00 ,189.00 ,138.00 ,540.00 ,309.00 ,193.00 ,172.00 ,507.00 ,173.00 ,27.00 ,99.00 ,212.00 ,162.00 ,168.00 ,8.00 ,145.00 ,116.00 ,63.00 ,93.00 ,185.00 
2019-01,122.00 ,80.00 ,345.00 ,208.00 ,306.00 ,218.00 ,73.00 ,91.00 ,149.00 ,556.00 ,382.00 ,211.00 ,181.00 ,130.00 ,538.00 ,316.00 ,199.00 ,171.00 ,454.00 ,155.00 ,26.00 ,97.00 ,236.00 ,136.00 ,156.00 ,8.00 ,163.00 ,113.00 ,62.00 ,92.00 ,201.00 
2019-02,96.00 ,62.00 ,268.00 ,172.00 ,274.00 ,179.00 ,61.00 ,77.00 ,116.00 ,421.00 ,256.00 ,170.00 ,134.00 ,103.00 ,450.00 ,263.00 ,159.00 ,144.00 ,321.00 ,122.00 ,22.00 ,77.00 ,185.00 ,118.00 ,98.00 ,5.00 ,130.00 ,95.00 ,58.00 ,76.00 ,180.00 
2019-03,88.00 ,71.00 ,307.00 ,184.00 ,302.00 ,207.00 ,65.00 ,84.00 ,127.00 ,513.00 ,393.00 ,178.00 ,186.00 ,119.00 ,489.00 ,269.00 ,170.00 ,145.00 ,515.00 ,146.00 ,28.00 ,88.00 ,197.00 ,134.00 ,140.00 ,6.00 ,138.00 ,105.00 ,54.00 ,94.00 ,191.00 
2019-04,74.00 ,64.00 ,302.00 ,180.00 ,293.00 ,189.00 ,61.00 ,81.00 ,111.00 ,476.00 ,375.00 ,167.00 ,192.00 ,113.00 ,494.00 ,248.00 ,161.00 ,133.00 ,530.00 ,142.00 ,30.00 ,88.00 ,204.00 ,119.00 ,139.00 ,6.00 ,127.00 ,102.00 ,59.00 ,89.00 ,184.00 
2019-05,81.00 ,68.00 ,310.00 ,185.00 ,296.00 ,191.00 ,61.00 ,81.00 ,112.00 ,483.00 ,369.00 ,174.00 ,194.00 ,116.00 ,495.00 ,264.00 ,168.00 ,129.00 ,576.00 ,154.00 ,32.00 ,90.00 ,206.00 ,125.00 ,141.00 ,6.00 ,123.00 ,101.00 ,59.00 ,90.00 ,184.00 
2019-06,95.00 ,72.00 ,330.00 ,187.00 ,293.00 ,186.00 ,59.00 ,76.00 ,122.00 ,503.00 ,382.00 ,188.00 ,208.00 ,122.00 ,543.00 ,296.00 ,182.00 ,148.00 ,632.00 ,159.00 ,34.00 ,92.00 ,222.00 ,125.00 ,147.00 ,6.00 ,129.00 ,103.00 ,60.00 ,93.00 ,189.00 
2019-07,114.00 ,85.00 ,359.00 ,197.00 ,309.00 ,206.00 ,65.00 ,80.00 ,155.00 ,607.00 ,449.00 ,229.00 ,237.00 ,140.00 ,587.00 ,353.00 ,217.00 ,168.00 ,699.00 ,170.00 ,35.00 ,108.00 ,223.00 ,116.00 ,156.00 ,6.00 ,143.00 ,107.00 ,56.00 ,93.00 ,203.00 
2019-08,104.00 ,77.00 ,344.00 ,187.00 ,315.00 ,201.00 ,63.00 ,77.00 ,170.00 ,622.00 ,482.00 ,230.00 ,245.00 ,161.00 ,543.00 ,322.00 ,239.00 ,191.00 ,693.00 ,180.00 ,32.00 ,128.00 ,256.00 ,121.00 ,163.00 ,6.00 ,147.00 ,108.00 ,59.00 ,94.00 ,208.00 
2019-09,88.00 ,70.00 ,302.00 ,173.00 ,306.00 ,187.00 ,59.00 ,74.00 ,132.00 ,521.00 ,413.00 ,185.00 ,223.00 ,134.00 ,500.00 ,251.00 ,190.00 ,167.00 ,633.00 ,171.00 ,30.00 ,98.00 ,243.00 ,119.00 ,166.00 ,6.00 ,131.00 ,104.00 ,62.00 ,92.00 ,186.00 
2019-10,78.00 ,67.00 ,286.00 ,178.00 ,312.00 ,195.00 ,63.00 ,84.00 ,117.00 ,495.00 ,384.00 ,178.00 ,206.00 ,132.00 ,493.00 ,241.00 ,163.00 ,139.00 ,588.00 ,165.00 ,30.00 ,95.00 ,213.00 ,120.00 ,167.00 ,7.00 ,139.00 ,109.00 ,60.00 ,90.00 ,196.00 
2019-11,101.00 ,76.00 ,318.00 ,195.00 ,315.00 ,210.00 ,71.00 ,91.00 ,114.00 ,502.00 ,385.00 ,181.00 ,193.00 ,123.00 ,519.00 ,248.00 ,168.00 ,149.00 ,525.00 ,163.00 ,27.00 ,93.00 ,220.00 ,133.00 ,166.00 ,7.00 ,147.00 ,119.00 ,64.00 ,89.00 ,200.00 
2019-12,125.00 ,86.00 ,383.00 ,216.00 ,332.00 ,231.00 ,79.00 ,100.00 ,143.00 ,566.00 ,436.00 ,210.00 ,202.00 ,142.00 ,568.00 ,292.00 ,197.00 ,179.00 ,531.00 ,181.00 ,28.00 ,107.00 ,230.00 ,175.00 ,172.00 ,10.00 ,167.00 ,122.00 ,64.00 ,92.00 ,745.00 
2020-01,118.00 ,75.00 ,326.00 ,201.00 ,333.00 ,212.00 ,74.00 ,94.00 ,132.00 ,488.00 ,304.00 ,205.00 ,160.00 ,121.00 ,496.00 ,298.00 ,184.00 ,161.00 ,382.00 ,150.00 ,25.00 ,93.00 ,232.00 ,133.00 ,166.00 ,6.00 ,154.00 ,119.00 ,64.00 ,91.00 ,209.00 
2020-02,93.00 ,55.00 ,240.00 ,163.00 ,279.00 ,181.00 ,62.00 ,78.00 ,99.00 ,324.00 ,198.00 ,137.00 ,129.00 ,84.00 ,402.00 ,202.00 ,104.00 ,133.00 ,291.00 ,121.00 ,20.00 ,67.00 ,178.00 ,107.00 ,105.00 ,6.00 ,116.00 ,99.00 ,58.00 ,77.00 ,191.00 
2020-03,85.00 ,66.00 ,293.00 ,183.00 ,306.00 ,199.00 ,66.00 ,83.00 ,115.00 ,481.00 ,366.00 ,177.00 ,174.00 ,118.00 ,484.00 ,251.00 ,122.00 ,132.00 ,483.00 ,140.00 ,25.00 ,86.00 ,191.00 ,131.00 ,147.00 ,6.00 ,137.00 ,104.00 ,57.00 ,85.00 ,202.00 
2020-04,69.00 ,64.00 ,297.00 ,183.00 ,308.00 ,188.00 ,62.00 ,81.00 ,108.00 ,477.00 ,372.00 ,176.00 ,187.00 ,120.00 ,501.00 ,250.00 ,152.00 ,142.00 ,500.00 ,149.00 ,27.00 ,88.00 ,213.00 ,124.00 ,152.00 ,7.00 ,129.00 ,109.00 ,59.00 ,81.00 ,196.00 
2020-05,75.00 ,65.00 ,310.00 ,183.00 ,318.00 ,187.00 ,61.00 ,79.00 ,117.00 ,502.00 ,387.00 ,192.00 ,202.00 ,131.00 ,515.00 ,275.00 ,173.00 ,140.00 ,629.00 ,175.00 ,35.00 ,92.00 ,222.00 ,130.00 ,155.00 ,6.00 ,131.00 ,110.00 ,58.00 ,79.00 ,192.00 
2020-06,94.00 ,72.00 ,342.00 ,189.00 ,319.00 ,187.00 ,61.00 ,75.00 ,134.00 ,540.00 ,435.00 ,204.00 ,235.00 ,142.00 ,541.00 ,301.00 ,188.00 ,162.00 ,679.00 ,176.00 ,36.00 ,98.00 ,245.00 ,132.00 ,162.00 ,7.00 ,135.00 ,113.00 ,59.00 ,80.00 ,208.00 
2020-07,102.00 ,82.00 ,349.00 ,197.00 ,341.00 ,208.00 ,69.00 ,83.00 ,153.00 ,579.00 ,484.00 ,210.00 ,265.00 ,161.00 ,556.00 ,312.00 ,199.00 ,172.00 ,786.00 ,194.00 ,38.00 ,111.00 ,259.00 ,116.00 ,172.00 ,6.00 ,147.00 ,118.00 ,60.00 ,89.00 ,206.00 
2020-08,106.00 ,85.00 ,362.00 ,199.00 ,338.00 ,208.00 ,65.00 ,81.00 ,188.00 ,703.00 ,546.00 ,267.00 ,259.00 ,174.00 ,608.00 ,348.00 ,246.00 ,200.00 ,726.00 ,190.00 ,34.00 ,139.00 ,276.00 ,126.00 ,185.00 ,7.00 ,156.00 ,119.00 ,62.00 ,92.00 ,201.00 
2020-09,85.00 ,72.00 ,326.00 ,192.00 ,317.00 ,192.00 ,62.00 ,76.00 ,138.00 ,568.00 ,441.00 ,212.00 ,228.00 ,138.00 ,551.00 ,291.00 ,190.00 ,178.00 ,694.00 ,181.00 ,34.00 ,101.00 ,270.00 ,124.00 ,185.00 ,7.00 ,143.00 ,110.00 ,64.00 ,89.00 ,194.00 
2020-10,79.00 ,69.00 ,325.00 ,199.00 ,333.00 ,202.00 ,67.00 ,86.00 ,118.00 ,524.00 ,415.00 ,197.00 ,215.00 ,133.00 ,540.00 ,266.00 ,175.00 ,141.00 ,586.00 ,170.00 ,29.00 ,99.00 ,248.00 ,129.00 ,198.00 ,7.00 ,147.00 ,117.00 ,62.00 ,91.00 ,204.00 
2020-11,101.00 ,77.00 ,356.00 ,212.00 ,345.00 ,218.00 ,74.00 ,96.00 ,120.00 ,544.00 ,419.00 ,205.00 ,206.00 ,138.00 ,566.00 ,276.00 ,185.00 ,163.00 ,576.00 ,178.00 ,28.00 ,98.00 ,256.00 ,141.00 ,195.00 ,9.00 ,174.00 ,127.00 ,69.00 ,95.00 ,219.00 
2020-12,134.00 ,93.00 ,408.00 ,240.00 ,361.00 ,242.00 ,82.00 ,102.00 ,154.00 ,644.00 ,464.00 ,248.00 ,222.00 ,168.00 ,"1,169.00 ",322.00 ,225.00 ,206.00 ,593.00 ,200.00 ,29.00 ,114.00 ,276.00 ,185.00 ,205.00 ,8.00 ,172.00 ,133.00 ,69.00 ,96.00 ,775.00 
2021-01,137.00 ,93.00 ,390.00 ,243.00 ,366.00 ,242.00 ,81.00 ,104.00 ,163.00 ,645.00 ,466.00 ,250.00 ,220.00 ,159.00 ,671.00 ,351.00 ,219.00 ,190.00 ,575.00 ,190.00 ,29.00 ,123.00 ,290.00 ,171.00 ,225.00 ,10.00 ,192.00 ,130.00 ,74.00 ,101.00 ,227.00 
2021-02,98.00 ,73.00 ,281.00 ,186.00 ,317.00 ,193.00 ,66.00 ,85.00 ,113.00 ,418.00 ,256.00 ,169.00 ,149.00 ,105.00 ,500.00 ,242.00 ,148.00 ,145.00 ,356.00 ,142.00 ,24.00 ,83.00 ,225.00 ,124.00 ,136.00 ,7.00 ,140.00 ,106.00 ,69.00 ,88.00 ,220.00 
2021-03,100.00 ,83.00 ,358.00 ,216.00 ,314.00 ,223.00 ,72.00 ,91.00 ,136.00 ,584.00 ,447.00 ,215.00 ,215.00 ,150.00 ,623.00 ,292.00 ,194.00 ,164.00 ,596.00 ,180.00 ,30.00 ,100.00 ,228.00 ,149.00 ,183.00 ,8.00 ,161.00 ,125.00 ,67.00 ,97.00 ,229.00 
2021-04,77.00 ,72.00 ,338.00 ,203.00 ,316.00 ,201.00 ,66.00 ,86.00 ,120.00 ,549.00 ,434.00 ,198.00 ,217.00 ,139.00 ,590.00 ,270.00 ,183.00 ,160.00 ,613.00 ,171.00 ,32.00 ,97.00 ,248.00 ,138.00 ,180.00 ,9.00 ,147.00 ,121.00 ,71.00 ,97.00 ,221.00 
2021-05,83.00 ,75.00 ,342.00 ,208.00 ,335.00 ,208.00 ,67.00 ,87.00 ,128.00 ,570.00 ,453.00 ,207.00 ,246.00 ,146.00 ,595.00 ,286.00 ,192.00 ,158.00 ,762.00 ,195.00 ,41.00 ,102.00 ,251.00 ,141.00 ,170.00 ,8.00 ,152.00 ,123.00 ,71.00 ,99.00 ,225.00 
2021-06,97.00 ,79.00 ,354.00 ,207.00 ,323.00 ,206.00 ,62.00 ,84.00 ,143.00 ,619.00 ,478.00 ,236.00 ,254.00 ,162.00 ,612.00 ,344.00 ,219.00 ,184.00 ,741.00 ,201.00 ,39.00 ,113.00 ,270.00 ,146.00 ,178.00 ,8.00 ,167.00 ,125.00 ,66.00 ,98.00 ,220.00 
2021-07,115.00 ,93.00 ,386.00 ,218.00 ,338.00 ,227.00 ,71.00 ,91.00 ,182.00 ,704.00 ,563.00 ,262.00 ,294.00 ,186.00 ,674.00 ,356.00 ,247.00 ,213.00 ,823.00 ,216.00 ,40.00 ,134.00 ,309.00 ,138.00 ,161.00 ,7.00 ,181.00 ,128.00 ,70.00 ,101.00 ,232.00 
2021-08,109.00 ,87.00 ,376.00 ,224.00 ,329.00 ,218.00 ,65.00 ,86.00 ,183.00 ,691.00 ,562.00 ,262.00 ,280.00 ,180.00 ,658.00 ,326.00 ,234.00 ,204.00 ,786.00 ,207.00 ,39.00 ,134.00 ,321.00 ,144.00 ,182.00 ,7.00 ,174.00 ,128.00 ,71.00 ,104.00 ,235.00 
2021-09,91.00 ,75.00 ,343.00 ,203.00 ,300.00 ,199.00 ,61.00 ,81.00 ,161.00 ,579.00 ,512.00 ,237.00 ,273.00 ,175.00 ,582.00 ,287.00 ,224.00 ,193.00 ,772.00 ,194.00 ,35.00 ,119.00 ,279.00 ,137.00 ,179.00 ,8.00 ,143.00 ,118.00 ,76.00 ,94.00 ,217.00 
2021-10,87.00 ,74.00 ,336.00 ,217.00 ,326.00 ,197.00 ,69.00 ,92.00 ,138.00 ,545.00 ,430.00 ,220.00 ,235.00 ,153.00 ,581.00 ,282.00 ,201.00 ,174.00 ,644.00 ,179.00 ,33.00 ,116.00 ,283.00 ,137.00 ,176.00 ,8.00 ,150.00 ,127.00 ,70.00 ,89.00 ,234.00 
2021-11,110.00 ,84.00 ,370.00 ,230.00 ,335.00 ,219.00 ,76.00 ,96.00 ,129.00 ,565.00 ,437.00 ,215.00 ,221.00 ,146.00 ,623.00 ,283.00 ,192.00 ,164.00 ,591.00 ,173.00 ,32.00 ,108.00 ,286.00 ,150.00 ,173.00 ,10.00 ,167.00 ,131.00 ,78.00 ,94.00 ,230.00 
2021-12,130.00 ,95.00 ,418.00 ,252.00 ,358.00 ,244.00 ,86.00 ,106.00 ,154.00 ,632.00 ,476.00 ,243.00 ,233.00 ,163.00 ,676.00 ,328.00 ,220.00 ,205.00 ,607.00 ,188.00 ,31.00 ,113.00 ,285.00 ,170.00 ,197.00 ,12.00 ,194.00 ,134.00 ,75.00 ,96.00 ,"1,037.00 "
2022-01,136.00 ,89.00 ,405.00 ,252.00 ,361.00 ,242.00 ,86.00 ,111.00 ,158.00 ,617.00 ,431.00 ,255.00 ,209.00 ,160.00 ,660.00 ,350.00 ,225.00 ,194.00 ,506.00 ,177.00 ,31.00 ,114.00 ,286.00 ,172.00 ,211.00 ,11.00 ,200.00 ,128.00 ,77.00 ,96.00 ,284.00 
2022-02,112.00 ,75.00 ,315.00 ,210.00 ,318.00 ,203.00 ,74.00 ,93.00 ,140.00 ,530.00 ,376.00 ,225.00 ,185.00 ,149.00 ,551.00 ,287.00 ,197.00 ,162.00 ,453.00 ,160.00 ,28.00 ,100.00 ,264.00 ,147.00 ,135.00 ,10.00 ,188.00 ,114.00 ,69.00 ,96.00 ,269.00 
2022-03,105.00 ,82.00 ,357.00 ,227.00 ,345.00 ,222.00 ,71.00 ,98.00 ,128.00 ,585.00 ,475.00 ,228.00 ,228.00 ,157.00 ,631.00 ,298.00 ,204.00 ,191.00 ,619.00 ,170.00 ,33.00 ,108.00 ,251.00 ,147.00 ,200.00 ,9.00 ,197.00 ,123.00 ,78.00 ,108.00 ,271.00 
2022-04,80.00 ,70.00 ,314.00 ,210.00 ,325.00 ,186.00 ,58.00 ,88.00 ,93.00 ,488.00 ,431.00 ,201.00 ,221.00 ,145.00 ,569.00 ,273.00 ,189.00 ,157.00 ,612.00 ,169.00 ,32.00 ,98.00 ,268.00 ,138.00 ,188.00 ,10.00 ,176.00 ,119.00 ,75.00 ,103.00 ,279.00 
2022-05,83.00 ,75.00 ,349.00 ,220.00 ,344.00 ,200.00 ,65.00 ,88.00 ,103.00 ,547.00 ,438.00 ,219.00 ,231.00 ,147.00 ,606.00 ,290.00 ,199.00 ,157.00 ,646.00 ,173.00 ,35.00 ,103.00 ,267.00 ,141.00 ,197.00 ,9.00 ,182.00 ,124.00 ,77.00 ,113.00 ,288.00 
2022-06,101.00 ,83.00 ,381.00 ,227.00 ,340.00 ,201.00 ,63.00 ,87.00 ,147.00 ,651.00 ,485.00 ,262.00 ,254.00 ,161.00 ,658.00 ,395.00 ,234.00 ,189.00 ,720.00 ,201.00 ,41.00 ,117.00 ,296.00 ,136.00 ,198.00 ,9.00 ,204.00 ,126.00 ,75.00 ,108.00 ,301.00 
2022-07,121.00 ,95.00 ,396.00 ,231.00 ,356.00 ,217.00 ,70.00 ,93.00 ,201.00 ,770.00 ,625.00 ,309.00 ,299.00 ,202.00 ,668.00 ,387.00 ,278.00 ,230.00 ,833.00 ,209.00 ,42.00 ,157.00 ,345.00 ,141.00 ,203.00 ,9.00 ,212.00 ,127.00 ,77.00 ,108.00 ,313.00 
2022-08,118.00 ,93.00 ,392.00 ,233.00 ,356.00 ,213.00 ,68.00 ,89.00 ,209.00 ,800.00 ,628.00 ,329.00 ,307.00 ,214.00 ,714.00 ,423.00 ,299.00 ,248.00 ,800.00 ,207.00 ,36.00 ,171.00 ,365.00 ,145.00 ,224.00 ,10.00 ,227.00 ,126.00 ,75.00 ,104.00 ,296.00 
2022-09,94.00 ,78.00 ,346.00 ,214.00 ,344.00 ,194.00 ,64.00 ,84.00 ,145.00 ,598.00 ,483.00 ,236.00 ,267.00 ,162.00 ,609.00 ,306.00 ,210.00 ,180.00 ,784.00 ,210.00 ,36.00 ,110.00 ,266.00 ,126.00 ,213.00 ,8.00 ,176.00 ,119.00 ,74.00 ,96.00 ,257.00 
2022-10,89.00 ,74.00 ,330.00 ,212.00 ,360.00 ,207.00 ,71.00 ,96.00 ,130.00 ,578.00 ,464.00 ,232.00 ,242.00 ,158.00 ,591.00 ,277.00 ,196.00 ,166.00 ,665.00 ,182.00 ,34.00 ,106.00 ,267.00 ,135.00 ,204.00 ,9.00 ,187.00 ,126.00 ,82.00 ,101.00 ,261.00 
2022-11,104.00 ,81.00 ,338.00 ,221.00 ,360.00 ,220.00 ,76.00 ,101.00 ,128.00 ,573.00 ,449.00 ,225.00 ,224.00 ,152.00 ,612.00 ,275.00 ,189.00 ,158.00 ,615.00 ,173.00 ,34.00 ,98.00 ,279.00 ,143.00 ,190.00 ,11.00 ,198.00 ,130.00 ,80.00 ,102.00 ,285.00 
2022-12,137.00 ,96.00 ,421.00 ,263.00 ,391.00 ,245.00 ,86.00 ,112.00 ,165.00 ,662.00 ,513.00 ,271.00 ,233.00 ,176.00 ,690.00 ,348.00 ,229.00 ,203.00 ,617.00 ,186.00 ,34.00 ,121.00 ,292.00 ,173.00 ,211.00 ,13.00 ,231.00 ,139.00 ,83.00 ,116.00 ,330.00 
2023-03,103.00 ,84.00 ,383.00 ,248.00 ,392.00 ,230.00 ,79.00 ,102.00 ,141.00 ,625.00 ,506.00 ,249.00 ,243.00 ,160.00 ,652.00 ,312.00 ,212.00 ,180.00 ,655.00 ,196.00 ,37.00 ,110.00 ,268.00 ,148.00 ,187.00 ,12.00 ,200.00 ,140.00 ,87.00 ,120.00 ,308.00 
2023-04,85.00 ,74.00 ,348.00 ,224.00 ,376.00 ,205.00 ,72.00 ,95.00 ,127.00 ,579.00 ,467.00 ,233.00 ,235.00 ,147.00 ,614.00 ,291.00 ,198.00 ,162.00 ,637.00 ,189.00 ,39.00 ,106.00 ,286.00 ,131.00 ,175.00 ,11.00 ,182.00 ,131.00 ,82.00 ,110.00 ,291.00 
2023-05,93.00 ,77.00 ,352.00 ,218.00 ,388.00 ,203.00 ,72.00 ,93.00 ,136.00 ,611.00 ,488.00 ,245.00 ,253.00 ,159.00 ,621.00 ,302.00 ,206.00 ,174.00 ,740.00 ,203.00 ,45.00 ,113.00 ,296.00 ,137.00 ,184.00 ,10.00 ,182.00 ,131.00 ,84.00 ,105.00 ,302.00 
2023-06,118.00 ,90.00 ,402.00 ,224.00 ,393.00 ,207.00 ,71.00 ,88.00 ,152.00 ,650.00 ,533.00 ,268.00 ,285.00 ,170.00 ,666.00 ,344.00 ,223.00 ,190.00 ,822.00 ,217.00 ,45.00 ,120.00 ,310.00 ,138.00 ,194.00 ,10.00 ,196.00 ,130.00 ,79.00 ,108.00 ,306.00 
2023-07,134.00 ,102.00 ,448.00 ,248.00 ,416.00 ,227.00 ,73.00 ,90.00 ,201.00 ,783.00 ,655.00 ,324.00 ,314.00 ,207.00 ,744.00 ,427.00 ,279.00 ,247.00 ,902.00 ,241.00 ,48.00 ,147.00 ,363.00 ,154.00 ,215.00 ,10.00 ,224.00 ,138.00 ,83.00 ,117.00 ,325.00 
2023-08,128.00 ,100.00 ,432.00 ,248.00 ,420.00 ,227.00 ,73.00 ,91.00 ,200.00 ,800.00 ,636.00 ,331.00 ,311.00 ,201.00 ,743.00 ,418.00 ,289.00 ,233.00 ,890.00 ,226.00 ,47.00 ,155.00 ,365.00 ,155.00 ,231.00 ,10.00 ,224.00 ,141.00 ,83.00 ,123.00 ,333.00 
2023-09,101.00 ,85.00 ,373.00 ,224.00 ,398.00 ,207.00 ,68.00 ,88.00 ,164.00 ,673.00 ,558.00 ,267.00 ,287.00 ,177.00 ,659.00 ,331.00 ,230.00 ,187.00 ,790.00 ,211.00 ,42.00 ,132.00 ,324.00 ,148.00 ,246.00 ,10.00 ,194.00 ,130.00 ,83.00 ,116.00 ,308.00 
2023-10,87.00 ,76.00 ,363.00 ,231.00 ,414.00 ,209.00 ,74.00 ,99.00 ,136.00 ,616.00 ,497.00 ,250.00 ,260.00 ,162.00 ,632.00 ,301.00 ,209.00 ,166.00 ,723.00 ,207.00 ,41.00 ,109.00 ,303.00 ,147.00 ,240.00 ,11.00 ,190.00 ,139.00 ,90.00 ,119.00 ,320.00 
2023-11,115.60 ,87.74 ,410.52 ,250.01 ,422.47 ,233.70 ,84.98 ,107.57 ,137.71 ,629.07 ,497.02 ,257.81 ,249.15 ,162.58 ,660.84 ,318.52 ,211.25 ,171.59 ,681.72 ,196.36 ,38.28 ,111.07 ,302.63 ,150.68 ,217.59 ,13.67 ,210.93 ,148.51 ,88.74 ,121.54 ,340.52 
2023-12,149.49 ,105.32 ,480.12 ,283.15 ,453.00 ,264.57 ,96.38 ,120.55 ,168.42 ,732.10 ,571.16 ,306.51 ,261.06 ,186.37 ,732.33 ,386.74 ,244.51 ,207.59 ,694.97 ,212.85 ,38.35 ,128.05 ,325.47 ,177.25 ,222.22 ,14.75 ,241.05 ,151.98 ,92.99 ,125.15 ,388.41 
2024-03,107.00 ,88.00 ,408.00 ,245.00 ,438.00 ,236.00 ,85.00 ,105.00 ,151.00 ,675.00 ,540.00 ,275.00 ,261.00 ,170.00 ,675.00 ,332.00 ,221.00 ,189.00 ,719.00 ,204.00 ,40.00 ,116.00 ,306.00 ,159.00 ,217.00 ,13.00 ,208.00 ,148.00 ,95.00 ,115.00 ,358.00 
2024-04,87.00 ,77.00 ,372.00 ,222.00 ,407.00 ,205.00 ,71.00 ,95.00 ,132.00 ,620.00 ,509.00 ,253.00 ,259.00 ,160.00 ,632.00 ,303.00 ,207.00 ,161.00 ,732.00 ,202.00 ,47.00 ,111.00 ,292.00 ,141.00 ,211.00 ,13.00 ,186.00 ,136.00 ,89.00 ,109.00 ,331.00 
2024-05,96.00 ,80.00 ,384.00 ,231.00 ,427.00 ,210.00 ,71.00 ,92.00 ,138.00 ,651.00 ,525.00 ,277.00 ,269.00 ,169.00 ,664.00 ,336.00 ,227.00 ,173.00 ,753.00 ,210.00 ,46.00 ,122.00 ,325.00 ,147.00 ,227.00 ,12.00 ,199.00 ,143.00 ,90.00 ,114.00 ,344.00 
2024-06,119.00 ,93.00 ,430.00 ,240.00 ,424.00 ,213.00 ,69.00 ,88.00 ,150.00 ,688.00 ,539.00 ,301.00 ,292.00 ,174.00 ,710.00 ,396.00 ,241.00 ,182.00 ,833.00 ,217.00 ,48.00 ,124.00 ,332.00 ,150.00 ,236.00 ,11.00 ,217.00 ,142.00 ,83.00 ,115.00 ,346.00 
2024-07,138.00 ,103.00 ,451.00 ,254.00 ,448.00 ,231.00 ,76.00 ,98.00 ,219.00 ,860.00 ,719.00 ,360.00 ,342.00 ,226.00 ,748.00 ,416.00 ,305.00 ,255.00 ,961.00 ,239.00 ,49.00 ,165.00 ,371.00 ,163.00 ,243.00 ,11.00 ,230.00 ,151.00 ,84.00 ,120.00 ,362.00 
2024-08,134.00 ,103.00 ,452.00 ,246.00 ,427.00 ,239.00 ,77.00 ,95.00 ,232.00 ,911.00 ,740.00 ,385.00 ,334.00 ,222.00 ,808.00 ,457.00 ,327.00 ,249.00 ,935.00 ,235.00 ,52.00 ,185.00 ,431.00 ,167.00 ,254.00 ,12.00 ,245.00 ,148.00 ,83.00 ,113.00 ,353.00 
