Wind,,,,,,,,,,,,,,
Name,Output: Natural Crude Oil: YTD,Quantity of Imports: Crude Oil: YTD,China: Volume of Imports: Finished Oil Products (The Customs' Statistical Standard): YTD,China: Volume of Exports: Finished Oil Products (The Customs' Statistical Standard): YTD,China: Volume of Imports: Natural Gas: YTD,China: Output: Natural Gas: YTD,China: Output: Processing of Petroleum: YTD,China: Output: Raw Coal: Total: YTD,China: Quantity of Imports: Coal and Lignite,China: Output: Gasoline: YTD,China: Output: Diesel Oil: YTD,China: Output: Kerosene: YTD,,
Frequency,Month,Month,Month,Month,Month,Month,Month,Month,Month,Month,Month,Month,,
Unit,10000 tons,10000 tons,10000 tons,10000 tons,100 million m³,100 million m³,ton,10000 tons,10000 tons,10000 tons,10000 tons,10000 tons,,
ID,S0027037,S0027236,S0027242,S0027245,S5426748,S0027041,S0073134,S5117148,S0173743,S0027045,S0027049,S0027053,,
Time Period,1989-02:2024-09,1995-01:2024-09,2003-07:2024-09,2003-07:2024-09,1995-01:2024-08,1989-01:2024-09,1989-01:2024-09,1989-01:2024-09,1995-01:2024-09,1989-02:2024-08,1989-02:2024-08,1989-02:2024-08,,
Source,National Bureau of Statistics of China,China Customs,China Customs,China Customs,China Customs,National Bureau of Statistics of China,National Bureau of Statistics of China,According to the Press Finishing,China Customs,National Bureau of Statistics of China,National Bureau of Statistics of China,National Bureau of Statistics of China,,
Update,2024-10-18,2024-10-18,2024-10-18,2024-10-18,2024-09-25,2024-10-18,2024-10-18,2024-10-21,2024-10-18,2024-09-19,2024-09-19,2024-09-19,,
1989-01,0.00 ,0.00 ,0.00 ,0.00 ,0.00 ,12.01 ,"8,457,000.00 ","7,436.00 ",0.00 ,0.00 ,0.00 ,0.00 ,,
1989-02,"2,187.40 ",0.00 ,0.00 ,0.00 ,0.00 ,24.41 ,"16,912,000.00 ","13,281.00 ",0.00 ,345.20 ,404.50 ,64.80 ,,
1989-03,"3,340.40 ",0.00 ,0.00 ,0.00 ,0.00 ,35.64 ,"25,631,000.00 ","21,698.00 ",0.00 ,490.60 ,607.90 ,100.80 ,,
1989-04,"4,449.30 ",0.00 ,0.00 ,0.00 ,0.00 ,48.54 ,"33,741,000.00 ","30,309.00 ",0.00 ,642.10 ,806.60 ,132.60 ,,
1989-05,"5,604.20 ",0.00 ,0.00 ,0.00 ,0.00 ,61.44 ,"42,648,000.00 ","39,246.00 ",0.00 ,801.90 ,"1,021.40 ",164.50 ,,
1989-06,"6,728.50 ",0.00 ,0.00 ,0.00 ,0.00 ,74.37 ,"51,587,000.00 ","48,776.00 ",0.00 ,967.70 ,"1,243.60 ",198.10 ,,
1989-07,"7,891.10 ",0.00 ,0.00 ,0.00 ,0.00 ,86.94 ,"60,741,000.00 ","57,232.00 ",0.00 ,"1,143.70 ","1,464.70 ",232.30 ,,
1989-08,"9,066.90 ",0.00 ,0.00 ,0.00 ,0.00 ,99.95 ,"70,193,000.00 ","66,119.00 ",0.00 ,"1,324.90 ","1,697.40 ",269.20 ,,
1989-09,"10,204.00 ",0.00 ,0.00 ,0.00 ,0.00 ,112.42 ,"79,198,000.00 ","74,862.00 ",0.00 ,"1,499.30 ","1,917.50 ",300.60 ,,
1989-10,"11,400.60 ",0.00 ,0.00 ,0.00 ,0.00 ,123.95 ,"88,399,000.00 ","81,636.00 ",0.00 ,"1,678.20 ","2,130.20 ",333.90 ,,
1989-11,"12,599.60 ",0.00 ,0.00 ,0.00 ,0.00 ,136.37 ,"97,911,000.00 ","92,508.00 ",0.00 ,"1,869.40 ","2,356.00 ",368.30 ,,
1989-12,"13,745.10 ",0.00 ,0.00 ,0.00 ,0.00 ,149.42 ,"107,170,000.00 ","102,557.00 ",0.00 ,"2,055.80 ","2,569.20 ",395.20 ,,
1990-01,"1,152.80 ",0.00 ,0.00 ,0.00 ,0.00 ,12.82 ,"9,267,000.00 ","7,168.00 ",0.00 ,188.20 ,215.50 ,31.00 ,,
1990-02,"2,229.50 ",0.00 ,0.00 ,0.00 ,0.00 ,24.55 ,"18,455,000.00 ","14,187.00 ",0.00 ,365.10 ,447.30 ,56.60 ,,
1990-03,"3,403.40 ",0.00 ,0.00 ,0.00 ,0.00 ,37.42 ,"28,309,000.00 ","23,007.00 ",0.00 ,556.50 ,729.10 ,92.20 ,,
1990-04,"4,508.10 ",0.00 ,0.00 ,0.00 ,0.00 ,49.67 ,"37,411,000.00 ","32,773.00 ",0.00 ,740.60 ,981.30 ,128.70 ,,
1990-05,"5,676.10 ",0.00 ,0.00 ,0.00 ,0.00 ,62.69 ,"46,612,000.00 ","42,117.00 ",0.00 ,921.40 ,"1,229.80 ",168.00 ,,
1990-06,"6,815.10 ",0.00 ,0.00 ,0.00 ,0.00 ,75.60 ,"55,593,000.00 ","51,758.00 ",0.00 ,"1,099.50 ","1,527.20 ",202.80 ,,
1990-07,"7,971.10 ",0.00 ,0.00 ,0.00 ,0.00 ,88.50 ,"65,230,000.00 ","60,294.00 ",0.00 ,"1,287.70 ","2,029.20 ",242.20 ,,
1990-08,"9,140.70 ",0.00 ,0.00 ,0.00 ,0.00 ,101.10 ,"74,636,000.00 ","68,870.00 ",0.00 ,"1,476.80 ","2,264.80 ",276.50 ,,
1990-09,"10,283.00 ",0.00 ,0.00 ,0.00 ,0.00 ,113.39 ,"83,508,000.00 ","77,390.00 ",0.00 ,"1,659.70 ","1,985.40 ",306.20 ,,
1990-10,"11,465.70 ",0.00 ,0.00 ,0.00 ,0.00 ,126.40 ,"92,770,000.00 ","86,207.00 ",0.00 ,"1,838.20 ","2,198.50 ",336.30 ,,
1990-11,"12,622.40 ",0.00 ,0.00 ,0.00 ,0.00 ,139.40 ,"101,885,000.00 ","95,379.00 ",0.00 ,"2,024.70 ","2,410.40 ",362.20 ,,
1990-12,"13,810.20 ",0.00 ,0.00 ,0.00 ,0.00 ,152.06 ,"110,601,000.00 ","105,346.00 ",0.00 ,"2,166.00 ","2,594.70 ",384.50 ,,
1991-01,"1,172.80 ",0.00 ,0.00 ,0.00 ,0.00 ,13.09 ,"9,068,000.00 ","8,302.00 ",0.00 ,194.40 ,223.20 ,32.60 ,,
1991-02,"2,258.60 ",0.00 ,0.00 ,0.00 ,0.00 ,25.58 ,"18,089,000.00 ","14,721.00 ",0.00 ,364.60 ,424.50 ,61.10 ,,
1991-03,"3,439.00 ",0.00 ,0.00 ,0.00 ,0.00 ,38.58 ,"27,938,000.00 ","23,347.00 ",0.00 ,561.60 ,661.30 ,96.20 ,,
1991-04,"4,584.80 ",0.00 ,0.00 ,0.00 ,0.00 ,51.03 ,"36,504,000.00 ","32,405.00 ",0.00 ,732.00 ,861.80 ,126.40 ,,
1991-05,"5,772.10 ",0.00 ,0.00 ,0.00 ,0.00 ,64.26 ,"45,880,000.00 ","41,809.00 ",0.00 ,918.10 ,"1,088.70 ",158.80 ,,
1991-06,"6,922.60 ",0.00 ,0.00 ,0.00 ,0.00 ,77.26 ,"55,552,000.00 ","51,374.00 ",0.00 ,"1,116.20 ","1,334.90 ",196.00 ,,
1991-07,"8,097.70 ",0.00 ,0.00 ,0.00 ,0.00 ,90.11 ,"65,462,000.00 ","59,905.00 ",0.00 ,"1,327.90 ","1,588.80 ",231.80 ,,
1991-08,"9,276.20 ",0.00 ,0.00 ,0.00 ,0.00 ,103.15 ,"75,290,000.00 ","68,451.00 ",0.00 ,"1,528.40 ","1,836.70 ",267.60 ,,
1991-09,"10,432.10 ",0.00 ,0.00 ,0.00 ,0.00 ,115.74 ,"84,760,000.00 ","77,281.00 ",0.00 ,"1,720.90 ","2,070.00 ",301.50 ,,
1991-10,"11,622.50 ",0.00 ,0.00 ,0.00 ,0.00 ,127.83 ,"94,603,000.00 ","84,468.00 ",0.00 ,"1,914.40 ","2,301.60 ",339.40 ,,
1991-11,"12,770.50 ",0.00 ,0.00 ,0.00 ,0.00 ,140.54 ,"105,364,000.00 ","95,900.00 ",0.00 ,"2,154.60 ","2,568.70 ",375.10 ,,
1991-12,"13,956.50 ",0.00 ,0.00 ,0.00 ,0.00 ,153.54 ,"116,146,000.00 ","106,243.00 ",0.00 ,"2,338.70 ","2,791.40 ",398.41 ,,
1992-01,"1,199.40 ",0.00 ,0.00 ,0.00 ,0.00 ,11.95 ,"10,210,000.00 ","8,114.00 ",0.00 ,220.20 ,248.70 ,28.20 ,,
1992-02,"2,044.40 ",0.00 ,0.00 ,0.00 ,0.00 ,25.58 ,"20,444,000.00 ","14,151.00 ",0.00 ,460.80 ,510.90 ,62.80 ,,
1992-03,"3,070.80 ",0.00 ,0.00 ,0.00 ,0.00 ,38.70 ,"30,708,000.00 ","22,816.00 ",0.00 ,684.50 ,784.10 ,99.50 ,,
1992-04,"4,038.50 ",0.00 ,0.00 ,0.00 ,0.00 ,51.70 ,"40,385,000.00 ","31,876.00 ",0.00 ,903.00 ,"1,068.00 ",147.50 ,,
1992-05,"5,910.90 ",0.00 ,0.00 ,0.00 ,0.00 ,64.80 ,"50,511,000.00 ","41,608.00 ",0.00 ,"1,093.30 ","1,282.80 ",177.80 ,,
1992-06,"7,069.40 ",0.00 ,0.00 ,0.00 ,0.00 ,77.70 ,"60,542,000.00 ","51,761.00 ",0.00 ,"1,314.10 ","1,547.30 ",209.50 ,,
1992-07,"8,266.30 ",0.00 ,0.00 ,0.00 ,0.00 ,90.20 ,"71,064,000.00 ","60,971.00 ",0.00 ,"1,535.70 ","1,820.10 ",243.20 ,,
1992-08,"9,458.50 ",0.00 ,0.00 ,0.00 ,0.00 ,103.20 ,"81,821,000.00 ","70,450.00 ",0.00 ,"1,750.20 ","2,081.00 ",279.50 ,,
1992-09,"10,597.00 ",0.00 ,0.00 ,0.00 ,0.00 ,115.80 ,"91,746,000.00 ","77,873.00 ",0.00 ,"1,960.50 ","2,327.70 ",310.00 ,,
1992-10,"11,829.50 ",0.00 ,0.00 ,0.00 ,0.00 ,128.40 ,"102,646,000.00 ","89,239.00 ",0.00 ,"2,205.70 ","2,612.50 ",341.50 ,,
1992-11,"12,995.60 ",0.00 ,0.00 ,0.00 ,0.00 ,141.30 ,"113,366,000.00 ","98,996.00 ",0.00 ,"2,447.00 ","2,883.10 ",371.50 ,,
1992-12,"14,174.70 ",0.00 ,0.00 ,0.00 ,0.00 ,155.10 ,"124,002,000.00 ","109,487.00 ",0.00 ,"2,695.70 ","3,147.10 ",395.90 ,,
1993-01,"1,221.20 ",0.00 ,0.00 ,0.00 ,0.00 ,8.70 ,"10,547,000.00 ","6,768.50 ",0.00 ,250.70 ,260.90 ,32.00 ,,
1993-02,"2,320.10 ",0.00 ,0.00 ,0.00 ,0.00 ,27.20 ,"21,104,000.00 ","14,323.10 ",0.00 ,511.20 ,534.30 ,59.60 ,,
1993-03,"3,563.10 ",0.00 ,0.00 ,0.00 ,0.00 ,41.10 ,"31,992,000.00 ","24,100.10 ",0.00 ,777.50 ,817.30 ,89.30 ,,
1993-04,"4,750.10 ",0.00 ,0.00 ,0.00 ,0.00 ,54.50 ,"42,730,000.00 ","33,859.10 ",0.00 ,"1,036.60 ","1,120.00 ",117.40 ,,
1993-05,"6,044.20 ",0.00 ,0.00 ,0.00 ,0.00 ,67.20 ,"54,373,000.00 ","43,817.20 ",0.00 ,"1,293.10 ","1,419.40 ",151.10 ,,
1993-06,"7,251.10 ",0.00 ,0.00 ,0.00 ,0.00 ,81.00 ,"65,462,000.00 ","54,351.90 ",0.00 ,"1,546.00 ","1,712.70 ",181.80 ,,
1993-07,"8,498.30 ",0.00 ,0.00 ,0.00 ,0.00 ,95.50 ,"76,250,000.00 ","63,993.10 ",0.00 ,"1,802.50 ","1,998.90 ",214.50 ,,
1993-08,"9,612.40 ",0.00 ,0.00 ,0.00 ,0.00 ,109.60 ,"87,664,000.00 ","74,598.20 ",0.00 ,"2,055.20 ","2,304.00 ",244.80 ,,
1993-09,"10,798.40 ",0.00 ,0.00 ,0.00 ,0.00 ,123.10 ,"98,001,000.00 ","82,969.30 ",0.00 ,"2,303.20 ","2,579.20 ",274.20 ,,
1993-10,"12,058.50 ",0.00 ,0.00 ,0.00 ,0.00 ,137.70 ,"109,533,000.00 ","92,503.60 ",0.00 ,"2,570.50 ","2,875.70 ",308.90 ,,
1993-11,"13,265.60 ",0.00 ,0.00 ,0.00 ,0.00 ,151.30 ,"121,077,000.00 ","102,641.50 ",0.00 ,"2,838.90 ","3,170.20 ",343.60 ,,
1993-12,"14,491.50 ",0.00 ,0.00 ,0.00 ,0.00 ,165.60 ,"132,574,000.00 ","114,120.30 ",0.00 ,"3,141.40 ","3,474.60 ",373.30 ,,
1994-01,"1,326.14 ",0.00 ,0.00 ,0.00 ,0.00 ,14.85 ,"10,966,000.00 ",0.00 ,0.00 ,231.57 ,259.84 ,34.40 ,,
1994-02,"2,428.68 ",0.00 ,0.00 ,0.00 ,0.00 ,27.02 ,"21,152,500.00 ",0.00 ,0.00 ,452.40 ,514.50 ,71.89 ,,
1994-03,"3,649.95 ",0.00 ,0.00 ,0.00 ,0.00 ,41.28 ,"32,701,300.00 ",0.00 ,0.00 ,707.45 ,802.31 ,115.41 ,,
1994-04,"4,839.27 ",0.00 ,0.00 ,0.00 ,0.00 ,55.12 ,"43,841,600.00 ",0.00 ,0.00 ,979.03 ,"1,114.68 ",153.89 ,,
1994-05,"6,096.81 ",0.00 ,0.00 ,0.00 ,0.00 ,69.28 ,"54,669,600.00 ",0.00 ,0.00 ,"1,204.72 ","1,399.27 ",190.93 ,,
1994-06,"7,317.69 ",0.00 ,0.00 ,0.00 ,0.00 ,82.98 ,"65,718,600.00 ",0.00 ,0.00 ,"1,440.07 ","1,698.96 ",228.50 ,,
1994-07,"8,573.34 ",0.00 ,0.00 ,0.00 ,0.00 ,97.65 ,"77,290,200.00 ",0.00 ,0.00 ,"1,676.36 ","2,001.82 ",267.49 ,,
1994-08,"9,812.65 ",0.00 ,0.00 ,0.00 ,0.00 ,111.34 ,"88,224,700.00 ",0.00 ,0.00 ,"1,893.97 ","2,300.53 ",305.77 ,,
1994-09,"10,991.86 ",0.00 ,0.00 ,0.00 ,0.00 ,124.84 ,"98,002,100.00 ",0.00 ,0.00 ,"2,107.43 ","2,568.23 ",334.77 ,,
1994-10,"12,251.06 ",0.00 ,0.00 ,0.00 ,0.00 ,139.23 ,"109,158,600.00 ",0.00 ,0.00 ,"2,347.32 ","2,864.69 ",368.17 ,,
1994-11,"13,501.48 ",0.00 ,0.00 ,0.00 ,0.00 ,153.94 ,"120,337,500.00 ",0.00 ,0.00 ,"2,588.04 ","3,150.71 ",400.64 ,,
1994-12,"14,764.72 ",0.00 ,0.00 ,0.00 ,0.00 ,169.72 ,"132,041,300.00 ",0.00 ,0.00 ,"2,840.63 ","3,424.37 ",433.42 ,,
1995-01,"1,236.29 ",36.36 ,0.00 ,0.00 ,0.00 ,13.32 ,"11,468,000.00 ","8,624.00 ",14.60 ,244.63 ,293.50 ,35.24 ,,
1995-02,"2,399.73 ",65.16 ,0.00 ,0.00 ,0.00 ,27.58 ,"22,513,000.00 ","16,614.40 ",0.89 ,487.87 ,582.74 ,66.83 ,,
1995-03,"3,686.95 ",245.07 ,0.00 ,0.00 ,0.07 ,42.31 ,"34,782,000.00 ","27,532.20 ",24.74 ,751.65 ,913.83 ,98.49 ,,
1995-04,"4,830.53 ",345.56 ,0.00 ,0.00 ,0.12 ,56.90 ,"45,829,000.00 ","38,690.50 ",7.07 ,984.38 ,"1,236.07 ",131.31 ,,
1995-05,"6,071.34 ",552.89 ,0.00 ,0.00 ,0.16 ,71.01 ,"57,154,000.00 ","50,150.60 ",5.70 ,"1,201.71 ","1,533.69 ",166.70 ,,
1995-06,"7,312.45 ",697.11 ,0.00 ,0.00 ,0.16 ,85.43 ,"69,022,000.00 ","62,209.10 ",15.90 ,"1,440.92 ","1,852.77 ",201.44 ,,
1995-07,"8,587.68 ",794.94 ,0.00 ,0.00 ,0.16 ,99.87 ,"82,613,000.00 ","72,945.30 ",2.03 ,"1,698.03 ","2,199.10 ",239.13 ,,
1995-08,"9,867.09 ",887.52 ,0.00 ,0.00 ,0.16 ,113.68 ,"94,728,000.00 ","83,190.50 ",12.53 ,"1,949.13 ","2,534.04 ",279.62 ,,
1995-09,"11,126.09 ","1,128.65 ",0.00 ,0.00 ,0.18 ,127.85 ,"105,082,000.00 ","93,795.00 ",5.62 ,"2,199.12 ","2,858.50 ",318.99 ,,
1995-10,"12,435.20 ","1,281.39 ",0.00 ,0.00 ,0.18 ,142.61 ,"117,387,000.00 ","104,945.50 ",19.11 ,"2,472.72 ","3,211.01 ",357.96 ,,
1995-11,"13,693.50 ","1,449.06 ",0.00 ,0.00 ,0.19 ,157.06 ,"129,898,000.00 ","116,163.50 ",30.54 ,"2,755.86 ","3,555.37 ",398.71 ,,
1995-12,"14,901.96 ","1,709.00 ",0.00 ,0.00 ,0.19 ,171.97 ,"142,697,000.00 ","129,232.00 ",24.78 ,"3,029.14 ","3,889.89 ",435.32 ,,
1996-01,"1,271.51 ",144.00 ,0.00 ,0.00 ,0.00 ,14.62 ,"12,341,000.00 ",0.00 ,0.00 ,284.27 ,336.92 ,37.39 ,,
1996-02,"2,542.34 ",289.00 ,0.00 ,0.00 ,0.00 ,32.24 ,"24,900,100.00 ",0.00 ,0.00 ,568.22 ,676.44 ,77.87 ,,
1996-03,"3,888.36 ",491.00 ,0.00 ,0.00 ,0.00 ,48.93 ,"37,552,600.00 ",0.00 ,0.00 ,847.42 ,"1,049.43 ",116.65 ,,
1996-04,"5,155.46 ",707.00 ,0.00 ,0.00 ,0.00 ,64.92 ,"49,597,500.00 ",0.00 ,0.00 ,"1,116.16 ","1,397.28 ",158.09 ,,
1996-05,"6,508.03 ",876.00 ,0.00 ,0.00 ,0.00 ,81.02 ,"62,076,100.00 ",0.00 ,0.00 ,"1,383.09 ","1,753.02 ",207.18 ,,
1996-06,"7,831.61 ","1,086.00 ",0.00 ,0.00 ,0.00 ,97.06 ,"74,545,400.00 ",0.00 ,0.00 ,"1,640.02 ","2,120.15 ",257.30 ,,
1996-07,"9,190.73 ","1,242.00 ",0.00 ,0.00 ,0.00 ,113.01 ,"87,831,400.00 ",0.00 ,0.00 ,"1,915.60 ","2,515.49 ",297.32 ,,
1996-08,"10,521.27 ","1,430.00 ",0.00 ,0.00 ,0.00 ,131.30 ,"100,589,900.00 ",0.00 ,0.00 ,"2,189.03 ","2,898.65 ",343.02 ,,
1996-09,"11,818.27 ","1,568.00 ",0.00 ,0.00 ,0.00 ,147.81 ,"112,462,300.00 ",0.00 ,0.00 ,"2,433.77 ","3,258.74 ",388.04 ,,
1996-10,"13,189.54 ","1,841.00 ",0.00 ,0.00 ,0.00 ,164.95 ,"125,116,500.00 ",0.00 ,0.00 ,"2,697.93 ","3,618.99 ",436.75 ,,
1996-11,"14,523.18 ","2,053.00 ",0.00 ,0.00 ,0.00 ,182.16 ,"137,514,300.00 ",0.00 ,0.00 ,"2,951.04 ","3,970.14 ",482.99 ,,
1996-12,"15,851.81 ","2,262.00 ",0.00 ,0.00 ,0.00 ,199.04 ,"150,394,800.00 ",0.00 ,0.00 ,"3,230.77 ","4,325.39 ",529.18 ,,
1997-01,"1,374.46 ",156.61 ,0.00 ,0.00 ,0.48 ,18.21 ,"14,166,000.00 ","10,932.80 ",17.67 ,280.32 ,384.24 ,42.33 ,,
1997-02,"2,614.32 ",397.65 ,0.00 ,0.00 ,0.79 ,36.00 ,"26,101,000.00 ","18,900.40 ",7.07 ,530.24 ,740.67 ,102.04 ,,
1997-03,"4,000.52 ",728.03 ,0.00 ,0.00 ,0.94 ,61.16 ,"39,872,000.00 ","30,989.00 ",5.33 ,805.87 ,"1,163.82 ",126.12 ,,
1997-04,"5,348.96 ",990.52 ,0.00 ,0.00 ,0.95 ,82.25 ,"52,411,000.00 ","42,886.20 ",3.45 ,"1,072.14 ","1,544.43 ",171.34 ,,
1997-05,"6,738.15 ","1,170.91 ",0.00 ,0.00 ,1.19 ,99.33 ,"66,111,000.00 ","55,070.30 ",20.41 ,"1,334.44 ","1,948.19 ",217.64 ,,
1997-06,"8,082.15 ","1,442.17 ",0.00 ,0.00 ,1.29 ,118.72 ,"80,735,000.00 ","67,577.20 ",13.71 ,"1,623.13 ","2,374.87 ",265.24 ,,
1997-07,"9,461.58 ","1,770.73 ",0.00 ,0.00 ,1.31 ,138.67 ,"94,165,000.00 ","78,561.60 ",27.14 ,"1,911.36 ","2,803.05 ",310.98 ,,
1997-08,"10,819.00 ","2,112.89 ",0.00 ,0.00 ,1.37 ,158.74 ,"108,046,000.00 ","89,802.40 ",18.46 ,"2,204.10 ","3,212.30 ",361.30 ,,
1997-09,"12,156.34 ","2,408.75 ",0.00 ,0.00 ,1.42 ,178.86 ,"121,901,000.00 ","100,768.50 ",19.63 ,"2,502.47 ","3,609.91 ",415.32 ,,
1997-10,"13,531.38 ","2,711.17 ",0.00 ,0.00 ,1.44 ,200.04 ,"136,493,000.00 ","112,035.10 ",3.96 ,"2,829.35 ","4,022.74 ",472.10 ,,
1997-11,"14,856.67 ","3,057.39 ",0.00 ,0.00 ,1.47 ,222.03 ,"151,172,000.00 ","123,887.70 ",33.39 ,"3,162.84 ","4,441.65 ",523.81 ,,
1997-12,"16,209.91 ","3,547.15 ",0.00 ,0.00 ,1.51 ,245.00 ,"165,840,000.00 ","135,615.70 ",30.14 ,"3,482.51 ","4,853.24 ",573.69 ,,
1998-01,"1,370.84 ",151.85 ,0.00 ,0.00 ,0.02 ,19.07 ,"13,285,000.00 ","7,248.70 ",7.75 ,272.08 ,348.08 ,48.25 ,,
1998-02,"2,525.51 ",494.14 ,0.00 ,0.00 ,0.02 ,36.80 ,"25,463,000.00 ","13,475.20 ",4.41 ,530.00 ,665.61 ,99.69 ,,
1998-03,"3,944.91 ",805.40 ,0.00 ,0.00 ,0.02 ,56.43 ,"39,429,000.00 ","23,129.30 ",6.38 ,819.15 ,"1,056.31 ",154.71 ,,
1998-04,"5,232.44 ","1,112.02 ",0.00 ,0.00 ,0.06 ,74.75 ,"53,190,000.00 ","32,967.20 ",6.21 ,"1,090.83 ","1,412.85 ",206.84 ,,
1998-05,"6,589.08 ","1,304.35 ",0.00 ,0.00 ,0.06 ,90.83 ,"66,959,000.00 ","43,417.70 ",13.02 ,"1,358.33 ","1,793.79 ",260.62 ,,
1998-06,"7,930.23 ","1,602.09 ",0.00 ,0.00 ,0.06 ,107.42 ,"81,110,000.00 ","53,970.70 ",7.53 ,"1,639.20 ","2,198.94 ",311.55 ,,
1998-07,"9,296.50 ","1,856.73 ",0.00 ,0.00 ,0.09 ,124.81 ,"96,084,900.00 ","63,622.50 ",13.59 ,"1,952.50 ","2,642.06 ",359.08 ,,
1998-08,"10,646.30 ","2,081.53 ",0.00 ,0.00 ,0.11 ,141.38 ,"108,332,500.00 ","72,033.90 ",28.11 ,"2,257.87 ","3,047.93 ",406.54 ,,
1998-09,"11,964.12 ","2,297.13 ",0.00 ,0.00 ,0.21 ,159.26 ,"120,594,100.00 ","81,577.30 ",17.35 ,"2,515.96 ","3,445.05 ",456.86 ,,
1998-10,"13,325.69 ","2,413.87 ",0.00 ,0.00 ,0.37 ,178.43 ,"134,433,100.00 ","91,859.80 ",21.32 ,"2,809.55 ","3,890.68 ",511.41 ,,
1998-11,"14,676.06 ","2,550.89 ",0.00 ,0.00 ,0.42 ,198.16 ,"148,754,700.00 ","103,141.60 ",13.45 ,"3,133.38 ","4,371.93 ",567.95 ,,
1998-12,"16,260.33 ","2,680.17 ",0.00 ,0.00 ,0.58 ,222.97 ,"165,702,900.00 ","123,555.10 ",19.10 ,"3,465.40 ","4,884.11 ",574.89 ,,
1999-01,"1,363.47 ",130.89 ,0.00 ,0.00 ,0.00 ,20.05 ,"14,795,000.00 ","8,348.50 ",22.57 ,319.35 ,483.30 ,43.30 ,,
1999-02,"2,596.32 ",297.94 ,0.00 ,0.00 ,0.08 ,39.02 ,"28,535,000.00 ","14,345.60 ",3.75 ,603.76 ,951.00 ,95.90 ,,
1999-03,"3,952.46 ",731.19 ,0.00 ,0.00 ,0.13 ,60.31 ,"43,076,000.00 ","22,611.60 ",18.73 ,905.46 ,"1,481.10 ",147.26 ,,
1999-04,"5,272.35 ","1,024.10 ",0.00 ,0.00 ,0.13 ,78.51 ,"57,915,000.00 ","32,156.90 ",0.12 ,"1,207.95 ","2,006.86 ",208.29 ,,
1999-05,"6,639.61 ","1,332.79 ",0.00 ,0.00 ,0.13 ,100.17 ,"72,622,000.00 ","38,803.20 ",14.54 ,"1,506.27 ","2,550.36 ",262.04 ,,
1999-06,"7,962.14 ","1,631.05 ",0.00 ,0.00 ,0.13 ,120.00 ,"88,065,000.00 ","47,153.60 ",21.70 ,"1,799.20 ","3,089.22 ",326.48 ,,
1999-07,"9,336.95 ","1,862.57 ",0.00 ,0.00 ,0.13 ,140.35 ,"102,836,000.00 ","54,687.70 ",15.50 ,"2,105.42 ","3,624.05 ",390.93 ,,
1999-08,"10,698.64 ","2,281.75 ",0.00 ,0.00 ,0.13 ,160.56 ,"118,606,000.00 ","62,381.30 ",17.18 ,"2,415.13 ","4,168.59 ",461.82 ,,
1999-09,"11,985.80 ","2,710.38 ",0.00 ,0.00 ,0.13 ,180.72 ,"133,542,000.00 ","70,214.60 ",19.30 ,"2,708.28 ","4,684.66 ",529.01 ,,
1999-10,"13,325.76 ","2,918.81 ",0.00 ,0.00 ,0.13 ,201.36 ,"149,622,000.00 ","78,407.40 ",19.10 ,"3,021.78 ","5,212.23 ",606.18 ,,
1999-11,"14,664.16 ","3,286.11 ",0.00 ,0.00 ,0.13 ,223.84 ,"166,162,000.00 ","86,666.20 ",1.44 ,"3,359.66 ","5,739.86 ",670.21 ,,
1999-12,"16,021.54 ","3,661.37 ",0.00 ,0.00 ,0.13 ,251.98 ,"183,566,000.00 ","97,780.60 ",13.36 ,"3,741.27 ","6,302.68 ",719.46 ,,
2000-01,"1,346.52 ",450.48 ,0.00 ,0.00 ,0.00 ,24.40 ,"16,176,900.00 ","6,614.00 ",15.50 ,330.01 ,532.52 ,52.55 ,,
2000-02,"2,677.61 ","1,032.50 ",0.00 ,0.00 ,0.00 ,48.25 ,"32,927,200.00 ","10,763.90 ",14.29 ,674.96 ,"1,055.88 ",113.48 ,,
2000-03,"4,082.28 ","1,711.59 ",0.00 ,0.00 ,0.00 ,69.72 ,"51,679,400.00 ","18,423.40 ",17.92 ,"1,046.97 ","1,694.87 ",205.46 ,,
2000-04,"5,420.84 ","2,271.75 ",0.00 ,0.00 ,0.00 ,90.58 ,"68,726,000.00 ","25,400.60 ",17.65 ,"1,352.49 ","2,273.65 ",283.30 ,,
2000-05,"6,791.93 ","2,697.14 ",0.00 ,0.00 ,0.02 ,112.13 ,"86,239,000.00 ","32,828.70 ",20.52 ,"1,682.10 ","2,853.48 ",358.82 ,,
2000-06,"8,109.79 ","3,241.11 ",0.00 ,0.00 ,0.02 ,134.23 ,"104,066,000.00 ","40,337.10 ",14.98 ,"2,042.85 ","3,432.05 ",437.63 ,,
2000-07,"9,475.58 ","3,799.25 ",0.00 ,0.00 ,0.03 ,155.25 ,"121,598,000.00 ","47,436.30 ",19.93 ,"2,380.47 ","4,034.57 ",511.06 ,,
2000-08,"10,830.80 ","4,524.87 ",0.00 ,0.00 ,0.03 ,176.95 ,"140,369,000.00 ","54,453.70 ",6.37 ,"2,747.70 ","4,688.26 ",583.05 ,,
2000-09,"12,167.02 ","5,202.18 ",0.00 ,0.00 ,0.03 ,198.61 ,"158,109,000.00 ","61,626.70 ",25.41 ,"3,096.28 ","5,292.38 ",655.44 ,,
2000-10,"13,543.55 ","5,793.91 ",0.00 ,0.00 ,0.03 ,220.87 ,"175,731,000.00 ","68,856.20 ",15.05 ,"3,440.75 ","5,920.86 ",727.93 ,,
2000-11,"14,874.23 ","6,443.38 ",0.00 ,0.00 ,0.03 ,245.23 ,"193,223,000.00 ","76,558.20 ",21.54 ,"3,788.37 ","6,516.99 ",800.24 ,,
2000-12,"16,262.03 ","7,013.43 ",0.00 ,0.00 ,0.03 ,277.26 ,"210,620,000.00 ","88,009.90 ",22.54 ,"4,134.67 ","7,079.62 ",872.29 ,,
2001-01,"1,351.77 ",370.42 ,0.00 ,0.00 ,0.00 ,24.53 ,"16,266,000.00 ","6,345.40 ",5.72 ,330.69 ,538.05 ,61.52 ,,
2001-02,"2,651.79 ",889.91 ,0.00 ,0.00 ,0.00 ,49.88 ,"31,915,000.00 ","13,131.00 ",7.90 ,659.87 ,"1,076.84 ",120.01 ,,
2001-03,"4,098.79 ","1,359.08 ",0.00 ,0.00 ,0.00 ,74.28 ,"50,651,000.00 ","21,487.70 ",12.00 ,"1,016.27 ","1,677.87 ",182.29 ,,
2001-04,"5,436.97 ","2,072.51 ",0.00 ,0.00 ,0.00 ,97.15 ,"68,235,000.00 ","29,257.80 ",25.56 ,"1,385.09 ","2,313.33 ",244.62 ,,
2001-05,"6,855.65 ","2,546.37 ",0.00 ,0.00 ,0.00 ,121.42 ,"87,639,000.00 ","37,363.50 ",22.26 ,"1,805.97 ","3,017.13 ",316.52 ,,
2001-06,"8,184.31 ","3,200.75 ",0.00 ,0.00 ,0.00 ,146.82 ,"105,510,000.00 ","45,505.20 ",9.28 ,"2,137.94 ","3,653.37 ",389.45 ,,
2001-07,"9,569.50 ","3,704.19 ",0.00 ,0.00 ,0.02 ,171.63 ,"122,042,000.00 ","52,923.00 ",5.76 ,"2,471.72 ","4,264.72 ",458.77 ,,
2001-08,"10,972.03 ","4,303.35 ",0.00 ,0.00 ,0.02 ,197.40 ,"138,829,000.00 ","60,671.10 ",9.24 ,"2,795.49 ","4,886.80 ",526.63 ,,
2001-09,"12,323.07 ","4,801.27 ",0.00 ,0.00 ,0.02 ,222.35 ,"156,623,000.00 ","68,783.70 ",30.69 ,"3,119.78 ","5,528.43 ",590.41 ,,
2001-10,"13,730.04 ","5,202.26 ",0.00 ,0.00 ,0.02 ,247.85 ,"175,127,000.00 ","77,147.00 ",24.51 ,"3,471.46 ","6,185.16 ",662.82 ,,
2001-11,"15,092.76 ","5,626.28 ",0.00 ,0.00 ,0.02 ,291.39 ,"192,889,000.00 ","85,955.10 ",40.12 ,"3,802.97 ","6,810.25 ",733.46 ,,
2001-12,"16,493.14 ","6,025.54 ",0.00 ,0.00 ,0.02 ,303.44 ,"209,926,000.00 ","96,417.90 ",56.30 ,"4,124.79 ","7,404.87 ",789.35 ,,
2002-01,"1,428.96 ",470.60 ,0.00 ,0.00 ,0.00 ,31.03 ,"16,841,000.00 ","8,633.10 ",108.97 ,340.42 ,587.56 ,55.38 ,,
2002-02,"2,690.53 ",921.23 ,0.00 ,0.00 ,0.00 ,59.47 ,"33,288,000.00 ","15,182.50 ",150.72 ,653.45 ,"1,141.17 ",117.58 ,,
2002-03,"4,139.28 ","1,457.96 ",0.00 ,0.00 ,0.00 ,85.19 ,"50,523,000.00 ","24,746.70 ",108.42 ,992.30 ,"1,790.24 ",183.15 ,,
2002-04,"5,508.92 ","2,107.20 ",0.00 ,0.00 ,0.00 ,111.51 ,"69,429,000.00 ","34,040.80 ",95.38 ,"1,340.52 ","2,461.57 ",254.80 ,,
2002-05,"6,964.80 ","2,662.51 ",0.00 ,0.00 ,0.00 ,138.22 ,"89,163,000.00 ","43,256.40 ",64.26 ,"1,715.69 ","3,178.82 ",326.97 ,,
2002-06,"8,445.47 ","3,299.31 ",0.00 ,0.00 ,0.00 ,162.02 ,"107,119,000.00 ","52,511.40 ",50.35 ,"2,071.87 ","3,809.14 ",403.11 ,,
2002-07,"9,888.09 ","3,899.85 ",0.00 ,0.00 ,0.01 ,188.40 ,"124,123,000.00 ","61,172.80 ",70.13 ,"2,426.90 ","4,434.97 ",468.52 ,,
2002-08,"11,370.31 ","4,555.69 ",0.00 ,0.00 ,0.01 ,214.76 ,"140,893,000.00 ","70,602.00 ",57.43 ,"2,762.35 ","4,988.56 ",537.80 ,,
2002-09,"12,658.84 ","5,177.50 ",0.00 ,0.00 ,0.01 ,240.68 ,"161,285,000.00 ","79,963.60 ",95.65 ,"3,149.73 ","5,701.39 ",603.20 ,,
2002-10,"14,122.50 ","5,688.98 ",0.00 ,0.00 ,0.01 ,266.96 ,"180,916,000.00 ","89,455.40 ",100.13 ,"3,539.71 ","6,365.77 ",681.31 ,,
2002-11,"15,516.56 ","6,421.50 ",0.00 ,0.00 ,0.01 ,296.08 ,"199,909,000.00 ","99,513.40 ",97.06 ,"3,935.86 ","7,016.68 ",763.78 ,,
2002-12,"16,700.00 ","6,940.77 ",0.00 ,0.00 ,0.01 ,326.33 ,"219,554,000.00 ","111,293.50 ",111.60 ,"4,320.76 ","7,706.10 ",826.11 ,,
2003-01,"1,433.75 ",836.47 ,0.00 ,0.00 ,0.00 ,32.09 ,"19,304,000.00 ","9,630.90 ",157.35 ,392.92 ,666.65 ,74.16 ,,
2003-02,"2,721.24 ","1,494.26 ",0.00 ,0.00 ,0.00 ,59.54 ,"37,758,000.00 ","18,056.60 ",112.15 ,756.93 ,"1,304.84 ",152.64 ,,
2003-03,"4,202.12 ","2,221.79 ",0.00 ,0.00 ,0.00 ,86.40 ,"56,968,000.00 ","28,700.30 ",76.65 ,"1,157.02 ","1,999.06 ",229.92 ,,
2003-04,"5,613.04 ","3,010.84 ",0.00 ,0.00 ,0.00 ,113.77 ,"76,760,000.00 ","39,119.60 ",67.22 ,"1,550.41 ","2,706.68 ",301.97 ,,
2003-05,"7,071.11 ","3,615.28 ",0.00 ,0.00 ,0.00 ,141.09 ,"95,042,000.00 ","50,008.20 ",63.81 ,"1,914.86 ","3,368.21 ",354.95 ,,
2003-06,"8,490.54 ","4,380.84 ",0.00 ,0.00 ,0.00 ,167.50 ,"113,896,000.00 ","61,609.40 ",68.33 ,"2,292.68 ","4,058.57 ",402.30 ,,
2003-07,"9,934.83 ","5,063.83 ","1,571.00 ",821.00 ,0.00 ,194.80 ,"134,168,000.00 ","72,624.70 ",75.19 ,"2,680.40 ","4,795.67 ",464.40 ,,
2003-08,"11,373.80 ","5,742.58 ","1,855.00 ",925.00 ,0.00 ,221.80 ,"154,852,000.00 ","83,291.10 ",86.55 ,"3,076.09 ","5,541.01 ",543.72 ,,
2003-09,"12,637.41 ","6,721.69 ","2,162.00 ","1,057.00 ",0.00 ,249.00 ,"175,750,000.00 ","93,938.90 ",121.87 ,"3,474.48 ","6,250.13 ",625.41 ,,
2003-10,"14,080.55 ","7,414.99 ","2,374.00 ","1,148.00 ",0.00 ,278.40 ,"197,497,000.00 ","105,488.50 ",65.97 ,"3,895.35 ","7,001.22 ",708.38 ,,
2003-11,"15,468.29 ","8,178.92 ","2,588.00 ","1,242.00 ",0.00 ,307.10 ,"220,231,000.00 ","117,779.20 ",78.08 ,"4,323.27 ","7,733.48 ",783.52 ,,
2003-12,"16,959.98 ","9,112.63 ","2,824.00 ","1,382.00 ",0.00 ,350.15 ,"242,551,000.00 ","132,669.60 ",110.06 ,"4,790.86 ","8,532.78 ",855.30 ,,
2004-01,"1,452.44 ","1,029.53 ",245.00 ,42.00 ,0.00 ,34.40 ,"22,415,000.00 ","9,694.90 ",112.03 ,446.26 ,800.49 ,79.56 ,,
2004-02,"2,841.05 ","2,082.07 ",527.00 ,128.00 ,0.00 ,67.40 ,"44,553,000.00 ","20,672.80 ",90.95 ,866.23 ,"1,592.14 ",160.25 ,,
2004-03,"4,261.63 ","3,013.98 ",831.00 ,233.00 ,0.00 ,100.90 ,"66,635,000.00 ","33,526.10 ",136.47 ,"1,295.81 ","2,402.76 ",236.90 ,,
2004-04,"5,673.41 ","4,014.30 ","1,268.00 ",322.00 ,0.00 ,132.10 ,"88,700,000.00 ","46,927.80 ",153.03 ,"1,723.51 ","3,222.15 ",305.80 ,,
2004-05,"7,147.83 ","4,976.01 ","1,604.00 ",418.00 ,0.00 ,164.50 ,"111,697,000.00 ","60,020.20 ",119.32 ,"2,152.47 ","4,074.50 ",382.78 ,,
2004-06,"8,571.33 ","6,102.55 ","1,985.00 ",510.00 ,0.00 ,194.90 ,"133,904,000.00 ","74,308.90 ",167.90 ,"2,574.72 ","4,930.08 ",465.21 ,,
2004-07,"10,054.73 ","7,063.56 ","2,266.00 ",605.00 ,0.00 ,227.20 ,"156,810,000.00 ","87,523.00 ",187.24 ,"2,996.61 ","5,789.50 ",545.90 ,,
2004-08,"11,538.08 ","7,996.54 ","2,531.00 ",735.00 ,0.00 ,260.40 ,"179,373,000.00 ","100,730.50 ",120.24 ,"3,441.86 ","6,674.30 ",624.79 ,,
2004-09,"13,029.81 ","9,031.37 ","2,780.00 ",835.00 ,0.00 ,294.00 ,"201,882,000.00 ","114,339.40 ",199.15 ,"3,874.72 ","7,517.23 ",711.40 ,,
2004-10,"14,503.58 ","9,958.91 ","3,049.00 ",908.00 ,0.00 ,329.10 ,"225,064,000.00 ","128,532.00 ",168.75 ,"4,324.92 ","8,369.59 ",802.76 ,,
2004-11,"15,958.28 ","11,071.33 ","3,448.00 ","1,012.00 ",0.01 ,366.80 ,"248,608,000.00 ","142,738.10 ",201.96 ,"4,772.64 ","9,225.82 ",883.95 ,,
2004-12,"17,587.33 ","12,281.55 ","3,788.00 ","1,146.00 ",0.01 ,414.60 ,"273,068,000.00 ","160,610.90 ",219.10 ,"5,277.99 ","10,178.66 ",970.75 ,,
2005-01,"1,532.27 ",781.60 ,337.00 ,110.00 ,0.00 ,45.00 ,"24,256,000.00 ","12,879.10 ",202.55 ,449.79 ,863.55 ,80.66 ,,
2005-02,"2,896.36 ","1,816.65 ",561.00 ,182.00 ,0.00 ,80.40 ,"47,228,000.00 ","24,188.50 ",118.58 ,902.97 ,"1,730.79 ",160.16 ,,
2005-03,"4,473.10 ","2,963.79 ",831.00 ,340.00 ,0.00 ,122.50 ,"71,871,000.00 ","38,212.20 ",218.63 ,"1,353.78 ","2,656.34 ",253.43 ,,
2005-04,"5,946.77 ","4,189.19 ","1,082.00 ",481.00 ,0.00 ,160.70 ,"96,443,000.00 ","52,860.70 ",197.66 ,"1,780.11 ","3,552.05 ",335.70 ,,
2005-05,"7,480.88 ","5,230.15 ","1,275.00 ",640.00 ,0.00 ,200.70 ,"121,003,000.00 ","67,766.40 ",236.91 ,"2,216.06 ","4,475.09 ",417.00 ,,
2005-06,"8,979.73 ","6,355.23 ","1,575.00 ",759.00 ,0.00 ,238.50 ,"144,992,000.00 ","83,698.10 ",234.98 ,"2,625.25 ","5,359.50 ",500.06 ,,
2005-07,"10,525.35 ","7,462.28 ","1,812.00 ",882.00 ,0.00 ,278.30 ,"169,628,000.00 ","98,924.70 ",286.52 ,"3,086.04 ","6,301.65 ",590.44 ,,
2005-08,"12,078.63 ","8,338.70 ","2,048.00 ","1,047.00 ",0.00 ,318.90 ,"187,440,000.00 ","114,490.40 ",178.15 ,"3,540.36 ","7,253.54 ",688.70 ,,
2005-09,"13,564.46 ","9,423.40 ","2,324.00 ","1,155.00 ",0.00 ,358.30 ,"213,005,000.00 ","130,377.10 ",179.39 ,"4,004.10 ","8,201.64 ",771.30 ,,
2005-10,"15,107.40 ","10,548.39 ","2,569.00 ","1,211.00 ",0.00 ,398.10 ,"237,176,000.00 ","146,912.30 ",216.85 ,"4,459.13 ","9,137.33 ",846.99 ,,
2005-11,"16,591.38 ","11,581.78 ","2,825.00 ","1,302.00 ",0.01 ,445.70 ,"261,393,000.00 ","163,858.50 ",246.50 ,"4,934.85 ","10,090.47 ",919.97 ,,
2005-12,"18,083.89 ","12,708.32 ","3,143.00 ","1,401.00 ",0.01 ,499.53 ,"286,223,000.00 ","182,424.50 ",300.60 ,"5,405.33 ","11,061.57 ",988.59 ,,
2006-01,"1,567.97 ","1,322.57 ",262.00 ,95.00 ,0.00 ,54.06 ,"24,825,000.00 ","12,923.00 ",259.59 ,475.01 ,947.36 ,101.21 ,,
2006-02,"2,972.68 ","2,439.92 ",512.00 ,207.00 ,0.00 ,106.06 ,"48,484,000.00 ","26,620.30 ",262.99 ,925.97 ,"1,844.23 ",175.81 ,,
2006-03,"4,544.59 ","3,712.90 ",816.00 ,319.00 ,0.00 ,159.21 ,"73,724,000.00 ","43,148.30 ",369.71 ,"1,396.91 ","2,814.21 ",252.03 ,,
2006-04,"6,055.41 ","4,915.43 ","1,116.00 ",420.00 ,0.00 ,194.71 ,"98,700,000.00 ","60,508.90 ",387.29 ,"1,856.15 ","3,783.04 ",313.49 ,,
2006-05,"7,626.79 ","6,154.78 ","1,415.00 ",529.00 ,0.00 ,240.76 ,"123,869,000.00 ","77,885.70 ",317.97 ,"2,314.08 ","4,755.15 ",404.73 ,,
2006-06,"9,166.40 ","7,333.64 ","1,823.00 ",620.00 ,0.80 ,288.31 ,"149,385,000.00 ","96,129.30 ",240.39 ,"2,761.74 ","5,712.93 ",484.23 ,,
2006-07,"10,739.67 ","8,397.89 ","2,197.00 ",712.00 ,1.67 ,336.35 ,"174,678,000.00 ","112,672.40 ",236.80 ,"3,214.23 ","6,695.71 ",566.25 ,,
2006-08,"12,293.17 ","9,580.02 ","2,575.00 ",820.00 ,1.67 ,384.46 ,"199,152,000.00 ","130,962.20 ",236.46 ,"3,668.09 ","7,665.25 ",647.93 ,,
2006-09,"13,792.85 ","10,925.78 ","2,916.00 ",911.00 ,2.10 ,430.81 ,"224,145,000.00 ","147,758.90 ",308.95 ,"4,123.04 ","8,634.53 ",731.52 ,,
2006-10,"15,338.04 ","12,007.73 ","3,186.00 ",999.00 ,4.52 ,479.59 ,"249,915,000.00 ","167,285.20 ",324.02 ,"4,600.82 ","9,619.67 ",813.87 ,,
2006-11,"16,842.44 ","13,361.54 ","3,424.00 ","1,119.00 ",6.17 ,530.97 ,"279,610,000.00 ","186,055.70 ",447.06 ,"5,091.67 ","10,638.99 ",885.41 ,,
2006-12,"18,367.59 ","14,518.03 ","3,638.00 ","1,235.00 ",9.56 ,585.53 ,"306,506,000.00 ","206,598.70 ",444.82 ,"5,591.36 ","11,653.44 ",959.95 ,,
2007-01,"1,609.47 ","1,368.84 ",277.00 ,93.00 ,1.66 ,58.06 ,"26,443,000.00 ","17,479.00 ",477.00 ,521.70 ,994.18 ,76.48 ,,
2007-02,"3,043.53 ","2,578.59 ",505.00 ,234.00 ,4.19 ,116.00 ,"51,384,000.00 ","31,682.20 ",393.01 ,988.10 ,"1,910.47 ",162.13 ,,
2007-03,"4,604.14 ","3,964.61 ",798.00 ,383.00 ,5.85 ,167.10 ,"78,360,000.00 ","49,492.80 ",572.90 ,"1,470.70 ","2,924.42 ",253.72 ,,
2007-04,"6,144.80 ","5,446.17 ","1,162.00 ",525.00 ,10.05 ,220.50 ,"104,838,000.00 ","68,586.00 ",501.16 ,"1,957.60 ","3,934.08 ",346.69 ,,
2007-05,"7,750.44 ","6,742.73 ","1,479.00 ",647.00 ,11.71 ,275.80 ,"132,791,000.00 ","87,590.30 ",376.60 ,"2,474.11 ","4,997.25 ",451.97 ,,
2007-06,"9,330.98 ","8,154.43 ","1,805.00 ",791.00 ,14.15 ,331.30 ,"160,695,000.00 ","108,190.00 ",410.07 ,"2,980.16 ","6,064.96 ",552.10 ,,
2007-07,"10,869.06 ","9,637.45 ","2,174.00 ",898.00 ,19.10 ,385.60 ,"188,261,000.00 ","127,804.30 ",397.47 ,"3,491.27 ","7,113.32 ",660.58 ,,
2007-08,"12,465.00 ","11,041.15 ","2,428.00 ","1,028.00 ",23.46 ,443.10 ,"215,748,000.00 ","147,207.20 ",405.30 ,"3,991.72 ","8,153.13 ",768.36 ,,
2007-09,"13,992.56 ","12,407.56 ","2,684.00 ","1,186.00 ",29.36 ,501.40 ,"242,891,000.00 ","167,674.20 ",373.27 ,"4,475.92 ","9,175.11 ",866.96 ,,
2007-10,"15,573.09 ","13,668.42 ","2,902.00 ","1,299.00 ",33.48 ,560.90 ,"269,927,000.00 ","187,716.20 ",375.03 ,"4,957.15 ","10,196.11 ",969.27 ,,
2007-11,"17,104.87 ","15,029.90 ","3,115.00 ","1,430.00 ",36.97 ,620.39 ,"297,712,000.00 ","208,754.90 ",438.27 ,"5,457.87 ","11,245.72 ","1,061.73 ",,
2007-12,"18,665.69 ","16,317.55 ","3,380.00 ","1,551.00 ",40.51 ,666.10 ,"326,793,000.00 ","229,467.60 ",438.97 ,"5,994.03 ","12,370.22 ","1,153.27 ",,
2008-01,"1,589.82 ","1,393.73 ",323.00 ,121.00 ,2.62 ,69.12 ,"28,442,000.00 ","18,187.96 ",429.01 ,531.05 ,"1,096.06 ",95.93 ,,
2008-02,"3,078.27 ","2,823.13 ",595.00 ,243.00 ,4.33 ,134.70 ,"55,812,000.00 ","33,539.20 ",282.14 ,"1,036.92 ","2,137.21 ",193.24 ,,
2008-03,"4,684.97 ","4,552.93 ",908.00 ,361.00 ,6.88 ,206.60 ,"84,593,000.00 ","54,009.71 ",425.84 ,"1,569.28 ","3,240.39 ",302.73 ,,
2008-04,"6,222.07 ","5,977.00 ","1,268.00 ",484.00 ,9.55 ,257.40 ,"112,232,000.00 ","76,581.16 ",343.01 ,"2,051.57 ","4,294.98 ",402.00 ,,
2008-05,"7,836.36 ","7,596.82 ","1,734.00 ",648.00 ,16.20 ,350.89 ,"140,231,000.00 ","95,769.50 ",432.66 ,"2,533.75 ","5,376.93 ",493.06 ,,
2008-06,"9,432.63 ","9,053.65 ","2,101.00 ",788.00 ,21.39 ,430.20 ,"169,563,000.00 ","122,446.80 ",298.44 ,"3,051.88 ","6,535.75 ",585.67 ,,
2008-07,"11,049.67 ","10,432.55 ","2,538.00 ",952.00 ,26.60 ,440.50 ,"200,359,000.00 ","145,513.77 ",357.46 ,"3,595.19 ","7,717.96 ",674.02 ,,
2008-08,"12,643.16 ","11,997.92 ","2,872.00 ","1,093.00 ",31.85 ,503.60 ,"229,582,000.00 ","158,483.70 ",406.76 ,"4,130.30 ","8,907.73 ",766.73 ,,
2008-09,"14,189.70 ","13,500.74 ","3,128.00 ","1,230.00 ",36.35 ,565.10 ,"257,946,000.00 ","186,076.06 ",444.10 ,"4,659.88 ","10,040.02 ",868.98 ,,
2008-10,"15,824.74 ","15,116.25 ","3,328.00 ","1,376.00 ",39.93 ,625.68 ,"287,723,000.00 ","216,070.08 ",395.63 ,"5,201.51 ","11,217.68 ",977.61 ,,
2008-11,"17,409.16 ","16,452.28 ","3,522.00 ","1,502.00 ",43.68 ,692.01 ,"314,929,000.00 ","238,885.56 ",254.85 ,"5,773.04 ","12,307.59 ","1,074.30 ",,
2008-12,"18,972.82 ","17,889.30 ","3,885.00 ","1,703.00 ",46.39 ,760.80 ,"342,066,000.00 ","271,582.84 ",297.21 ,"6,347.54 ","13,323.60 ","1,165.37 ",,
2009-01,"1,594.71 ","1,282.39 ",239.00 ,113.00 ,2.82 ,73.50 ,"25,769,251.00 ","16,218.48 ",330.88 ,526.17 ,964.28 ,89.95 ,,
2009-02,"3,026.53 ","2,455.04 ",577.00 ,263.00 ,7.47 ,141.75 ,"51,566,756.00 ","35,278.33 ",508.22 ,"1,059.38 ","1,934.01 ",187.62 ,,
2009-03,"4,605.24 ","4,089.27 ",896.00 ,417.00 ,11.94 ,216.27 ,"82,122,409.81 ","56,886.60 ",582.71 ,"1,687.70 ","3,011.90 ",301.62 ,,
2009-04,"6,174.63 ","5,706.52 ","1,266.00 ",625.00 ,14.73 ,285.81 ,"111,718,265.34 ","79,262.99 ",920.26 ,"2,262.32 ","4,082.30 ",409.46 ,,
2009-05,"7,777.70 ","7,415.63 ","1,600.00 ",796.00 ,21.83 ,347.81 ,"143,245,317.04 ","103,377.30 ",970.03 ,"2,915.75 ","5,296.71 ",527.75 ,,
2009-06,"9,349.16 ","9,076.62 ","1,958.00 ","1,043.00 ",28.37 ,420.34 ,"175,134,463.77 ","130,775.70 ","1,638.45 ","3,480.01 ","6,461.27 ",657.69 ,,
2009-07,"10,963.48 ","11,039.77 ","2,339.00 ","1,257.00 ",37.66 ,491.67 ,"208,489,882.63 ","156,634.91 ","1,409.23 ","4,121.80 ","7,753.68 ",793.08 ,,
2009-08,"12,596.35 ","12,886.29 ","2,610.00 ","1,496.00 ",44.09 ,562.74 ,"241,004,212.47 ","182,249.13 ","1,215.36 ","4,722.34 ","9,014.06 ",933.51 ,,
2009-09,"14,168.71 ","14,606.74 ","2,890.00 ","1,704.00 ",55.05 ,631.58 ,"273,830,524.34 ","208,128.02 ","1,354.01 ","5,300.18 ","10,283.02 ","1,077.07 ",,
2009-10,"15,794.19 ","16,540.89 ","3,127.00 ","1,912.00 ",61.09 ,694.15 ,"307,133,851.01 ","235,207.35 ","1,177.61 ","5,911.92 ","11,538.68 ","1,213.03 ",,
2009-11,"17,360.18 ","18,252.60 ","3,366.00 ","2,136.00 ",69.27 ,772.71 ,"340,265,503.67 ","263,120.88 ","1,372.16 ","6,544.80 ","12,779.77 ","1,343.15 ",,
2009-12,"18,948.96 ","20,378.93 ","3,696.00 ","2,504.00 ",76.92 ,829.92 ,"374,601,206.97 ","304,988.62 ","1,776.04 ","7,194.77 ","14,126.79 ","1,479.43 ",,
2010-01,"1,686.89 ","1,710.58 ",254.00 ,270.00 ,10.80 ,82.87 ,"33,704,018.01 ","26,368.29 ","1,745.80 ",622.19 ,"1,267.41 ",134.77 ,,
2010-02,"3,198.10 ","3,561.88 ",543.00 ,430.00 ,17.99 ,158.70 ,"65,617,331.83 ","46,235.51 ","1,398.52 ","1,191.30 ","2,436.60 ",263.40 ,,
2010-03,"4,818.80 ","5,668.18 ",865.00 ,694.00 ,30.78 ,241.77 ,"100,300,253.74 ","73,140.63 ","1,668.77 ","1,827.60 ","3,702.40 ",402.90 ,,
2010-04,"6,444.80 ","7,785.18 ","1,205.00 ",950.00 ,45.08 ,318.98 ,"134,819,058.50 ","100,811.11 ","1,505.89 ","2,458.00 ","4,985.70 ",549.50 ,,
2010-05,"8,159.60 ","9,569.22 ","1,523.00 ","1,219.00 ",56.65 ,392.39 ,"170,464,327.17 ","128,021.89 ","1,221.67 ","3,112.20 ","6,316.70 ",695.70 ,,
2010-06,"9,847.80 ","11,796.46 ","1,854.00 ","1,434.00 ",70.08 ,459.34 ,"205,859,503.77 ","157,714.03 ","1,333.23 ","3,758.50 ","7,647.00 ",842.20 ,,
2010-07,"11,570.40 ","13,696.70 ","2,132.00 ","1,689.00 ",83.19 ,532.01 ,"241,081,905.30 ","186,904.60 ","1,457.45 ","4,394.90 ","8,991.90 ","1,001.20 ",,
2010-08,"13,311.00 ","15,786.84 ","2,388.00 ","1,896.00 ",100.75 ,624.57 ,"275,836,175.27 ","211,994.17 ","1,453.56 ","5,038.10 ","10,320.20 ","1,151.10 ",,
2010-09,"15,029.90 ","18,115.64 ","2,668.00 ","2,102.00 ",118.10 ,698.58 ,"310,742,137.54 ","241,030.12 ","1,692.69 ","5,666.00 ","11,631.30 ","1,300.70 ",,
2010-10,"16,805.50 ","19,754.69 ","2,940.00 ","2,290.00 ",133.29 ,775.10 ,"347,945,386.54 ","273,788.96 ","1,370.94 ","6,325.50 ","12,987.10 ","1,443.40 ",,
2010-11,"18,555.70 ","21,845.44 ","3,292.00 ","2,499.00 ",145.65 ,867.33 ,"384,602,309.68 ","307,549.83 ","1,627.75 ","6,985.70 ","14,428.40 ","1,579.10 ",,
2010-12,"20,301.40 ","23,931.14 ","3,688.00 ","2,688.00 ",166.16 ,948.48 ,"422,869,256.03 ",0.00 ,"1,980.85 ","7,675.30 ","15,887.40 ","1,714.70 ",,
2011-01,"1,781.33 ","2,179.76 ",385.00 ,214.00 ,19.10 ,97.48 ,"37,187,247.92 ","26,826.30 ","1,891.01 ",683.38 ,"1,408.34 ",141.89 ,,
2011-02,"3,372.20 ","4,174.36 ",715.00 ,400.00 ,37.43 ,186.08 ,"72,401,118.72 ","51,575.70 ",772.87 ,"1,317.30 ","2,748.10 ",283.90 ,,
2011-03,"5,135.60 ","6,341.53 ","1,103.00 ",658.00 ,58.14 ,274.55 ,"111,476,758.85 ","81,981.69 ","1,134.77 ","1,989.30 ","4,130.20 ",429.60 ,,
2011-04,"6,831.90 ","8,495.84 ","1,425.00 ",863.00 ,82.19 ,354.59 ,"148,918,795.67 ","113,789.85 ","1,318.00 ","2,643.20 ","5,525.40 ",584.20 ,,
2011-05,"8,574.40 ","10,650.90 ","1,764.00 ","1,110.00 ",108.45 ,431.73 ,"187,403,986.75 ","146,520.07 ","1,612.28 ","3,321.50 ","6,967.70 ",749.40 ,,
2011-06,"10,289.40 ","12,620.65 ","2,102.00 ","1,313.00 ",136.09 ,513.81 ,"222,959,820.85 ","180,540.15 ","1,714.87 ","3,943.10 ","8,315.60 ",897.70 ,,
2011-07,"12,019.50 ","14,563.94 ","2,410.00 ","1,541.00 ",165.15 ,597.54 ,"260,458,261.88 ","213,322.67 ","2,123.78 ","4,610.00 ","9,714.50 ","1,066.70 ",,
2011-08,"13,730.80 ","16,668.39 ","2,751.00 ","1,752.00 ",191.36 ,678.80 ,"297,434,841.18 ","246,063.15 ","2,060.36 ","5,317.60 ","11,102.50 ","1,236.00 ",,
2011-09,"15,361.20 ","18,713.24 ","3,031.00 ","1,976.00 ",220.98 ,762.31 ,"333,521,524.64 ","278,325.67 ","2,295.03 ","6,003.60 ","12,434.00 ","1,405.60 ",,
2011-10,"17,024.00 ","20,793.46 ","3,322.00 ","2,135.00 ",247.04 ,841.85 ,"370,627,538.53 ","311,434.59 ","1,918.75 ","6,693.70 ","13,805.50 ","1,552.90 ",,
2011-11,"18,670.10 ","23,062.94 ","3,656.00 ","2,345.00 ",278.85 ,930.16 ,"408,492,432.80 ","349,020.87 ","2,715.62 ","7,378.70 ","15,218.50 ","1,716.10 ",,
2011-12,"20,364.60 ","25,254.92 ","4,060.00 ","2,570.00 ",313.98 ,"1,026.89 ","447,734,015.91 ",0.00 ,"2,679.20 ","8,141.10 ","16,676.10 ","1,879.80 ",,
2012-01,"1,736.33 ","2,340.55 ",295.00 ,186.00 ,32.31 ,109.99 ,"39,673,604.58 ","26,227.82 ","1,965.00 ",745.01 ,"1,479.35 ",176.80 ,,
2012-02,"3,368.80 ","4,704.48 ",688.00 ,400.00 ,61.74 ,218.55 ,"76,537,833.35 ","55,964.66 ","2,055.00 ","1,437.10 ","2,868.40 ",344.40 ,,
2012-03,"5,070.20 ","7,059.60 ","1,080.00 ",606.00 ,94.21 ,330.16 ,"114,907,923.26 ","90,686.09 ","2,140.00 ","2,145.60 ","4,259.30 ",509.50 ,,
2012-04,"7,053.70 ","9,285.83 ","1,381.00 ",772.00 ,126.93 ,373.10 ,"152,826,494.35 ","125,923.83 ","2,505.00 ","2,863.40 ","5,700.20 ",677.20 ,,
2012-05,"8,490.70 ","11,833.75 ","1,729.00 ",980.00 ,142.77 ,454.55 ,"192,942,062.64 ","162,155.67 ","2,617.00 ","3,574.30 ","7,154.60 ",853.70 ,,
2012-06,"10,055.40 ","14,005.87 ","2,022.00 ","1,186.00 ",177.61 ,536.25 ,"228,915,454.60 ","198,122.75 ","2,719.00 ","4,271.10 ","8,489.80 ","1,017.40 ",,
2012-07,"11,769.20 ","16,188.97 ","2,331.00 ","1,363.00 ",213.95 ,617.99 ,"266,497,223.59 ","231,508.44 ","2,427.00 ","5,008.30 ","9,877.00 ","1,188.40 ",,
2012-08,"13,675.60 ","18,028.80 ","2,555.00 ","1,573.00 ",246.93 ,697.71 ,"304,298,106.81 ","263,278.40 ","2,044.00 ","5,753.80 ","11,251.20 ","1,373.20 ",,
2012-09,"15,420.20 ","20,036.95 ","2,897.00 ","1,780.00 ",285.09 ,780.02 ,"343,051,698.20 ","297,781.49 ","1,863.00 ","6,565.10 ","12,648.00 ","1,566.20 ",,
2012-10,"17,211.00 ","22,404.74 ","3,217.00 ","1,962.00 ",323.49 ,866.72 ,"382,998,258.54 ","332,773.67 ","2,141.00 ","7,327.20 ","14,082.90 ","1,752.70 ",,
2012-11,"18,950.20 ","24,741.68 ","3,566.00 ","2,177.00 ",360.87 ,964.92 ,"424,610,439.78 ","367,139.42 ","2,898.00 ","8,143.10 ","15,571.30 ","1,941.30 ",,
2012-12,"20,747.80 ","27,109.00 ","3,982.00 ","2,429.00 ",407.71 ,"1,067.14 ","467,910,656.85 ","404,102.99 ","3,511.00 ","8,975.60 ","17,063.70 ","2,131.40 ",,
2013-01,"1,759.90 ","2,515.00 ",391.00 ,243.00 ,41.58 ,106.50 ,"42,891,000.00 ","30,260.61 ","3,055.00 ",865.00 ,"1,512.40 ",197.30 ,,
2013-02,"3,360.40 ","4,593.00 ",730.00 ,463.00 ,82.37 ,202.20 ,"80,652,000.00 ","53,424.77 ","2,330.00 ","1,650.30 ","2,867.70 ",384.10 ,,
2013-03,"5,131.70 ","6,897.00 ","1,043.00 ",728.00 ,120.42 ,294.64 ,"120,489,600.00 ","87,182.77 ","2,615.00 ","2,480.90 ","4,350.20 ",582.10 ,,
2013-04,"6,847.00 ","9,205.00 ","1,432.00 ",996.00 ,166.09 ,386.63 ,"158,682,700.00 ","121,775.40 ","2,869.00 ","3,261.90 ","5,736.70 ",777.30 ,,
2013-05,"8,619.40 ","11,600.00 ","1,832.00 ","1,270.00 ",206.80 ,475.60 ,"197,276,600.00 ","155,340.40 ","2,757.00 ","4,081.80 ","7,162.60 ",991.10 ,,
2013-06,"10,361.46 ","13,817.00 ","2,160.00 ","1,470.00 ",246.95 ,564.10 ,"236,789,900.00 ","188,598.07 ","2,236.00 ","4,885.27 ","8,563.01 ","1,190.83 ",,
2013-07,"12,077.71 ","16,418.00 ","2,485.00 ","1,673.00 ",286.08 ,653.81 ,"277,050,900.00 ","220,746.39 ","2,865.00 ","5,698.74 ","10,013.19 ","1,395.05 ",,
2013-08,"13,808.05 ","18,561.00 ","2,742.00 ","1,922.00 ",335.27 ,742.77 ,"317,160,200.00 ","255,122.34 ","2,596.00 ","6,511.82 ","11,454.76 ","1,621.39 ",,
2013-09,"15,495.87 ","21,129.00 ","3,046.00 ","2,136.00 ",382.89 ,827.79 ,"355,791,200.00 ","289,376.56 ","2,573.00 ","7,292.75 ","12,847.31 ","1,845.69 ",,
2013-10,"17,302.78 ","23,162.00 ","3,338.00 ","2,376.00 ",427.25 ,920.07 ,"396,865,500.00 ","324,043.69 ","2,437.00 ","8,124.41 ","14,326.68 ","2,078.45 ",,
2013-11,"19,030.71 ","25,518.00 ","3,621.00 ","2,587.00 ",470.15 ,"1,020.18 ","436,452,200.00 ","363,148.76 ","2,843.00 ","8,957.49 ","15,786.21 ","2,284.65 ",,
2013-12,"20,812.87 ","28,195.00 ","3,959.00 ","2,851.00 ",529.75 ,"1,129.39 ","478,576,000.00 ","404,981.69 ","3,546.00 ","9,833.31 ","17,272.79 ","2,509.64 ",,
2014-01,"1,758.42 ","2,815.45 ",376.18 ,225.52 ,61.49 ,109.94 ,"38,609,400.00 ","27,868.02 ","3,590.88 ",846.60 ,"1,349.44 ",229.19 ,,
2014-02,"3,369.80 ","5,120.41 ",617.55 ,427.13 ,105.57 ,213.90 ,"78,781,100.00 ","54,967.02 ","2,281.89 ","1,729.24 ","2,763.41 ",459.60 ,,
2014-03,"5,133.70 ","7,472.42 ",854.21 ,700.91 ,145.60 ,323.40 ,"121,311,100.00 ","90,497.67 ","2,529.39 ","2,665.00 ","4,256.80 ",703.40 ,,
2014-04,"6,831.40 ","10,260.68 ","1,108.65 ",920.45 ,189.89 ,421.10 ,"160,874,600.00 ","123,125.05 ","2,710.60 ","3,542.00 ","5,649.10 ",945.00 ,,
2014-05,"8,606.90 ","12,869.17 ","1,289.95 ","1,142.53 ",239.68 ,520.10 ,"201,385,800.00 ","156,640.68 ","2,401.21 ","4,428.10 ","7,071.00 ","1,190.00 ",,
2014-06,"10,357.10 ","15,196.96 ","1,526.14 ","1,366.87 ",287.65 ,613.40 ,"243,217,800.00 ","191,826.12 ","2,505.26 ","5,351.92 ","8,556.83 ","1,441.67 ",,
2014-07,"12,091.29 ","17,573.11 ","1,712.60 ","1,638.68 ",340.45 ,715.60 ,"284,298,500.00 ","224,737.72 ","2,302.92 ","6,238.05 ","9,996.64 ","1,698.53 ",,
2014-08,"13,840.00 ","20,092.43 ","1,965.38 ","1,911.73 ",391.32 ,814.40 ,"327,633,900.00 ","256,776.21 ","1,886.37 ","7,169.90 ","11,486.62 ","1,972.83 ",,
2014-09,"15,608.98 ","22,850.46 ","2,212.55 ","2,127.06 ",438.22 ,909.80 ,"369,650,000.00 ","291,381.63 ","2,115.86 ","8,073.93 ","12,955.09 ","2,236.00 ",,
2014-10,"17,415.00 ","25,259.68 ","2,440.61 ","2,441.39 ",485.17 ,"1,012.80 ","413,166,700.00 ","322,268.15 ","2,013.40 ","9,038.90 ","14,491.30 ","2,481.80 ",,
2014-11,"19,177.00 ","27,800.50 ","2,677.73 ","2,685.36 ",534.18 ,"1,112.60 ","455,408,700.00 ","353,351.83 ","2,102.75 ","9,959.20 ","16,003.10 ","2,727.90 ",,
2014-12,"21,142.90 ","30,837.66 ","2,999.66 ","2,967.35 ",596.55 ,"1,234.10 ","502,770,000.00 ","386,988.02 ","2,721.91 ","11,029.90 ","17,635.30 ","3,001.00 ",,
2015-01,"1,797.16 ","2,798.06 ",234.66 ,207.44 ,59.48 ,119.94 ,"42,940,200.00 ","29,600.00 ","1,678.01 ",967.34 ,"1,486.17 ",279.33 ,,
2015-02,"3,415.04 ","5,353.14 ",502.52 ,375.09 ,117.94 ,224.65 ,"82,635,400.00 ","53,943.00 ","1,526.34 ","1,856.48 ","2,826.41 ",555.31 ,,
2015-03,"5,224.50 ","8,034.09 ",789.86 ,658.08 ,164.16 ,336.40 ,"127,389,900.00 ","84,743.00 ","1,702.65 ","2,869.50 ","4,383.20 ",866.80 ,,
2015-04,"6,974.40 ","11,062.43 ","1,036.92 ",929.34 ,215.36 ,430.40 ,"170,517,000.00 ","111,945.00 ","1,995.23 ","3,875.80 ","5,882.10 ","1,157.30 ",,
2015-05,"8,791.60 ","13,386.71 ","1,268.88 ","1,172.99 ",255.08 ,532.40 ,"214,411,000.00 ","140,286.00 ","1,424.88 ","4,909.40 ","7,420.70 ","1,458.00 ",,
2015-06,"10,603.20 ","16,336.76 ","1,578.76 ","1,478.36 ",304.34 ,629.80 ,"257,756,000.00 ","172,500.00 ","1,660.31 ","5,924.90 ","8,946.40 ","1,758.90 ",,
2015-07,"12,413.50 ","19,408.16 ","1,817.29 ","1,778.65 ",355.26 ,730.80 ,"301,293,000.00 ","206,598.00 ","2,125.86 ","6,960.60 ","10,436.50 ","2,071.90 ",,
2015-08,"14,230.10 ","22,067.33 ","2,048.62 ","2,090.04 ",402.67 ,835.00 ,"345,649,000.00 ","241,400.00 ","1,748.71 ","7,992.30 ","11,979.80 ","2,384.40 ",,
2015-09,"16,084.00 ","24,861.99 ","2,318.77 ","2,444.72 ",448.89 ,931.00 ,"388,213,000.00 ","271,927.00 ","1,776.76 ","8,999.40 ","13,439.20 ","2,692.40 ",,
2015-10,"17,892.72 ","27,497.47 ","2,517.72 ","2,772.62 ",498.79 ,"1,034.90 ","432,406,308.00 ","304,014.00 ","1,396.36 ","10,024.51 ","14,936.93 ","3,010.28 ",,
2015-11,"19,658.80 ","30,231.21 ","2,705.38 ","3,182.78 ",549.47 ,"1,146.00 ","476,139,169.00 ","337,000.00 ","1,619.17 ","11,036.90 ","16,436.10 ","3,323.60 ",,
2015-12,"21,474.20 ","33,550.03 ","2,989.79 ","3,615.49 ",616.70 ,"1,271.40 ","521,992,183.00 ","368,500.00 ","1,764.12 ","12,103.56 ","18,007.89 ","3,658.62 ",,
2016-01,0.00 ,"2,669.00 ",266.00 ,301.00 ,72.67 ,0.00 ,0.00 ,"28,890.00 ","1,523.00 ",0.00 ,0.00 ,0.00 ,,
2016-02,"3,410.80 ","5,849.00 ",530.00 ,600.00 ,139.10 ,251.00 ,"87,077,000.00 ","51,346.00 ","1,354.00 ","2,077.60 ","2,860.30 ",614.80 ,,
2016-03,"5,155.00 ","9,110.00 ",775.00 ,975.00 ,200.65 ,374.00 ,"132,357,000.00 ","80,726.00 ","1,969.00 ","3,175.94 ","4,337.85 ",947.48 ,,
2016-04,"6,813.70 ","12,367.00 ","1,024.00 ","1,343.00 ",265.79 ,479.80 ,"177,107,000.00 ","107,529.00 ","1,880.00 ","4,266.00 ","5,799.30 ","1,265.40 ",,
2016-05,"8,500.60 ","15,591.00 ","1,326.00 ","1,724.00 ",313.88 ,589.50 ,"221,337,000.00 ","133,904.00 ","1,903.00 ","5,322.60 ","7,251.50 ","1,596.30 ",,
2016-06,"10,158.60 ","18,653.00 ","1,547.00 ","2,147.00 ",373.46 ,690.40 ,"267,351,000.00 ","161,658.10 ","2,175.00 ","6,423.00 ","8,708.70 ","1,928.70 ",,
2016-07,"11,834.90 ","21,760.00 ","1,755.00 ","2,603.00 ",424.91 ,793.80 ,"311,863,000.00 ","188,658.70 ","2,121.00 ","7,477.10 ","10,182.10 ","2,272.80 ",,
2016-08,"13,479.80 ","25,045.00 ","1,956.00 ","2,974.00 ",471.29 ,901.80 ,"356,135,000.00 ","216,467.60 ","2,659.00 ","8,556.60 ","11,662.90 ","2,618.00 ",,
2016-09,"15,077.70 ","28,351.00 ","2,150.00 ","3,405.00 ",551.00 ,"1,003.50 ","399,932,000.00 ","244,164.20 ","2,444.00 ","9,568.40 ","13,105.70 ","2,945.90 ",,
2016-10,"16,682.00 ","31,228.00 ","2,326.00 ","3,811.00 ",604.07 ,"1,112.00 ","446,983,000.00 ","272,349.40 ","2,158.00 ","10,687.70 ","14,655.20 ","3,298.30 ",,
2016-11,"18,291.30 ","34,463.00 ","2,526.00 ","4,296.00 ",668.29 ,"1,235.40 ","493,099,000.00 ","303,150.20 ","2,697.00 ","11,808.60 ","16,315.70 ","3,644.80 ",,
2016-12,"19,968.50 ","38,101.00 ","2,784.00 ","4,831.00 ",752.63 ,"1,368.30 ","541,013,000.00 ","334,248.00 ","2,684.00 ","12,932.00 ","17,917.70 ","3,983.80 ",,
2017-01,0.00 ,"3,403.00 ",260.00 ,304.00 ,81.02 ,0.00 ,0.00 ,0.00 ,"2,491.00 ",0.00 ,0.00 ,0.00 ,,
2017-02,"3,144.00 ","6,578.00 ",498.00 ,730.00 ,149.41 ,251.00 ,"90,765,000.00 ","50,678.20 ","1,768.00 ","2,166.90 ","2,911.90 ",687.40 ,,
2017-03,"4,801.80 ","10,473.00 ",768.00 ,"1,196.00 ",209.05 ,387.40 ,"138,216,000.00 ","80,922.60 ","2,209.00 ","3,290.90 ","4,475.90 ","1,036.40 ",,
2017-04,"6,400.90 ","13,912.00 ","1,017.00 ","1,544.00 ",279.75 ,509.40 ,"182,510,000.00 ","110,827.80 ","2,478.00 ","4,337.20 ","5,930.90 ","1,361.50 ",,
2017-05,"8,024.00 ","17,631.00 ","1,269.00 ","1,947.00 ",355.05 ,629.00 ,"229,131,000.00 ","140,652.70 ","2,219.00 ","5,450.70 ","7,445.90 ","1,699.80 ",,
2017-06,"9,645.00 ","21,234.00 ","1,503.00 ","2,366.00 ",432.61 ,741.00 ,"275,210,000.00 ","171,263.00 ","2,160.00 ","6,563.00 ","8,957.50 ","2,042.00 ",,
2017-07,"11,279.00 ","24,708.00 ","1,738.00 ","2,821.00 ",512.50 ,858.00 ,"320,707,000.00 ","200,606.00 ","1,946.00 ","7,621.30 ","10,434.00 ","2,387.90 ",,
2017-08,"12,875.00 ","28,105.00 ","2,011.00 ","3,281.00 ",591.22 ,978.00 ,"367,942,000.00 ","229,999.90 ","2,527.00 ","8,684.90 ","11,922.60 ","2,751.40 ",,
2017-09,"14,428.00 ","31,806.00 ","2,241.00 ","3,663.00 ",673.87 ,"1,087.20 ","418,436,000.00 ","259,202.10 ","2,708.00 ","9,863.70 ","13,530.60 ","3,140.70 ",,
2017-10,"16,013.00 ","34,908.00 ","2,435.00 ","4,035.00 ",754.64 ,"1,211.00 ","468,921,000.00 ","285,279.00 ","2,128.00 ","11,029.90 ","15,159.80 ","3,524.40 ",,
2017-11,"17,563.80 ","38,598.00 ","2,689.00 ","4,610.00 ",845.75 ,"1,338.10 ","518,662,000.00 ","313,595.60 ","2,205.00 ","12,172.70 ","16,751.90 ","3,883.70 ",,
2017-12,"19,151.00 ","41,957.00 ","2,964.00 ","5,216.00 ",955.47 ,"1,474.00 ","567,773,000.00 ","344,545.60 ","2,274.00 ","13,276.20 ","18,318.00 ","4,230.90 ",,
2018-01,0.00 ,"4,064.00 ",287.00 ,412.00 ,108.05 ,0.00 ,0.00 ,0.00 ,"2,781.00 ",0.00 ,0.00 ,0.00 ,,
2018-02,"3,037.50 ","7,290.00 ",549.00 ,761.00 ,203.69 ,261.90 ,"93,404,000.00 ","52,000.00 ","2,091.00 ","2,246.10 ","2,875.00 ",706.50 ,,
2018-03,"4,633.10 ","11,207.00 ",824.00 ,"1,430.00 ",286.35 ,396.70 ,"148,715,000.00 ","80,454.00 ","2,670.00 ","3,481.80 ","4,515.10 ","1,149.50 ",,
2018-04,"6,225.30 ","15,143.00 ","1,125.00 ","1,942.00 ",380.80 ,526.30 ,"199,124,000.00 ","109,671.00 ","2,228.00 ","4,629.90 ","5,987.50 ","1,535.70 ",,
2018-05,"7,822.60 ","19,048.00 ","1,427.00 ","2,555.00 ",483.51 ,652.40 ,"249,784,000.00 ","139,828.70 ","2,233.00 ","5,775.40 ","7,501.90 ","1,943.20 ",,
2018-06,"9,409.20 ","22,482.00 ","1,649.00 ","3,033.00 ",584.67 ,775.00 ,"299,610,000.00 ","169,658.90 ","2,547.00 ","6,919.20 ","8,986.90 ","2,347.30 ",,
2018-07,"10,995.30 ","26,083.00 ","1,915.00 ","3,490.00 ",687.02 ,904.90 ,"350,570,000.00 ","197,818.00 ","2,901.00 ","8,108.10 ","10,432.70 ","2,761.10 ",,
2018-08,"12,595.00 ","29,919.00 ","2,185.00 ","4,022.00 ",794.72 ,"1,039.50 ","400,412,000.00 ","227,846.00 ","2,868.00 ","9,233.30 ","11,863.30 ","3,172.40 ",,
2018-09,"14,112.50 ","33,641.00 ","2,459.00 ","4,410.00 ",900.67 ,"1,161.70 ","452,544,000.00 ","259,492.50 ","2,514.00 ","10,421.10 ","13,337.30 ","3,591.40 ",,
2018-10,"15,721.40 ","37,716.00 ","2,714.00 ","4,809.00 ","1,001.95 ","1,295.30 ","505,098,000.00 ","289,889.00 ","2,308.00 ","11,653.90 ","14,821.00 ","3,985.50 ",,
2018-11,"17,274.80 ","41,811.00 ","3,024.00 ","5,256.00 ","1,128.89 ","1,438.10 ","554,483,000.00 ","321,414.00 ","1,915.00 ","12,815.80 ","16,246.80 ","4,370.00 ",,
2018-12,"18,910.60 ","46,190.00 ","3,348.00 ","5,864.00 ","1,256.81 ","1,610.20 ","603,570,000.00 ","354,591.00 ","1,023.00 ","13,887.70 ","17,376.00 ","4,770.30 ",,
2019-01,0.00 ,"4,260.00 ",338.00 ,542.00 ,136.39 ,0.00 ,0.00 ,0.00 ,"3,350.00 ",0.00 ,0.00 ,0.00 ,,
2019-02,"3,069.20 ","8,182.00 ",572.00 ,923.00 ,241.34 ,286.80 ,"102,490,000.00 ","51,367.00 ","1,764.00 ","2,379.70 ","2,765.40 ",796.00 ,,
2019-03,"4,734.70 ","12,117.00 ",872.00 ,"1,643.00 ",337.45 ,439.80 ,"155,367,000.00 ","81,259.00 ","2,348.00 ","3,586.40 ","4,133.90 ","1,218.60 ",,
2019-04,"6,305.80 ","16,490.00 ","1,222.00 ","2,261.00 ",443.41 ,580.60 ,"207,470,000.00 ","110,961.00 ","2,530.00 ","4,750.70 ","5,457.50 ","1,637.70 ",,
2019-05,"7,928.90 ","20,512.00 ","1,479.00 ","2,709.00 ",548.20 ,724.90 ,"259,489,000.00 ","142,269.00 ","2,747.00 ","5,918.70 ","6,774.30 ","2,065.30 ",,
2019-06,"9,539.00 ","24,461.00 ","1,678.00 ","3,252.00 ",652.33 ,864.10 ,"316,966,000.00 ","176,000.00 ","2,710.00 ","7,036.00 ","8,080.60 ","2,509.80 ",,
2019-07,"11,130.70 ","28,564.00 ","1,840.00 ","3,800.00 ",761.09 ,"1,003.30 ","369,727,000.00 ","209,000.00 ","3,289.00 ","8,153.50 ","9,434.80 ","2,954.80 ",,
2019-08,"12,748.90 ","32,780.00 ","2,049.00 ","4,208.00 ",876.55 ,"1,141.40 ","424,158,000.00 ","240,929.00 ","3,295.00 ","9,291.40 ","10,823.10 ","3,429.50 ",,
2019-09,"14,313.20 ","36,904.00 ","2,263.00 ","4,775.00 ",990.30 ,"1,277.20 ","480,383,000.00 ","273,645.00 ","3,029.00 ","10,479.50 ","12,268.10 ","3,903.00 ",,
2019-10,"15,924.50 ","41,454.00 ","2,485.00 ","5,275.00 ","1,080.51 ","1,422.80 ","537,104,000.00 ","306,000.00 ","2,569.00 ","11,715.60 ","13,693.60 ","4,375.10 ",,
2019-11,"17,494.90 ","46,024.00 ","2,725.00 ","6,006.00 ","1,211.25 ","1,574.60 ","593,000,000.00 ","341,000.00 ","2,078.00 ","12,899.80 ","15,134.00 ","4,825.00 ",,
2019-12,"19,101.40 ","50,572.00 ","3,056.00 ","6,685.00 ","1,342.64 ","1,736.20 ","651,981,000.00 ","375,000.00 ",277.00 ,"14,120.70 ","16,638.30 ","5,272.60 ",,
2020-01,0.00 ,"4,610.00 ",236.00 ,534.00 ,0.00 ,0.00 ,0.00 ,0.00 ,"4,356.00 ",0.00 ,0.00 ,0.00 ,,
2020-02,"3,200.20 ","8,608.00 ",494.00 ,"1,075.00 ",246.30 ,314.10 ,"99,194,000.00 ","49,000.00 ","2,439.00 ","2,044.00 ","2,358.60 ",761.00 ,,
2020-03,"4,856.50 ","12,718.00 ",711.00 ,"1,802.00 ",341.73 ,483.20 ,"149,282,000.00 ","82,991.00 ","2,783.00 ","2,987.00 ","3,596.60 ","1,048.90 ",,
2020-04,"6,444.00 ","16,761.00 ",961.00 ,"2,601.00 ",448.28 ,644.20 ,"203,476,000.00 ","115,243.70 ","3,095.00 ","3,991.00 ","4,938.10 ","1,291.30 ",,
2020-05,"8,089.60 ","21,558.00 ","1,340.00 ","2,990.00 ",556.53 ,788.10 ,"261,395,000.00 ","147,130.30 ","2,206.00 ","5,010.40 ","6,259.40 ","1,580.70 ",,
2020-06,"9,714.80 ","26,875.00 ","1,690.00 ","3,376.00 ",672.40 ,940.20 ,"319,089,000.00 ","180,540.60 ","2,529.00 ","6,070.80 ","7,704.60 ","1,895.80 ",,
2020-07,"11,350.20 ","32,004.00 ","1,882.00 ","3,697.00 ",774.55 ,"1,082.70 ","378,650,000.00 ","212,281.70 ","2,610.00 ","7,249.20 ","9,215.40 ","2,227.90 ",,
2020-08,"13,015.40 ","36,752.00 ","2,077.00 ","4,125.00 ",904.73 ,"1,224.80 ","438,030,000.00 ","245,041.80 ","2,066.00 ","8,440.80 ","10,647.10 ","2,570.10 ",,
2020-09,"14,624.90 ","41,600.00 ","2,263.00 ","4,519.00 ","1,025.18 ","1,370.70 ","495,381,000.00 ","278,715.30 ","1,868.00 ","9,636.40 ","11,969.50 ","2,931.70 ",,
2020-10,"16,266.10 ","45,856.00 ","2,413.00 ","5,098.00 ","1,129.87 ","1,534.10 ","555,181,000.00 ","312,742.70 ","1,373.00 ","10,826.60 ","13,299.20 ","3,306.30 ",,
2020-11,"17,862.60 ","50,392.00 ","2,618.00 ","5,593.00 ","1,257.45 ","1,702.40 ","614,406,000.00 ","348,173.30 ","1,176.00 ","12,000.60 ","14,603.90 ","3,674.20 ",,
2020-12,"19,492.00 ","54,239.00 ","2,835.00 ","6,183.00 ","1,413.52 ","1,888.50 ","674,408,000.00 ","384,374.00 ","3,908.00 ","13,171.70 ","15,904.90 ","4,049.40 ",,
2021-01,0.00 ,"4,459.00 ",188.00 ,566.00 ,0.00 ,0.00 ,0.00 ,0.00 ,"2,035.00 ",0.00 ,0.00 ,0.00 ,,
2021-02,"3,208.20 ","8,957.00 ",398.00 ,"1,096.00 ",287.28 ,348.30 ,"114,242,000.00 ","61,759.00 ","2,077.00 ","2,403.80 ","2,459.00 ",681.80 ,,
2021-03,"4,917.60 ","13,923.00 ",608.00 ,"1,779.00 ",408.62 ,533.10 ,"174,039,000.00 ","97,056.00 ","2,733.00 ","3,641.80 ","3,775.20 ","1,045.70 ",,
2021-04,"6,562.70 ","17,958.00 ",804.00 ,"2,461.00 ",548.64 ,701.70 ,"232,096,000.00 ","129,440.00 ","2,173.00 ","4,824.10 ","5,027.60 ","1,439.60 ",,
2021-05,"8,265.50 ","22,054.00 ","1,038.00 ","3,002.00 ",692.18 ,871.80 ,"292,736,000.00 ","162,100.00 ","2,104.00 ","6,092.70 ","6,300.00 ","1,871.50 ",,
2021-06,"9,932.20 ","26,066.00 ","1,251.00 ","3,645.00 ",831.74 ,"1,044.60 ","353,355,000.00 ","194,867.00 ","2,839.00 ","7,411.20 ","7,625.10 ","2,283.40 ",,
2021-07,"11,621.00 ","30,183.00 ","1,504.00 ","4,108.00 ",958.79 ,"1,202.00 ","412,410,000.00 ","226,187.00 ","3,018.00 ","8,785.30 ","8,940.30 ","2,632.60 ",,
2021-08,"13,322.10 ","34,636.00 ","1,796.00 ","4,481.00 ","1,101.61 ","1,360.50 ","470,794,000.00 ","259,724.00 ","2,805.00 ","10,145.70 ","10,265.20 ","2,912.60 ",,
2021-09,"14,984.20 ","38,740.00 ","2,018.00 ","4,894.00 ","1,249.33 ","1,518.30 ","526,868,000.00 ","293,059.00 ","3,288.00 ","11,439.30 ","11,553.40 ","3,219.50 ",,
2021-10,"16,618.80 ","42,506.00 ","2,234.00 ","5,289.00 ","1,377.55 ","1,684.30 ","585,152,000.00 ","329,716.00 ","2,694.00 ","12,752.80 ","13,005.40 ","3,528.20 ",,
2021-11,"18,248.40 ","46,684.00 ","2,492.00 ","5,708.00 ","1,526.12 ","1,860.50 ","644,795,000.00 ","367,427.00 ","3,505.00 ","14,103.80 ","14,650.80 ","3,754.60 ",,
2021-12,"19,897.60 ","51,298.00 ","2,712.00 ","6,031.00 ","1,687.38 ","2,052.60 ","703,554,000.00 ","407,136.00 ","3,095.00 ","15,457.30 ","16,337.00 ","3,943.90 ",,
2022-01,0.00 ,"4,880.00 ",257.00 ,405.00 ,156.85 ,0.00 ,0.00 ,0.00 ,"2,416.00 ",0.00 ,0.00 ,0.00 ,,
2022-02,"3,347.40 ","8,514.00 ",464.00 ,729.00 ,276.11 ,372.40 ,"113,014,000.00 ","68,660.00 ","1,123.00 ","2,621.40 ","2,975.70 ",556.30 ,,
2022-03,"5,118.90 ","12,785.00 ",650.00 ,"1,136.00 ",386.77 ,569.50 ,"171,442,000.00 ","108,386.00 ","1,642.00 ","3,993.70 ","4,529.30 ",819.00 ,,
2022-04,"6,818.50 ","17,089.00 ",798.00 ,"1,518.00 ",498.70 ,746.50 ,"223,252,000.00 ","144,778.00 ","2,355.00 ","5,099.20 ","5,956.00 ",994.00 ,,
2022-05,"8,569.00 ","21,671.00 ",998.00 ,"1,845.00 ",624.46 ,923.50 ,"277,161,000.00 ","181,441.00 ","2,055.00 ","6,259.70 ","7,423.70 ","1,146.20 ",,
2022-06,"10,288.50 ","25,252.00 ","1,162.00 ","2,162.00 ",630.00 ,"1,095.80 ","332,218,000.00 ","219,351.00 ","1,898.00 ","7,426.00 ","8,911.10 ","1,357.80 ",,
2022-07,"12,000.30 ","28,984.00 ","1,321.00 ","2,504.00 ",864.62 ,"1,267.00 ","380,267,000.00 ","256,151.00 ","2,352.00 ","8,566.00 ","10,095.90 ","1,605.10 ",,
2022-08,"13,694.40 ","33,018.00 ","1,510.00 ","2,982.00 ",987.42 ,"1,437.10 ","434,891,000.00 ","292,934.00 ","2,946.00 ","9,757.20 ","11,473.40 ","1,891.60 ",,
2022-09,"15,375.30 ","37,041.00 ","1,737.00 ","3,545.00 ","1,128.52 ","1,601.20 ","497,262,000.00 ","331,565.00 ","3,305.00 ","10,956.90 ","13,385.50 ","2,138.20 ",,
2022-10,"17,097.50 ","41,353.00 ","1,991.00 ","3,991.00 ","1,233.83 ","1,784.90 ","555,878,000.00 ","368,540.00 ","2,918.00 ","12,193.10 ","15,268.60 ","2,381.70 ",,
2022-11,"18,777.50 ","46,026.00 ","2,312.00 ","4,601.00 ","1,376.12 ","1,974.00 ","615,991,000.00 ","409,408.00 ","3,231.00 ","13,370.50 ","17,186.10 ","2,681.50 ",,
2022-12,"20,466.70 ","50,828.00 ","2,645.00 ","5,369.00 ","1,519.02 ","2,177.90 ","675,897,000.00 ","449,584.00 ","3,091.00 ","14,535.60 ","19,125.70 ","2,949.10 ",,
2023-01,0.00 ,"4,333.00 ",242.00 ,649.00 ,0.00 ,0.00 ,0.00 ,0.00 ,"3,148.00 ",0.00 ,0.00 ,0.00 ,,
2023-02,"3,417.41 ","8,406.00 ",531.00 ,"1,270.00 ",249.26 ,397.99 ,"116,066,526.00 ","73,423.00 ","2,917.00 ","2,476.70 ","3,391.90 ",694.50 ,,
2023-03,"5,235.75 ","13,637.00 ",921.00 ,"1,816.00 ",371.92 ,595.18 ,"179,261,315.00 ","115,303.00 ","4,117.00 ","3,809.60 ","5,244.80 ","1,072.90 ",,
2023-04,"6,963.50 ","17,877.00 ","1,359.00 ","2,190.00 ",496.21 ,782.80 ,"240,175,000.00 ","152,674.00 ","4,068.00 ","5,121.80 ","7,102.20 ","1,426.30 ",,
2023-05,"8,771.00 ","23,021.00 ","1,800.00 ","2,679.00 ",643.65 ,972.60 ,"302,625,000.00 ","191,191.00 ","3,958.00 ","6,462.30 ","8,954.10 ","1,819.90 ",,
2023-06,"10,505.49 ","28,208.00 ","2,240.00 ","3,131.00 ",787.39 ,"1,154.97 ","363,580,199.00 ","230,054.00 ","3,987.00 ","7,789.20 ","10,746.40 ","2,219.00 ",,
2023-07,"12,236.60 ","32,575.00 ","2,701.00 ","3,662.00 ",929.87 ,"1,340.40 ","426,708,000.00 ","267,182.00 ","3,926.00 ","9,224.30 ","12,531.30 ","2,713.70 ",,
2023-08,"13,984.80 ","37,855.00 ","3,055.00 ","4,251.00 ","1,080.46 ","1,521.47 ","491,401,453.00 ","305,084.00 ","4,433.00 ","10,692.90 ","14,366.50 ","3,223.80 ",,
2023-09,"15,672.00 ","42,426.00 ","3,470.00 ","4,794.00 ","1,220.34 ","1,703.70 ","554,835,000.00 ","344,215.00 ","4,214.00 ","12,146.90 ","16,222.80 ","3,709.20 ",,
2023-10,"17,404.60 ","47,322.00 ","3,885.00 ","5,309.00 ","1,341.88 ","1,896.30 ","618,762,000.00 ","382,922.00 ","3,599.00 ","13,555.70 ","18,098.50 ","4,164.20 ",,
2023-11,"19,125.00 ","51,565.00 ","4,322.00 ","5,818.00 ","1,493.28 ","2,096.00 ","676,220,000.00 ","423,877.00 ","4,351.00 ","14,839.10 ","19,886.30 ","4,572.80 ",,
2023-12,"20,891.46 ","56,399.00 ","4,769.00 ","6,269.00 ","1,668.12 ","2,297.11 ","734,777,859.00 ","465,838.00 ","4,730.00 ","16,138.40 ","21,729.00 ","4,968.40 ",,
2024-01,0.00 ,"4,417.00 ",408.00 ,462.00 ,159.82 ,0.00 ,0.00 ,0.00 ,"4,077.00 ",0.00 ,0.00 ,0.00 ,,
2024-02,"3,510.90 ","8,831.00 ",758.00 ,881.00 ,307.29 ,416.70 ,"118,755,000.00 ","70,527.00 ","3,375.00 ","2,749.60 ","3,331.40 ",947.90 ,,
2024-03,"5,348.10 ","13,736.00 ","1,218.00 ","1,482.00 ",455.97 ,631.90 ,"182,461,000.00 ","110,556.00 ","4,138.00 ","4,179.20 ","5,201.80 ","1,457.30 ",,
2024-04,"7,095.40 ","18,207.00 ","1,773.00 ","1,937.00 ",597.89 ,830.10 ,"241,256,000.00 ","147,579.00 ","4,525.00 ","5,527.50 ","6,931.80 ","1,926.50 ",,
2024-05,"8,910.10 ","22,903.00 ","2,211.00 ","2,472.00 ",754.67 ,"1,032.80 ","301,772,000.00 ","185,788.00 ","4,382.00 ","6,909.80 ","8,666.70 ","2,416.40 ",,
2024-06,"10,704.70 ","27,548.00 ","2,508.00 ","3,009.00 ",898.95 ,"1,235.60 ","360,089,000.00 ","226,551.00 ","4,460.00 ","8,282.80 ","10,322.20 ","2,884.50 ",,
2024-07,"12,496.00 ","31,781.00 ","2,832.00 ","3,508.00 ","1,048.97 ","1,436.40 ","419,151,000.00 ","265,693.00 ","4,621.00 ","9,676.70 ","11,938.70 ","3,372.00 ",,
2024-08,"14,279.50 ","36,691.00 ","3,251.00 ","4,000.00 ","1,211.46 ","1,636.60 ","472,532,000.00 ","305,218.00 ","4,584.00 ","10,903.90 ","13,383.70 ","3,802.50 ",,
2024-09,"15,987.00 ","41,239.00 ","3,698.00 ","4,520.00 ",0.00 ,"1,830.00 ","531,260,000.00 ","347,577.00 ","4,759.00 ",0.00 ,0.00 ,0.00 ,,
