0,,,,,,,,,,,,,,,,,,,,,,,,,,
Country,China,China,China,China,China,China,China,China,China,China,China,China,China,China,China,China,China,China,China,China,China,China,China,China,China,China
Table Name,,,,,,,,,,,,,,,,,,,,,,,,,,
Name,China: Average Utilization Hours of Power Generation Equipment: Hydropower: YTD,China: Average Utilization Hours of Power Generation Equipment: Thermal Power: YTD,China: Power Equipment Average Utilization of Solar Energy: YTD,China: Average Utilization Hours of Power Generation Equipment: Nuclear Power: YTD,China: Average Utilization Hours of Power Generation Equipment: Wind Power: YTD,China: Cumulative Average Utilization Hours of Power Generation Equipment: Thermal Power: Coal: YTD,China: Cumulative Average Utilization Hours of Power Generation Equipment: Thermal Power: Gas: YTD,China: Installed Power Generation Capacity: Hydropower: YTD,China: Installed Power Generation Capacity: Thermal Power: YTD,China: Installed Power Generation Capacity: Nuclear Power: YTD,China: Installed Power Generation Capacity: Wind Power: YTD,China: Installed Power Generation Capacity: Hydropower: Conventional Hydropower: YTD,China: Installed Power Generation Capacity: Thermal Power: Coal: YTD,China: Installed Power Generation Capacity: Thermal Power: Gas: YTD,China: Installed Capacity of Power Generation: Thermal Power: Biomass: YTD,China: Power Generation Installation Capacity: Solar Energy: YTD,China: Electricity Consumption: Whole Society: YTD,China: Electricity Generation: Wind Power,China: Power Generation: Solar Power,China: Output: Thermal Power: YTD,China: Output: Hydropower: YTD,China: Output: Nuclear Power: YTD,China: Electricity Generation: Wind Power: YTD,China: Output: Solar: YTD,China: Output: Wind Power: YTD,China: Coal Consumption Rate of Power Supply: YTD
Frequency,Month,Month,Month,Month,Month,Month,Month,Month,Month,Month,Month,Month,Month,Month,Month,Month,Month,Year,Year,Month,Month,Month,Month,Month,Month,Month
Unit,hour,hour,hour,hour,hour,hour,hour,10000 kw,10000 kw,10000 kw,10000 kw,10000 kw,10000 kw,10000 kw,10000 kw,10000 kw,100 million kwh,100 million kwh,100 million kwh,100 million kwh,100 million kwh,100 million kwh,100 million kwh,100 million kwh,100 million kwh,g/kwh
ID,S0048328,S0048329,L4792295,S5120200,S5120201,S5151693,S5151694,S5151658,S5151659,S5151660,S5151661,S5151687,S5151688,S5151689,J1571070,B5178457,S0048389,V5034867,H8829231,S0027018,S0027022,S0027026,S0161528,S0253041,S0253040,S0048319
Time Period,2000-12:2024-08,2000-12:2024-08,2018-02:2024-08,2008-12:2024-08,2008-12:2024-08,2018-12:2024-08,2018-12:2024-08,2012-12:2024-08,2012-12:2024-08,2012-12:2024-08,2012-12:2024-08,2020-06:2024-08,2017-12:2024-08,2017-12:2024-08,2021-07:2024-08,2021-02:2024-08,2003-05:2024-09,2009:2021,2010:2021,1989-02:2024-09,1989-02:2024-09,2001-01:2024-09,2008-12:2024-04,2016-05:2024-09,2009-09:2024-09,2003-05:2024-08
Source,Wind,Wind,Wind,Wind,Wind,Wind,Wind,Wind,Wind,Wind,Wind,Wind,Wind,Wind,Wind,Wind,Wind,According to the Press Finishing,According to the Press Finishing,National Bureau of Statistics of China,National Bureau of Statistics of China,National Bureau of Statistics of China,Wind,National Bureau of Statistics of China,National Bureau of Statistics of China,Wind
Update,2024-09-27,2024-09-27,2024-09-27,2024-09-27,2024-09-27,2024-09-27,2024-09-27,2024-09-23,2024-09-23,2024-09-23,2024-09-23,2024-09-27,2024-09-27,2024-09-27,2024-09-27,2024-09-23,2024-10-19,2022-01-29,2022-01-29,2024-10-18,2024-10-18,2024-10-18,2024-05-30,2024-10-18,2024-10-18,2024-09-23
1989-02,0.00 ,0.00 ,0.00 ,0.00 ,0.00 ,0.00 ,0.00 ,0.00 ,0.00 ,0.00 ,0.00 ,0.00 ,0.00 ,0.00 ,0.00 ,0.00 ,0.00 ,0.00 ,0.00 ,734.30 ,132.50 ,0.00 ,0.00 ,0.00 ,0.00 ,0.00 
1989-03,0.00 ,0.00 ,0.00 ,0.00 ,0.00 ,0.00 ,0.00 ,0.00 ,0.00 ,0.00 ,0.00 ,0.00 ,0.00 ,0.00 ,0.00 ,0.00 ,0.00 ,0.00 ,0.00 ,"1,129.80 ",203.00 ,0.00 ,0.00 ,0.00 ,0.00 ,0.00 
1989-04,0.00 ,0.00 ,0.00 ,0.00 ,0.00 ,0.00 ,0.00 ,0.00 ,0.00 ,0.00 ,0.00 ,0.00 ,0.00 ,0.00 ,0.00 ,0.00 ,0.00 ,0.00 ,0.00 ,"1,505.60 ",298.60 ,0.00 ,0.00 ,0.00 ,0.00 ,0.00 
1989-05,0.00 ,0.00 ,0.00 ,0.00 ,0.00 ,0.00 ,0.00 ,0.00 ,0.00 ,0.00 ,0.00 ,0.00 ,0.00 ,0.00 ,0.00 ,0.00 ,0.00 ,0.00 ,0.00 ,"1,884.30 ",416.30 ,0.00 ,0.00 ,0.00 ,0.00 ,0.00 
1989-06,0.00 ,0.00 ,0.00 ,0.00 ,0.00 ,0.00 ,0.00 ,0.00 ,0.00 ,0.00 ,0.00 ,0.00 ,0.00 ,0.00 ,0.00 ,0.00 ,0.00 ,0.00 ,0.00 ,"2,255.40 ",543.30 ,0.00 ,0.00 ,0.00 ,0.00 ,0.00 
1989-07,0.00 ,0.00 ,0.00 ,0.00 ,0.00 ,0.00 ,0.00 ,0.00 ,0.00 ,0.00 ,0.00 ,0.00 ,0.00 ,0.00 ,0.00 ,0.00 ,0.00 ,0.00 ,0.00 ,"2,618.60 ",668.70 ,0.00 ,0.00 ,0.00 ,0.00 ,0.00 
1989-08,0.00 ,0.00 ,0.00 ,0.00 ,0.00 ,0.00 ,0.00 ,0.00 ,0.00 ,0.00 ,0.00 ,0.00 ,0.00 ,0.00 ,0.00 ,0.00 ,0.00 ,0.00 ,0.00 ,"3,004.00 ",789.00 ,0.00 ,0.00 ,0.00 ,0.00 ,0.00 
1989-09,0.00 ,0.00 ,0.00 ,0.00 ,0.00 ,0.00 ,0.00 ,0.00 ,0.00 ,0.00 ,0.00 ,0.00 ,0.00 ,0.00 ,0.00 ,0.00 ,0.00 ,0.00 ,0.00 ,"3,373.70 ",902.90 ,0.00 ,0.00 ,0.00 ,0.00 ,0.00 
1989-10,0.00 ,0.00 ,0.00 ,0.00 ,0.00 ,0.00 ,0.00 ,0.00 ,0.00 ,0.00 ,0.00 ,0.00 ,0.00 ,0.00 ,0.00 ,0.00 ,0.00 ,0.00 ,0.00 ,"3,766.10 ","1,004.80 ",0.00 ,0.00 ,0.00 ,0.00 ,0.00 
1989-11,0.00 ,0.00 ,0.00 ,0.00 ,0.00 ,0.00 ,0.00 ,0.00 ,0.00 ,0.00 ,0.00 ,0.00 ,0.00 ,0.00 ,0.00 ,0.00 ,0.00 ,0.00 ,0.00 ,"4,176.40 ","1,093.50 ",0.00 ,0.00 ,0.00 ,0.00 ,0.00 
1989-12,0.00 ,0.00 ,0.00 ,0.00 ,0.00 ,0.00 ,0.00 ,0.00 ,0.00 ,0.00 ,0.00 ,0.00 ,0.00 ,0.00 ,0.00 ,0.00 ,0.00 ,0.00 ,0.00 ,"4,623.40 ","1,171.80 ",0.00 ,0.00 ,0.00 ,0.00 ,0.00 
1990-01,0.00 ,0.00 ,0.00 ,0.00 ,0.00 ,0.00 ,0.00 ,0.00 ,0.00 ,0.00 ,0.00 ,0.00 ,0.00 ,0.00 ,0.00 ,0.00 ,0.00 ,0.00 ,0.00 ,413.60 ,65.00 ,0.00 ,0.00 ,0.00 ,0.00 ,0.00 
1990-02,0.00 ,0.00 ,0.00 ,0.00 ,0.00 ,0.00 ,0.00 ,0.00 ,0.00 ,0.00 ,0.00 ,0.00 ,0.00 ,0.00 ,0.00 ,0.00 ,0.00 ,0.00 ,0.00 ,799.10 ,138.10 ,0.00 ,0.00 ,0.00 ,0.00 ,0.00 
1990-03,0.00 ,0.00 ,0.00 ,0.00 ,0.00 ,0.00 ,0.00 ,0.00 ,0.00 ,0.00 ,0.00 ,0.00 ,0.00 ,0.00 ,0.00 ,0.00 ,0.00 ,0.00 ,0.00 ,"1,212.30 ",226.10 ,0.00 ,0.00 ,0.00 ,0.00 ,0.00 
1990-04,0.00 ,0.00 ,0.00 ,0.00 ,0.00 ,0.00 ,0.00 ,0.00 ,0.00 ,0.00 ,0.00 ,0.00 ,0.00 ,0.00 ,0.00 ,0.00 ,0.00 ,0.00 ,0.00 ,"1,602.80 ",326.00 ,0.00 ,0.00 ,0.00 ,0.00 ,0.00 
1990-05,0.00 ,0.00 ,0.00 ,0.00 ,0.00 ,0.00 ,0.00 ,0.00 ,0.00 ,0.00 ,0.00 ,0.00 ,0.00 ,0.00 ,0.00 ,0.00 ,0.00 ,0.00 ,0.00 ,"2,006.80 ",450.80 ,0.00 ,0.00 ,0.00 ,0.00 ,0.00 
1990-06,0.00 ,0.00 ,0.00 ,0.00 ,0.00 ,0.00 ,0.00 ,0.00 ,0.00 ,0.00 ,0.00 ,0.00 ,0.00 ,0.00 ,0.00 ,0.00 ,0.00 ,0.00 ,0.00 ,"2,386.90 ",588.30 ,0.00 ,0.00 ,0.00 ,0.00 ,0.00 
1990-07,0.00 ,0.00 ,0.00 ,0.00 ,0.00 ,0.00 ,0.00 ,0.00 ,0.00 ,0.00 ,0.00 ,0.00 ,0.00 ,0.00 ,0.00 ,0.00 ,0.00 ,0.00 ,0.00 ,"2,780.70 ",717.10 ,0.00 ,0.00 ,0.00 ,0.00 ,0.00 
1990-08,0.00 ,0.00 ,0.00 ,0.00 ,0.00 ,0.00 ,0.00 ,0.00 ,0.00 ,0.00 ,0.00 ,0.00 ,0.00 ,0.00 ,0.00 ,0.00 ,0.00 ,0.00 ,0.00 ,"3,185.30 ",845.50 ,0.00 ,0.00 ,0.00 ,0.00 ,0.00 
1990-09,0.00 ,0.00 ,0.00 ,0.00 ,0.00 ,0.00 ,0.00 ,0.00 ,0.00 ,0.00 ,0.00 ,0.00 ,0.00 ,0.00 ,0.00 ,0.00 ,0.00 ,0.00 ,0.00 ,"3,577.70 ",958.90 ,0.00 ,0.00 ,0.00 ,0.00 ,0.00 
1990-10,0.00 ,0.00 ,0.00 ,0.00 ,0.00 ,0.00 ,0.00 ,0.00 ,0.00 ,0.00 ,0.00 ,0.00 ,0.00 ,0.00 ,0.00 ,0.00 ,0.00 ,0.00 ,0.00 ,"3,998.40 ","1,060.20 ",0.00 ,0.00 ,0.00 ,0.00 ,0.00 
1990-11,0.00 ,0.00 ,0.00 ,0.00 ,0.00 ,0.00 ,0.00 ,0.00 ,0.00 ,0.00 ,0.00 ,0.00 ,0.00 ,0.00 ,0.00 ,0.00 ,0.00 ,0.00 ,0.00 ,"4,428.70 ","1,156.40 ",0.00 ,0.00 ,0.00 ,0.00 ,0.00 
1990-12,0.00 ,0.00 ,0.00 ,0.00 ,0.00 ,0.00 ,0.00 ,0.00 ,0.00 ,0.00 ,0.00 ,0.00 ,0.00 ,0.00 ,0.00 ,0.00 ,0.00 ,0.00 ,0.00 ,"4,900.40 ","1,245.30 ",0.00 ,0.00 ,0.00 ,0.00 ,0.00 
1991-01,0.00 ,0.00 ,0.00 ,0.00 ,0.00 ,0.00 ,0.00 ,0.00 ,0.00 ,0.00 ,0.00 ,0.00 ,0.00 ,0.00 ,0.00 ,0.00 ,0.00 ,0.00 ,0.00 ,471.10 ,80.40 ,0.00 ,0.00 ,0.00 ,0.00 ,0.00 
1991-02,0.00 ,0.00 ,0.00 ,0.00 ,0.00 ,0.00 ,0.00 ,0.00 ,0.00 ,0.00 ,0.00 ,0.00 ,0.00 ,0.00 ,0.00 ,0.00 ,0.00 ,0.00 ,0.00 ,878.30 ,147.10 ,0.00 ,0.00 ,0.00 ,0.00 ,0.00 
1991-03,0.00 ,0.00 ,0.00 ,0.00 ,0.00 ,0.00 ,0.00 ,0.00 ,0.00 ,0.00 ,0.00 ,0.00 ,0.00 ,0.00 ,0.00 ,0.00 ,0.00 ,0.00 ,0.00 ,"1,344.00 ",230.70 ,0.00 ,0.00 ,0.00 ,0.00 ,0.00 
1991-04,0.00 ,0.00 ,0.00 ,0.00 ,0.00 ,0.00 ,0.00 ,0.00 ,0.00 ,0.00 ,0.00 ,0.00 ,0.00 ,0.00 ,0.00 ,0.00 ,0.00 ,0.00 ,0.00 ,"1,785.00 ",326.70 ,0.00 ,0.00 ,0.00 ,0.00 ,0.00 
1991-05,0.00 ,0.00 ,0.00 ,0.00 ,0.00 ,0.00 ,0.00 ,0.00 ,0.00 ,0.00 ,0.00 ,0.00 ,0.00 ,0.00 ,0.00 ,0.00 ,0.00 ,0.00 ,0.00 ,"2,228.00 ",451.00 ,0.00 ,0.00 ,0.00 ,0.00 ,0.00 
1991-06,0.00 ,0.00 ,0.00 ,0.00 ,0.00 ,0.00 ,0.00 ,0.00 ,0.00 ,0.00 ,0.00 ,0.00 ,0.00 ,0.00 ,0.00 ,0.00 ,0.00 ,0.00 ,0.00 ,"2,647.50 ",577.90 ,0.00 ,0.00 ,0.00 ,0.00 ,0.00 
1991-07,0.00 ,0.00 ,0.00 ,0.00 ,0.00 ,0.00 ,0.00 ,0.00 ,0.00 ,0.00 ,0.00 ,0.00 ,0.00 ,0.00 ,0.00 ,0.00 ,0.00 ,0.00 ,0.00 ,"3,087.50 ",716.30 ,0.00 ,0.00 ,0.00 ,0.00 ,0.00 
1991-08,0.00 ,0.00 ,0.00 ,0.00 ,0.00 ,0.00 ,0.00 ,0.00 ,0.00 ,0.00 ,0.00 ,0.00 ,0.00 ,0.00 ,0.00 ,0.00 ,0.00 ,0.00 ,0.00 ,"3,539.00 ",849.00 ,0.00 ,0.00 ,0.00 ,0.00 ,0.00 
1991-09,0.00 ,0.00 ,0.00 ,0.00 ,0.00 ,0.00 ,0.00 ,0.00 ,0.00 ,0.00 ,0.00 ,0.00 ,0.00 ,0.00 ,0.00 ,0.00 ,0.00 ,0.00 ,0.00 ,"3,985.60 ",964.10 ,0.00 ,0.00 ,0.00 ,0.00 ,0.00 
1991-10,0.00 ,0.00 ,0.00 ,0.00 ,0.00 ,0.00 ,0.00 ,0.00 ,0.00 ,0.00 ,0.00 ,0.00 ,0.00 ,0.00 ,0.00 ,0.00 ,0.00 ,0.00 ,0.00 ,"4,453.70 ","1,069.20 ",0.00 ,0.00 ,0.00 ,0.00 ,0.00 
1991-11,0.00 ,0.00 ,0.00 ,0.00 ,0.00 ,0.00 ,0.00 ,0.00 ,0.00 ,0.00 ,0.00 ,0.00 ,0.00 ,0.00 ,0.00 ,0.00 ,0.00 ,0.00 ,0.00 ,"4,947.30 ","1,154.20 ",0.00 ,0.00 ,0.00 ,0.00 ,0.00 
1991-12,0.00 ,0.00 ,0.00 ,0.00 ,0.00 ,0.00 ,0.00 ,0.00 ,0.00 ,0.00 ,0.00 ,0.00 ,0.00 ,0.00 ,0.00 ,0.00 ,0.00 ,0.00 ,0.00 ,"5,471.40 ","1,241.50 ",0.00 ,0.00 ,0.00 ,0.00 ,0.00 
1992-01,0.00 ,0.00 ,0.00 ,0.00 ,0.00 ,0.00 ,0.00 ,0.00 ,0.00 ,0.00 ,0.00 ,0.00 ,0.00 ,0.00 ,0.00 ,0.00 ,0.00 ,0.00 ,0.00 ,494.80 ,81.50 ,0.00 ,0.00 ,0.00 ,0.00 ,0.00 
1992-02,0.00 ,0.00 ,0.00 ,0.00 ,0.00 ,0.00 ,0.00 ,0.00 ,0.00 ,0.00 ,0.00 ,0.00 ,0.00 ,0.00 ,0.00 ,0.00 ,0.00 ,0.00 ,0.00 ,977.00 ,151.80 ,0.00 ,0.00 ,0.00 ,0.00 ,0.00 
1992-03,0.00 ,0.00 ,0.00 ,0.00 ,0.00 ,0.00 ,0.00 ,0.00 ,0.00 ,0.00 ,0.00 ,0.00 ,0.00 ,0.00 ,0.00 ,0.00 ,0.00 ,0.00 ,0.00 ,"1,490.30 ",251.70 ,0.00 ,0.00 ,0.00 ,0.00 ,0.00 
1992-04,0.00 ,0.00 ,0.00 ,0.00 ,0.00 ,0.00 ,0.00 ,0.00 ,0.00 ,0.00 ,0.00 ,0.00 ,0.00 ,0.00 ,0.00 ,0.00 ,0.00 ,0.00 ,0.00 ,"1,991.10 ",343.50 ,0.00 ,0.00 ,0.00 ,0.00 ,0.00 
1992-05,0.00 ,0.00 ,0.00 ,0.00 ,0.00 ,0.00 ,0.00 ,0.00 ,0.00 ,0.00 ,0.00 ,0.00 ,0.00 ,0.00 ,0.00 ,0.00 ,0.00 ,0.00 ,0.00 ,"2,472.20 ",477.40 ,0.00 ,0.00 ,0.00 ,0.00 ,0.00 
1992-06,0.00 ,0.00 ,0.00 ,0.00 ,0.00 ,0.00 ,0.00 ,0.00 ,0.00 ,0.00 ,0.00 ,0.00 ,0.00 ,0.00 ,0.00 ,0.00 ,0.00 ,0.00 ,0.00 ,"2,957.40 ",624.60 ,0.00 ,0.00 ,0.00 ,0.00 ,0.00 
1992-07,0.00 ,0.00 ,0.00 ,0.00 ,0.00 ,0.00 ,0.00 ,0.00 ,0.00 ,0.00 ,0.00 ,0.00 ,0.00 ,0.00 ,0.00 ,0.00 ,0.00 ,0.00 ,0.00 ,"3,463.30 ",766.20 ,0.00 ,0.00 ,0.00 ,0.00 ,0.00 
1992-08,0.00 ,0.00 ,0.00 ,0.00 ,0.00 ,0.00 ,0.00 ,0.00 ,0.00 ,0.00 ,0.00 ,0.00 ,0.00 ,0.00 ,0.00 ,0.00 ,0.00 ,0.00 ,0.00 ,"3,954.10 ",891.90 ,0.00 ,0.00 ,0.00 ,0.00 ,0.00 
1992-09,0.00 ,0.00 ,0.00 ,0.00 ,0.00 ,0.00 ,0.00 ,0.00 ,0.00 ,0.00 ,0.00 ,0.00 ,0.00 ,0.00 ,0.00 ,0.00 ,0.00 ,0.00 ,0.00 ,"4,473.60 ","1,009.60 ",0.00 ,0.00 ,0.00 ,0.00 ,0.00 
1992-10,0.00 ,0.00 ,0.00 ,0.00 ,0.00 ,0.00 ,0.00 ,0.00 ,0.00 ,0.00 ,0.00 ,0.00 ,0.00 ,0.00 ,0.00 ,0.00 ,0.00 ,0.00 ,0.00 ,"4,995.60 ","1,116.20 ",0.00 ,0.00 ,0.00 ,0.00 ,0.00 
1992-11,0.00 ,0.00 ,0.00 ,0.00 ,0.00 ,0.00 ,0.00 ,0.00 ,0.00 ,0.00 ,0.00 ,0.00 ,0.00 ,0.00 ,0.00 ,0.00 ,0.00 ,0.00 ,0.00 ,"5,543.40 ","1,212.80 ",0.00 ,0.00 ,0.00 ,0.00 ,0.00 
1992-12,0.00 ,0.00 ,0.00 ,0.00 ,0.00 ,0.00 ,0.00 ,0.00 ,0.00 ,0.00 ,0.00 ,0.00 ,0.00 ,0.00 ,0.00 ,0.00 ,0.00 ,0.00 ,0.00 ,"6,137.30 ","1,300.20 ",0.00 ,0.00 ,0.00 ,0.00 ,0.00 
1993-01,0.00 ,0.00 ,0.00 ,0.00 ,0.00 ,0.00 ,0.00 ,0.00 ,0.00 ,0.00 ,0.00 ,0.00 ,0.00 ,0.00 ,0.00 ,0.00 ,0.00 ,0.00 ,0.00 ,548.80 ,69.50 ,0.00 ,0.00 ,0.00 ,0.00 ,0.00 
1993-02,0.00 ,0.00 ,0.00 ,0.00 ,0.00 ,0.00 ,0.00 ,0.00 ,0.00 ,0.00 ,0.00 ,0.00 ,0.00 ,0.00 ,0.00 ,0.00 ,0.00 ,0.00 ,0.00 ,"1,087.20 ",145.90 ,0.00 ,0.00 ,0.00 ,0.00 ,0.00 
1993-03,0.00 ,0.00 ,0.00 ,0.00 ,0.00 ,0.00 ,0.00 ,0.00 ,0.00 ,0.00 ,0.00 ,0.00 ,0.00 ,0.00 ,0.00 ,0.00 ,0.00 ,0.00 ,0.00 ,"1,676.80 ",235.40 ,0.00 ,0.00 ,0.00 ,0.00 ,0.00 
1993-04,0.00 ,0.00 ,0.00 ,0.00 ,0.00 ,0.00 ,0.00 ,0.00 ,0.00 ,0.00 ,0.00 ,0.00 ,0.00 ,0.00 ,0.00 ,0.00 ,0.00 ,0.00 ,0.00 ,"2,231.20 ",333.30 ,0.00 ,0.00 ,0.00 ,0.00 ,0.00 
1993-05,0.00 ,0.00 ,0.00 ,0.00 ,0.00 ,0.00 ,0.00 ,0.00 ,0.00 ,0.00 ,0.00 ,0.00 ,0.00 ,0.00 ,0.00 ,0.00 ,0.00 ,0.00 ,0.00 ,"2,777.00 ",464.90 ,0.00 ,0.00 ,0.00 ,0.00 ,0.00 
1993-06,0.00 ,0.00 ,0.00 ,0.00 ,0.00 ,0.00 ,0.00 ,0.00 ,0.00 ,0.00 ,0.00 ,0.00 ,0.00 ,0.00 ,0.00 ,0.00 ,0.00 ,0.00 ,0.00 ,"3,301.40 ",619.00 ,0.00 ,0.00 ,0.00 ,0.00 ,0.00 
1993-07,0.00 ,0.00 ,0.00 ,0.00 ,0.00 ,0.00 ,0.00 ,0.00 ,0.00 ,0.00 ,0.00 ,0.00 ,0.00 ,0.00 ,0.00 ,0.00 ,0.00 ,0.00 ,0.00 ,"3,851.80 ",773.50 ,0.00 ,0.00 ,0.00 ,0.00 ,0.00 
1993-08,0.00 ,0.00 ,0.00 ,0.00 ,0.00 ,0.00 ,0.00 ,0.00 ,0.00 ,0.00 ,0.00 ,0.00 ,0.00 ,0.00 ,0.00 ,0.00 ,0.00 ,0.00 ,0.00 ,"4,389.20 ",934.80 ,0.00 ,0.00 ,0.00 ,0.00 ,0.00 
1993-09,0.00 ,0.00 ,0.00 ,0.00 ,0.00 ,0.00 ,0.00 ,0.00 ,0.00 ,0.00 ,0.00 ,0.00 ,0.00 ,0.00 ,0.00 ,0.00 ,0.00 ,0.00 ,0.00 ,"4,914.10 ","1,079.60 ",0.00 ,0.00 ,0.00 ,0.00 ,0.00 
1993-10,0.00 ,0.00 ,0.00 ,0.00 ,0.00 ,0.00 ,0.00 ,0.00 ,0.00 ,0.00 ,0.00 ,0.00 ,0.00 ,0.00 ,0.00 ,0.00 ,0.00 ,0.00 ,0.00 ,"5,460.40 ","1,219.90 ",0.00 ,0.00 ,0.00 ,0.00 ,0.00 
1993-11,0.00 ,0.00 ,0.00 ,0.00 ,0.00 ,0.00 ,0.00 ,0.00 ,0.00 ,0.00 ,0.00 ,0.00 ,0.00 ,0.00 ,0.00 ,0.00 ,0.00 ,0.00 ,0.00 ,"6,028.00 ","1,347.10 ",0.00 ,0.00 ,0.00 ,0.00 ,0.00 
1993-12,0.00 ,0.00 ,0.00 ,0.00 ,0.00 ,0.00 ,0.00 ,0.00 ,0.00 ,0.00 ,0.00 ,0.00 ,0.00 ,0.00 ,0.00 ,0.00 ,0.00 ,0.00 ,0.00 ,"6,668.20 ","1,460.00 ",0.00 ,0.00 ,0.00 ,0.00 ,0.00 
1994-01,0.00 ,0.00 ,0.00 ,0.00 ,0.00 ,0.00 ,0.00 ,0.00 ,0.00 ,0.00 ,0.00 ,0.00 ,0.00 ,0.00 ,0.00 ,0.00 ,0.00 ,0.00 ,0.00 ,620.59 ,96.74 ,0.00 ,0.00 ,0.00 ,0.00 ,0.00 
1994-02,0.00 ,0.00 ,0.00 ,0.00 ,0.00 ,0.00 ,0.00 ,0.00 ,0.00 ,0.00 ,0.00 ,0.00 ,0.00 ,0.00 ,0.00 ,0.00 ,0.00 ,0.00 ,0.00 ,"1,177.33 ",178.86 ,0.00 ,0.00 ,0.00 ,0.00 ,0.00 
1994-03,0.00 ,0.00 ,0.00 ,0.00 ,0.00 ,0.00 ,0.00 ,0.00 ,0.00 ,0.00 ,0.00 ,0.00 ,0.00 ,0.00 ,0.00 ,0.00 ,0.00 ,0.00 ,0.00 ,"1,821.03 ",282.94 ,0.00 ,0.00 ,0.00 ,0.00 ,0.00 
1994-04,0.00 ,0.00 ,0.00 ,0.00 ,0.00 ,0.00 ,0.00 ,0.00 ,0.00 ,0.00 ,0.00 ,0.00 ,0.00 ,0.00 ,0.00 ,0.00 ,0.00 ,0.00 ,0.00 ,"2,403.24 ",416.89 ,0.00 ,0.00 ,0.00 ,0.00 ,0.00 
1994-05,0.00 ,0.00 ,0.00 ,0.00 ,0.00 ,0.00 ,0.00 ,0.00 ,0.00 ,0.00 ,0.00 ,0.00 ,0.00 ,0.00 ,0.00 ,0.00 ,0.00 ,0.00 ,0.00 ,"2,993.44 ",567.64 ,0.00 ,0.00 ,0.00 ,0.00 ,0.00 
1994-06,0.00 ,0.00 ,0.00 ,0.00 ,0.00 ,0.00 ,0.00 ,0.00 ,0.00 ,0.00 ,0.00 ,0.00 ,0.00 ,0.00 ,0.00 ,0.00 ,0.00 ,0.00 ,0.00 ,"3,568.61 ",736.91 ,0.00 ,0.00 ,0.00 ,0.00 ,0.00 
1994-07,0.00 ,0.00 ,0.00 ,0.00 ,0.00 ,0.00 ,0.00 ,0.00 ,0.00 ,0.00 ,0.00 ,0.00 ,0.00 ,0.00 ,0.00 ,0.00 ,0.00 ,0.00 ,0.00 ,"4,135.19 ",920.97 ,0.00 ,0.00 ,0.00 ,0.00 ,0.00 
1994-08,0.00 ,0.00 ,0.00 ,0.00 ,0.00 ,0.00 ,0.00 ,0.00 ,0.00 ,0.00 ,0.00 ,0.00 ,0.00 ,0.00 ,0.00 ,0.00 ,0.00 ,0.00 ,0.00 ,"4,740.70 ","1,093.87 ",0.00 ,0.00 ,0.00 ,0.00 ,0.00 
1994-09,0.00 ,0.00 ,0.00 ,0.00 ,0.00 ,0.00 ,0.00 ,0.00 ,0.00 ,0.00 ,0.00 ,0.00 ,0.00 ,0.00 ,0.00 ,0.00 ,0.00 ,0.00 ,0.00 ,"5,279.68 ","1,251.57 ",0.00 ,0.00 ,0.00 ,0.00 ,0.00 
1994-10,0.00 ,0.00 ,0.00 ,0.00 ,0.00 ,0.00 ,0.00 ,0.00 ,0.00 ,0.00 ,0.00 ,0.00 ,0.00 ,0.00 ,0.00 ,0.00 ,0.00 ,0.00 ,0.00 ,"5,896.64 ","1,406.54 ",0.00 ,0.00 ,0.00 ,0.00 ,0.00 
1994-11,0.00 ,0.00 ,0.00 ,0.00 ,0.00 ,0.00 ,0.00 ,0.00 ,0.00 ,0.00 ,0.00 ,0.00 ,0.00 ,0.00 ,0.00 ,0.00 ,0.00 ,0.00 ,0.00 ,"6,540.33 ","1,564.33 ",0.00 ,0.00 ,0.00 ,0.00 ,0.00 
1994-12,0.00 ,0.00 ,0.00 ,0.00 ,0.00 ,0.00 ,0.00 ,0.00 ,0.00 ,0.00 ,0.00 ,0.00 ,0.00 ,0.00 ,0.00 ,0.00 ,0.00 ,0.00 ,0.00 ,"7,240.04 ","1,703.73 ",0.00 ,0.00 ,0.00 ,0.00 ,0.00 
1995-01,0.00 ,0.00 ,0.00 ,0.00 ,0.00 ,0.00 ,0.00 ,0.00 ,0.00 ,0.00 ,0.00 ,0.00 ,0.00 ,0.00 ,0.00 ,0.00 ,0.00 ,0.00 ,0.00 ,644.73 ,98.82 ,0.00 ,0.00 ,0.00 ,0.00 ,0.00 
1995-02,0.00 ,0.00 ,0.00 ,0.00 ,0.00 ,0.00 ,0.00 ,0.00 ,0.00 ,0.00 ,0.00 ,0.00 ,0.00 ,0.00 ,0.00 ,0.00 ,0.00 ,0.00 ,0.00 ,"1,247.37 ",209.86 ,0.00 ,0.00 ,0.00 ,0.00 ,0.00 
1995-03,0.00 ,0.00 ,0.00 ,0.00 ,0.00 ,0.00 ,0.00 ,0.00 ,0.00 ,0.00 ,0.00 ,0.00 ,0.00 ,0.00 ,0.00 ,0.00 ,0.00 ,0.00 ,0.00 ,"1,930.92 ",335.25 ,0.00 ,0.00 ,0.00 ,0.00 ,0.00 
1995-04,0.00 ,0.00 ,0.00 ,0.00 ,0.00 ,0.00 ,0.00 ,0.00 ,0.00 ,0.00 ,0.00 ,0.00 ,0.00 ,0.00 ,0.00 ,0.00 ,0.00 ,0.00 ,0.00 ,"2,595.13 ",474.42 ,0.00 ,0.00 ,0.00 ,0.00 ,0.00 
1995-05,0.00 ,0.00 ,0.00 ,0.00 ,0.00 ,0.00 ,0.00 ,0.00 ,0.00 ,0.00 ,0.00 ,0.00 ,0.00 ,0.00 ,0.00 ,0.00 ,0.00 ,0.00 ,0.00 ,"3,241.86 ",639.21 ,0.00 ,0.00 ,0.00 ,0.00 ,0.00 
1995-06,0.00 ,0.00 ,0.00 ,0.00 ,0.00 ,0.00 ,0.00 ,0.00 ,0.00 ,0.00 ,0.00 ,0.00 ,0.00 ,0.00 ,0.00 ,0.00 ,0.00 ,0.00 ,0.00 ,"3,862.77 ",836.18 ,0.00 ,0.00 ,0.00 ,0.00 ,0.00 
1995-07,0.00 ,0.00 ,0.00 ,0.00 ,0.00 ,0.00 ,0.00 ,0.00 ,0.00 ,0.00 ,0.00 ,0.00 ,0.00 ,0.00 ,0.00 ,0.00 ,0.00 ,0.00 ,0.00 ,"4,513.21 ","1,035.61 ",0.00 ,0.00 ,0.00 ,0.00 ,0.00 
1995-08,0.00 ,0.00 ,0.00 ,0.00 ,0.00 ,0.00 ,0.00 ,0.00 ,0.00 ,0.00 ,0.00 ,0.00 ,0.00 ,0.00 ,0.00 ,0.00 ,0.00 ,0.00 ,0.00 ,"5,142.14 ","1,240.69 ",0.00 ,0.00 ,0.00 ,0.00 ,0.00 
1995-09,0.00 ,0.00 ,0.00 ,0.00 ,0.00 ,0.00 ,0.00 ,0.00 ,0.00 ,0.00 ,0.00 ,0.00 ,0.00 ,0.00 ,0.00 ,0.00 ,0.00 ,0.00 ,0.00 ,"5,771.91 ","1,421.51 ",0.00 ,0.00 ,0.00 ,0.00 ,0.00 
1995-10,0.00 ,0.00 ,0.00 ,0.00 ,0.00 ,0.00 ,0.00 ,0.00 ,0.00 ,0.00 ,0.00 ,0.00 ,0.00 ,0.00 ,0.00 ,0.00 ,0.00 ,0.00 ,0.00 ,"6,416.18 ","1,593.94 ",0.00 ,0.00 ,0.00 ,0.00 ,0.00 
1995-11,0.00 ,0.00 ,0.00 ,0.00 ,0.00 ,0.00 ,0.00 ,0.00 ,0.00 ,0.00 ,0.00 ,0.00 ,0.00 ,0.00 ,0.00 ,0.00 ,0.00 ,0.00 ,0.00 ,"7,108.56 ","1,736.50 ",0.00 ,0.00 ,0.00 ,0.00 ,0.00 
1995-12,0.00 ,0.00 ,0.00 ,0.00 ,0.00 ,0.00 ,0.00 ,0.00 ,0.00 ,0.00 ,0.00 ,0.00 ,0.00 ,0.00 ,0.00 ,0.00 ,0.00 ,0.00 ,0.00 ,"7,860.48 ","1,866.01 ",0.00 ,0.00 ,0.00 ,0.00 ,0.00 
1996-01,0.00 ,0.00 ,0.00 ,0.00 ,0.00 ,0.00 ,0.00 ,0.00 ,0.00 ,0.00 ,0.00 ,0.00 ,0.00 ,0.00 ,0.00 ,0.00 ,0.00 ,0.00 ,0.00 ,748.46 ,105.01 ,0.00 ,0.00 ,0.00 ,0.00 ,0.00 
1996-02,0.00 ,0.00 ,0.00 ,0.00 ,0.00 ,0.00 ,0.00 ,0.00 ,0.00 ,0.00 ,0.00 ,0.00 ,0.00 ,0.00 ,0.00 ,0.00 ,0.00 ,0.00 ,0.00 ,"1,414.32 ",192.27 ,0.00 ,0.00 ,0.00 ,0.00 ,0.00 
1996-03,0.00 ,0.00 ,0.00 ,0.00 ,0.00 ,0.00 ,0.00 ,0.00 ,0.00 ,0.00 ,0.00 ,0.00 ,0.00 ,0.00 ,0.00 ,0.00 ,0.00 ,0.00 ,0.00 ,"2,166.23 ",295.11 ,0.00 ,0.00 ,0.00 ,0.00 ,0.00 
1996-04,0.00 ,0.00 ,0.00 ,0.00 ,0.00 ,0.00 ,0.00 ,0.00 ,0.00 ,0.00 ,0.00 ,0.00 ,0.00 ,0.00 ,0.00 ,0.00 ,0.00 ,0.00 ,0.00 ,"2,875.56 ",425.45 ,0.00 ,0.00 ,0.00 ,0.00 ,0.00 
1996-05,0.00 ,0.00 ,0.00 ,0.00 ,0.00 ,0.00 ,0.00 ,0.00 ,0.00 ,0.00 ,0.00 ,0.00 ,0.00 ,0.00 ,0.00 ,0.00 ,0.00 ,0.00 ,0.00 ,"3,578.86 ",598.12 ,0.00 ,0.00 ,0.00 ,0.00 ,0.00 
1996-06,0.00 ,0.00 ,0.00 ,0.00 ,0.00 ,0.00 ,0.00 ,0.00 ,0.00 ,0.00 ,0.00 ,0.00 ,0.00 ,0.00 ,0.00 ,0.00 ,0.00 ,0.00 ,0.00 ,"4,257.31 ",791.12 ,0.00 ,0.00 ,0.00 ,0.00 ,0.00 
1996-07,0.00 ,0.00 ,0.00 ,0.00 ,0.00 ,0.00 ,0.00 ,0.00 ,0.00 ,0.00 ,0.00 ,0.00 ,0.00 ,0.00 ,0.00 ,0.00 ,0.00 ,0.00 ,0.00 ,"4,948.20 ",987.72 ,0.00 ,0.00 ,0.00 ,0.00 ,0.00 
1996-08,0.00 ,0.00 ,0.00 ,0.00 ,0.00 ,0.00 ,0.00 ,0.00 ,0.00 ,0.00 ,0.00 ,0.00 ,0.00 ,0.00 ,0.00 ,0.00 ,0.00 ,0.00 ,0.00 ,"5,636.36 ","1,201.14 ",0.00 ,0.00 ,0.00 ,0.00 ,0.00 
1996-09,0.00 ,0.00 ,0.00 ,0.00 ,0.00 ,0.00 ,0.00 ,0.00 ,0.00 ,0.00 ,0.00 ,0.00 ,0.00 ,0.00 ,0.00 ,0.00 ,0.00 ,0.00 ,0.00 ,"6,314.04 ","1,389.54 ",0.00 ,0.00 ,0.00 ,0.00 ,0.00 
1996-10,0.00 ,0.00 ,0.00 ,0.00 ,0.00 ,0.00 ,0.00 ,0.00 ,0.00 ,0.00 ,0.00 ,0.00 ,0.00 ,0.00 ,0.00 ,0.00 ,0.00 ,0.00 ,0.00 ,"7,008.05 ","1,557.03 ",0.00 ,0.00 ,0.00 ,0.00 ,0.00 
1996-11,0.00 ,0.00 ,0.00 ,0.00 ,0.00 ,0.00 ,0.00 ,0.00 ,0.00 ,0.00 ,0.00 ,0.00 ,0.00 ,0.00 ,0.00 ,0.00 ,0.00 ,0.00 ,0.00 ,"7,747.93 ","1,699.36 ",0.00 ,0.00 ,0.00 ,0.00 ,0.00 
1996-12,0.00 ,0.00 ,0.00 ,0.00 ,0.00 ,0.00 ,0.00 ,0.00 ,0.00 ,0.00 ,0.00 ,0.00 ,0.00 ,0.00 ,0.00 ,0.00 ,0.00 ,0.00 ,0.00 ,"8,567.06 ","1,830.98 ",0.00 ,0.00 ,0.00 ,0.00 ,0.00 
1997-01,0.00 ,0.00 ,0.00 ,0.00 ,0.00 ,0.00 ,0.00 ,0.00 ,0.00 ,0.00 ,0.00 ,0.00 ,0.00 ,0.00 ,0.00 ,0.00 ,0.00 ,0.00 ,0.00 ,725.09 ,155.34 ,0.00 ,0.00 ,0.00 ,0.00 ,0.00 
1997-02,0.00 ,0.00 ,0.00 ,0.00 ,0.00 ,0.00 ,0.00 ,0.00 ,0.00 ,0.00 ,0.00 ,0.00 ,0.00 ,0.00 ,0.00 ,0.00 ,0.00 ,0.00 ,0.00 ,"1,451.38 ",203.46 ,0.00 ,0.00 ,0.00 ,0.00 ,0.00 
1997-03,0.00 ,0.00 ,0.00 ,0.00 ,0.00 ,0.00 ,0.00 ,0.00 ,0.00 ,0.00 ,0.00 ,0.00 ,0.00 ,0.00 ,0.00 ,0.00 ,0.00 ,0.00 ,0.00 ,"2,256.28 ",324.92 ,0.00 ,0.00 ,0.00 ,0.00 ,0.00 
1997-04,0.00 ,0.00 ,0.00 ,0.00 ,0.00 ,0.00 ,0.00 ,0.00 ,0.00 ,0.00 ,0.00 ,0.00 ,0.00 ,0.00 ,0.00 ,0.00 ,0.00 ,0.00 ,0.00 ,"2,981.21 ",462.85 ,0.00 ,0.00 ,0.00 ,0.00 ,0.00 
1997-05,0.00 ,0.00 ,0.00 ,0.00 ,0.00 ,0.00 ,0.00 ,0.00 ,0.00 ,0.00 ,0.00 ,0.00 ,0.00 ,0.00 ,0.00 ,0.00 ,0.00 ,0.00 ,0.00 ,"3,713.13 ",649.56 ,0.00 ,0.00 ,0.00 ,0.00 ,0.00 
1997-06,0.00 ,0.00 ,0.00 ,0.00 ,0.00 ,0.00 ,0.00 ,0.00 ,0.00 ,0.00 ,0.00 ,0.00 ,0.00 ,0.00 ,0.00 ,0.00 ,0.00 ,0.00 ,0.00 ,"4,427.16 ",836.11 ,0.00 ,0.00 ,0.00 ,0.00 ,0.00 
1997-07,0.00 ,0.00 ,0.00 ,0.00 ,0.00 ,0.00 ,0.00 ,0.00 ,0.00 ,0.00 ,0.00 ,0.00 ,0.00 ,0.00 ,0.00 ,0.00 ,0.00 ,0.00 ,0.00 ,"5,178.54 ","1,045.37 ",0.00 ,0.00 ,0.00 ,0.00 ,0.00 
1997-08,0.00 ,0.00 ,0.00 ,0.00 ,0.00 ,0.00 ,0.00 ,0.00 ,0.00 ,0.00 ,0.00 ,0.00 ,0.00 ,0.00 ,0.00 ,0.00 ,0.00 ,0.00 ,0.00 ,"5,947.81 ","1,246.57 ",0.00 ,0.00 ,0.00 ,0.00 ,0.00 
1997-09,0.00 ,0.00 ,0.00 ,0.00 ,0.00 ,0.00 ,0.00 ,0.00 ,0.00 ,0.00 ,0.00 ,0.00 ,0.00 ,0.00 ,0.00 ,0.00 ,0.00 ,0.00 ,0.00 ,"6,666.48 ","1,421.87 ",0.00 ,0.00 ,0.00 ,0.00 ,0.00 
1997-10,0.00 ,0.00 ,0.00 ,0.00 ,0.00 ,0.00 ,0.00 ,0.00 ,0.00 ,0.00 ,0.00 ,0.00 ,0.00 ,0.00 ,0.00 ,0.00 ,0.00 ,0.00 ,0.00 ,"7,386.26 ","1,595.17 ",0.00 ,0.00 ,0.00 ,0.00 ,0.00 
1997-11,0.00 ,0.00 ,0.00 ,0.00 ,0.00 ,0.00 ,0.00 ,0.00 ,0.00 ,0.00 ,0.00 ,0.00 ,0.00 ,0.00 ,0.00 ,0.00 ,0.00 ,0.00 ,0.00 ,"8,157.52 ","1,736.15 ",0.00 ,0.00 ,0.00 ,0.00 ,0.00 
1997-12,0.00 ,0.00 ,0.00 ,0.00 ,0.00 ,0.00 ,0.00 ,0.00 ,0.00 ,0.00 ,0.00 ,0.00 ,0.00 ,0.00 ,0.00 ,0.00 ,0.00 ,0.00 ,0.00 ,"8,990.07 ","1,873.37 ",0.00 ,0.00 ,0.00 ,0.00 ,0.00 
1998-01,0.00 ,0.00 ,0.00 ,0.00 ,0.00 ,0.00 ,0.00 ,0.00 ,0.00 ,0.00 ,0.00 ,0.00 ,0.00 ,0.00 ,0.00 ,0.00 ,0.00 ,0.00 ,0.00 ,738.37 ,117.61 ,0.00 ,0.00 ,0.00 ,0.00 ,0.00 
1998-02,0.00 ,0.00 ,0.00 ,0.00 ,0.00 ,0.00 ,0.00 ,0.00 ,0.00 ,0.00 ,0.00 ,0.00 ,0.00 ,0.00 ,0.00 ,0.00 ,0.00 ,0.00 ,0.00 ,"1,469.96 ",202.76 ,0.00 ,0.00 ,0.00 ,0.00 ,0.00 
1998-03,0.00 ,0.00 ,0.00 ,0.00 ,0.00 ,0.00 ,0.00 ,0.00 ,0.00 ,0.00 ,0.00 ,0.00 ,0.00 ,0.00 ,0.00 ,0.00 ,0.00 ,0.00 ,0.00 ,"2,266.82 ",364.43 ,0.00 ,0.00 ,0.00 ,0.00 ,0.00 
1998-04,0.00 ,0.00 ,0.00 ,0.00 ,0.00 ,0.00 ,0.00 ,0.00 ,0.00 ,0.00 ,0.00 ,0.00 ,0.00 ,0.00 ,0.00 ,0.00 ,0.00 ,0.00 ,0.00 ,"3,014.55 ",509.06 ,0.00 ,0.00 ,0.00 ,0.00 ,0.00 
1998-05,0.00 ,0.00 ,0.00 ,0.00 ,0.00 ,0.00 ,0.00 ,0.00 ,0.00 ,0.00 ,0.00 ,0.00 ,0.00 ,0.00 ,0.00 ,0.00 ,0.00 ,0.00 ,0.00 ,"3,729.50 ",687.74 ,0.00 ,0.00 ,0.00 ,0.00 ,0.00 
1998-06,0.00 ,0.00 ,0.00 ,0.00 ,0.00 ,0.00 ,0.00 ,0.00 ,0.00 ,0.00 ,0.00 ,0.00 ,0.00 ,0.00 ,0.00 ,0.00 ,0.00 ,0.00 ,0.00 ,"4,444.25 ",886.89 ,0.00 ,0.00 ,0.00 ,0.00 ,0.00 
1998-07,0.00 ,0.00 ,0.00 ,0.00 ,0.00 ,0.00 ,0.00 ,0.00 ,0.00 ,0.00 ,0.00 ,0.00 ,0.00 ,0.00 ,0.00 ,0.00 ,0.00 ,0.00 ,0.00 ,"5,175.95 ","1,100.21 ",0.00 ,0.00 ,0.00 ,0.00 ,0.00 
1998-08,0.00 ,0.00 ,0.00 ,0.00 ,0.00 ,0.00 ,0.00 ,0.00 ,0.00 ,0.00 ,0.00 ,0.00 ,0.00 ,0.00 ,0.00 ,0.00 ,0.00 ,0.00 ,0.00 ,"5,945.78 ","1,306.98 ",0.00 ,0.00 ,0.00 ,0.00 ,0.00 
1998-09,0.00 ,0.00 ,0.00 ,0.00 ,0.00 ,0.00 ,0.00 ,0.00 ,0.00 ,0.00 ,0.00 ,0.00 ,0.00 ,0.00 ,0.00 ,0.00 ,0.00 ,0.00 ,0.00 ,"6,682.26 ","1,490.35 ",0.00 ,0.00 ,0.00 ,0.00 ,0.00 
1998-10,0.00 ,0.00 ,0.00 ,0.00 ,0.00 ,0.00 ,0.00 ,0.00 ,0.00 ,0.00 ,0.00 ,0.00 ,0.00 ,0.00 ,0.00 ,0.00 ,0.00 ,0.00 ,0.00 ,"7,440.28 ","1,660.23 ",0.00 ,0.00 ,0.00 ,0.00 ,0.00 
1998-11,0.00 ,0.00 ,0.00 ,0.00 ,0.00 ,0.00 ,0.00 ,0.00 ,0.00 ,0.00 ,0.00 ,0.00 ,0.00 ,0.00 ,0.00 ,0.00 ,0.00 ,0.00 ,0.00 ,"8,251.64 ","1,790.03 ",0.00 ,0.00 ,0.00 ,0.00 ,0.00 
1998-12,0.00 ,0.00 ,0.00 ,0.00 ,0.00 ,0.00 ,0.00 ,0.00 ,0.00 ,0.00 ,0.00 ,0.00 ,0.00 ,0.00 ,0.00 ,0.00 ,0.00 ,0.00 ,0.00 ,"9,290.18 ","1,949.39 ",0.00 ,0.00 ,0.00 ,0.00 ,0.00 
1999-01,0.00 ,0.00 ,0.00 ,0.00 ,0.00 ,0.00 ,0.00 ,0.00 ,0.00 ,0.00 ,0.00 ,0.00 ,0.00 ,0.00 ,0.00 ,0.00 ,0.00 ,0.00 ,0.00 ,877.32 ,109.93 ,0.00 ,0.00 ,0.00 ,0.00 ,0.00 
1999-02,0.00 ,0.00 ,0.00 ,0.00 ,0.00 ,0.00 ,0.00 ,0.00 ,0.00 ,0.00 ,0.00 ,0.00 ,0.00 ,0.00 ,0.00 ,0.00 ,0.00 ,0.00 ,0.00 ,"1,588.14 ",184.85 ,0.00 ,0.00 ,0.00 ,0.00 ,0.00 
1999-03,0.00 ,0.00 ,0.00 ,0.00 ,0.00 ,0.00 ,0.00 ,0.00 ,0.00 ,0.00 ,0.00 ,0.00 ,0.00 ,0.00 ,0.00 ,0.00 ,0.00 ,0.00 ,0.00 ,"2,446.60 ",299.54 ,0.00 ,0.00 ,0.00 ,0.00 ,0.00 
1999-04,0.00 ,0.00 ,0.00 ,0.00 ,0.00 ,0.00 ,0.00 ,0.00 ,0.00 ,0.00 ,0.00 ,0.00 ,0.00 ,0.00 ,0.00 ,0.00 ,0.00 ,0.00 ,0.00 ,"3,269.53 ",407.45 ,0.00 ,0.00 ,0.00 ,0.00 ,0.00 
1999-05,0.00 ,0.00 ,0.00 ,0.00 ,0.00 ,0.00 ,0.00 ,0.00 ,0.00 ,0.00 ,0.00 ,0.00 ,0.00 ,0.00 ,0.00 ,0.00 ,0.00 ,0.00 ,0.00 ,"4,040.75 ",590.93 ,0.00 ,0.00 ,0.00 ,0.00 ,0.00 
1999-06,0.00 ,0.00 ,0.00 ,0.00 ,0.00 ,0.00 ,0.00 ,0.00 ,0.00 ,0.00 ,0.00 ,0.00 ,0.00 ,0.00 ,0.00 ,0.00 ,0.00 ,0.00 ,0.00 ,"4,801.16 ",796.68 ,0.00 ,0.00 ,0.00 ,0.00 ,0.00 
1999-07,0.00 ,0.00 ,0.00 ,0.00 ,0.00 ,0.00 ,0.00 ,0.00 ,0.00 ,0.00 ,0.00 ,0.00 ,0.00 ,0.00 ,0.00 ,0.00 ,0.00 ,0.00 ,0.00 ,"5,625.80 ","1,036.88 ",0.00 ,0.00 ,0.00 ,0.00 ,0.00 
1999-08,0.00 ,0.00 ,0.00 ,0.00 ,0.00 ,0.00 ,0.00 ,0.00 ,0.00 ,0.00 ,0.00 ,0.00 ,0.00 ,0.00 ,0.00 ,0.00 ,0.00 ,0.00 ,0.00 ,"6,453.36 ","1,264.38 ",0.00 ,0.00 ,0.00 ,0.00 ,0.00 
1999-09,0.00 ,0.00 ,0.00 ,0.00 ,0.00 ,0.00 ,0.00 ,0.00 ,0.00 ,0.00 ,0.00 ,0.00 ,0.00 ,0.00 ,0.00 ,0.00 ,0.00 ,0.00 ,0.00 ,"7,247.66 ","1,464.48 ",0.00 ,0.00 ,0.00 ,0.00 ,0.00 
1999-10,0.00 ,0.00 ,0.00 ,0.00 ,0.00 ,0.00 ,0.00 ,0.00 ,0.00 ,0.00 ,0.00 ,0.00 ,0.00 ,0.00 ,0.00 ,0.00 ,0.00 ,0.00 ,0.00 ,"8,052.58 ","1,645.15 ",0.00 ,0.00 ,0.00 ,0.00 ,0.00 
1999-11,0.00 ,0.00 ,0.00 ,0.00 ,0.00 ,0.00 ,0.00 ,0.00 ,0.00 ,0.00 ,0.00 ,0.00 ,0.00 ,0.00 ,0.00 ,0.00 ,0.00 ,0.00 ,0.00 ,"8,867.07 ","1,815.56 ",0.00 ,0.00 ,0.00 ,0.00 ,0.00 
1999-12,0.00 ,0.00 ,0.00 ,0.00 ,0.00 ,0.00 ,0.00 ,0.00 ,0.00 ,0.00 ,0.00 ,0.00 ,0.00 ,0.00 ,0.00 ,0.00 ,0.00 ,0.00 ,0.00 ,"9,868.69 ","1,967.29 ",0.00 ,0.00 ,0.00 ,0.00 ,0.00 
2000-01,0.00 ,0.00 ,0.00 ,0.00 ,0.00 ,0.00 ,0.00 ,0.00 ,0.00 ,0.00 ,0.00 ,0.00 ,0.00 ,0.00 ,0.00 ,0.00 ,0.00 ,0.00 ,0.00 ,933.49 ,110.24 ,0.00 ,0.00 ,0.00 ,0.00 ,0.00 
2000-02,0.00 ,0.00 ,0.00 ,0.00 ,0.00 ,0.00 ,0.00 ,0.00 ,0.00 ,0.00 ,0.00 ,0.00 ,0.00 ,0.00 ,0.00 ,0.00 ,0.00 ,0.00 ,0.00 ,"1,751.07 ",230.79 ,0.00 ,0.00 ,0.00 ,0.00 ,0.00 
2000-03,0.00 ,0.00 ,0.00 ,0.00 ,0.00 ,0.00 ,0.00 ,0.00 ,0.00 ,0.00 ,0.00 ,0.00 ,0.00 ,0.00 ,0.00 ,0.00 ,0.00 ,0.00 ,0.00 ,"2,618.74 ",396.00 ,0.00 ,0.00 ,0.00 ,0.00 ,0.00 
2000-04,0.00 ,0.00 ,0.00 ,0.00 ,0.00 ,0.00 ,0.00 ,0.00 ,0.00 ,0.00 ,0.00 ,0.00 ,0.00 ,0.00 ,0.00 ,0.00 ,0.00 ,0.00 ,0.00 ,"3,478.98 ",584.63 ,0.00 ,0.00 ,0.00 ,0.00 ,0.00 
2000-05,0.00 ,0.00 ,0.00 ,0.00 ,0.00 ,0.00 ,0.00 ,0.00 ,0.00 ,0.00 ,0.00 ,0.00 ,0.00 ,0.00 ,0.00 ,0.00 ,0.00 ,0.00 ,0.00 ,"4,363.13 ",761.74 ,0.00 ,0.00 ,0.00 ,0.00 ,0.00 
2000-06,0.00 ,0.00 ,0.00 ,0.00 ,0.00 ,0.00 ,0.00 ,0.00 ,0.00 ,0.00 ,0.00 ,0.00 ,0.00 ,0.00 ,0.00 ,0.00 ,0.00 ,0.00 ,0.00 ,"5,214.16 ",982.25 ,0.00 ,0.00 ,0.00 ,0.00 ,0.00 
2000-07,0.00 ,0.00 ,0.00 ,0.00 ,0.00 ,0.00 ,0.00 ,0.00 ,0.00 ,0.00 ,0.00 ,0.00 ,0.00 ,0.00 ,0.00 ,0.00 ,0.00 ,0.00 ,0.00 ,"6,161.05 ","1,187.57 ",0.00 ,0.00 ,0.00 ,0.00 ,0.00 
2000-08,0.00 ,0.00 ,0.00 ,0.00 ,0.00 ,0.00 ,0.00 ,0.00 ,0.00 ,0.00 ,0.00 ,0.00 ,0.00 ,0.00 ,0.00 ,0.00 ,0.00 ,0.00 ,0.00 ,"7,083.84 ","1,415.66 ",0.00 ,0.00 ,0.00 ,0.00 ,0.00 
2000-09,0.00 ,0.00 ,0.00 ,0.00 ,0.00 ,0.00 ,0.00 ,0.00 ,0.00 ,0.00 ,0.00 ,0.00 ,0.00 ,0.00 ,0.00 ,0.00 ,0.00 ,0.00 ,0.00 ,"7,938.03 ","1,649.40 ",0.00 ,0.00 ,0.00 ,0.00 ,0.00 
2000-10,0.00 ,0.00 ,0.00 ,0.00 ,0.00 ,0.00 ,0.00 ,0.00 ,0.00 ,0.00 ,0.00 ,0.00 ,0.00 ,0.00 ,0.00 ,0.00 ,0.00 ,0.00 ,0.00 ,"8,816.23 ","1,871.30 ",0.00 ,0.00 ,0.00 ,0.00 ,0.00 
2000-11,0.00 ,0.00 ,0.00 ,0.00 ,0.00 ,0.00 ,0.00 ,0.00 ,0.00 ,0.00 ,0.00 ,0.00 ,0.00 ,0.00 ,0.00 ,0.00 ,0.00 ,0.00 ,0.00 ,"9,731.86 ","2,056.04 ",0.00 ,0.00 ,0.00 ,0.00 ,0.00 
2000-12,"3,258.00 ","4,848.00 ",0.00 ,0.00 ,0.00 ,0.00 ,0.00 ,0.00 ,0.00 ,0.00 ,0.00 ,0.00 ,0.00 ,0.00 ,0.00 ,0.00 ,0.00 ,0.00 ,0.00 ,"10,866.84 ","2,211.73 ",0.00 ,0.00 ,0.00 ,0.00 ,0.00 
2001-01,0.00 ,0.00 ,0.00 ,0.00 ,0.00 ,0.00 ,0.00 ,0.00 ,0.00 ,0.00 ,0.00 ,0.00 ,0.00 ,0.00 ,0.00 ,0.00 ,0.00 ,0.00 ,0.00 ,880.22 ,137.08 ,10.53 ,0.00 ,0.00 ,0.00 ,0.00 
2001-02,0.00 ,0.00 ,0.00 ,0.00 ,0.00 ,0.00 ,0.00 ,0.00 ,0.00 ,0.00 ,0.00 ,0.00 ,0.00 ,0.00 ,0.00 ,0.00 ,0.00 ,0.00 ,0.00 ,"1,884.53 ",288.65 ,23.81 ,0.00 ,0.00 ,0.00 ,0.00 
2001-03,0.00 ,0.00 ,0.00 ,0.00 ,0.00 ,0.00 ,0.00 ,0.00 ,0.00 ,0.00 ,0.00 ,0.00 ,0.00 ,0.00 ,0.00 ,0.00 ,0.00 ,0.00 ,0.00 ,"2,771.75 ",428.47 ,36.87 ,0.00 ,0.00 ,0.00 ,0.00 
2001-04,0.00 ,0.00 ,0.00 ,0.00 ,0.00 ,0.00 ,0.00 ,0.00 ,0.00 ,0.00 ,0.00 ,0.00 ,0.00 ,0.00 ,0.00 ,0.00 ,0.00 ,0.00 ,0.00 ,"3,722.85 ",605.88 ,50.19 ,0.00 ,0.00 ,0.00 ,0.00 
2001-05,0.00 ,0.00 ,0.00 ,0.00 ,0.00 ,0.00 ,0.00 ,0.00 ,0.00 ,0.00 ,0.00 ,0.00 ,0.00 ,0.00 ,0.00 ,0.00 ,0.00 ,0.00 ,0.00 ,"4,669.37 ",817.92 ,66.94 ,0.00 ,0.00 ,0.00 ,0.00 
2001-06,0.00 ,0.00 ,0.00 ,0.00 ,0.00 ,0.00 ,0.00 ,0.00 ,0.00 ,0.00 ,0.00 ,0.00 ,0.00 ,0.00 ,0.00 ,0.00 ,0.00 ,0.00 ,0.00 ,"5,606.06 ","1,071.74 ",83.66 ,0.00 ,0.00 ,0.00 ,0.00 
2001-07,0.00 ,0.00 ,0.00 ,0.00 ,0.00 ,0.00 ,0.00 ,0.00 ,0.00 ,0.00 ,0.00 ,0.00 ,0.00 ,0.00 ,0.00 ,0.00 ,0.00 ,0.00 ,0.00 ,"6,666.39 ","1,317.02 ",99.27 ,0.00 ,0.00 ,0.00 ,0.00 
2001-08,0.00 ,0.00 ,0.00 ,0.00 ,0.00 ,0.00 ,0.00 ,0.00 ,0.00 ,0.00 ,0.00 ,0.00 ,0.00 ,0.00 ,0.00 ,0.00 ,0.00 ,0.00 ,0.00 ,"7,676.31 ","1,564.06 ",116.01 ,0.00 ,0.00 ,0.00 ,0.00 
2001-09,0.00 ,0.00 ,0.00 ,0.00 ,0.00 ,0.00 ,0.00 ,0.00 ,0.00 ,0.00 ,0.00 ,0.00 ,0.00 ,0.00 ,0.00 ,0.00 ,0.00 ,0.00 ,0.00 ,"8,649.44 ","1,779.71 ",132.26 ,0.00 ,0.00 ,0.00 ,0.00 
2001-10,0.00 ,0.00 ,0.00 ,0.00 ,0.00 ,0.00 ,0.00 ,0.00 ,0.00 ,0.00 ,0.00 ,0.00 ,0.00 ,0.00 ,0.00 ,0.00 ,0.00 ,0.00 ,0.00 ,"9,615.67 ","1,984.26 ",148.97 ,0.00 ,0.00 ,0.00 ,0.00 
2001-11,0.00 ,0.00 ,0.00 ,0.00 ,0.00 ,0.00 ,0.00 ,0.00 ,0.00 ,0.00 ,0.00 ,0.00 ,0.00 ,0.00 ,0.00 ,0.00 ,0.00 ,0.00 ,0.00 ,"10,609.97 ","2,184.52 ",165.12 ,0.00 ,0.00 ,0.00 ,0.00 
2001-12,"3,129.00 ","4,900.00 ",0.00 ,0.00 ,0.00 ,0.00 ,0.00 ,0.00 ,0.00 ,0.00 ,0.00 ,0.00 ,0.00 ,0.00 ,0.00 ,0.00 ,0.00 ,0.00 ,0.00 ,"11,767.51 ","2,380.42 ",174.72 ,0.00 ,0.00 ,0.00 ,0.00 
2002-01,0.00 ,0.00 ,0.00 ,0.00 ,0.00 ,0.00 ,0.00 ,0.00 ,0.00 ,0.00 ,0.00 ,0.00 ,0.00 ,0.00 ,0.00 ,0.00 ,0.00 ,0.00 ,0.00 ,"1,162.64 ",141.22 ,12.12 ,0.00 ,0.00 ,0.00 ,0.00 
2002-02,0.00 ,0.00 ,0.00 ,0.00 ,0.00 ,0.00 ,0.00 ,0.00 ,0.00 ,0.00 ,0.00 ,0.00 ,0.00 ,0.00 ,0.00 ,0.00 ,0.00 ,0.00 ,0.00 ,"1,967.65 ",281.80 ,19.81 ,0.00 ,0.00 ,0.00 ,0.00 
2002-03,0.00 ,0.00 ,0.00 ,0.00 ,0.00 ,0.00 ,0.00 ,0.00 ,0.00 ,0.00 ,0.00 ,0.00 ,0.00 ,0.00 ,0.00 ,0.00 ,0.00 ,0.00 ,0.00 ,"3,060.57 ",413.33 ,31.79 ,0.00 ,0.00 ,0.00 ,0.00 
2002-04,0.00 ,0.00 ,0.00 ,0.00 ,0.00 ,0.00 ,0.00 ,0.00 ,0.00 ,0.00 ,0.00 ,0.00 ,0.00 ,0.00 ,0.00 ,0.00 ,0.00 ,0.00 ,0.00 ,"4,124.71 ",596.20 ,44.71 ,0.00 ,0.00 ,0.00 ,0.00 
2002-05,0.00 ,0.00 ,0.00 ,0.00 ,0.00 ,0.00 ,0.00 ,0.00 ,0.00 ,0.00 ,0.00 ,0.00 ,0.00 ,0.00 ,0.00 ,0.00 ,0.00 ,0.00 ,0.00 ,"5,165.73 ",826.43 ,61.00 ,0.00 ,0.00 ,0.00 ,0.00 
2002-06,0.00 ,0.00 ,0.00 ,0.00 ,0.00 ,0.00 ,0.00 ,0.00 ,0.00 ,0.00 ,0.00 ,0.00 ,0.00 ,0.00 ,0.00 ,0.00 ,0.00 ,0.00 ,0.00 ,"6,229.01 ","1,087.11 ",92.28 ,0.00 ,0.00 ,0.00 ,0.00 
2002-07,0.00 ,0.00 ,0.00 ,0.00 ,0.00 ,0.00 ,0.00 ,0.00 ,0.00 ,0.00 ,0.00 ,0.00 ,0.00 ,0.00 ,0.00 ,0.00 ,0.00 ,0.00 ,0.00 ,"7,415.69 ","1,356.29 ",115.75 ,0.00 ,0.00 ,0.00 ,0.00 
2002-08,0.00 ,0.00 ,0.00 ,0.00 ,0.00 ,0.00 ,0.00 ,0.00 ,0.00 ,0.00 ,0.00 ,0.00 ,0.00 ,0.00 ,0.00 ,0.00 ,0.00 ,0.00 ,0.00 ,"8,544.46 ","1,636.19 ",143.76 ,0.00 ,0.00 ,0.00 ,0.00 
2002-09,0.00 ,0.00 ,0.00 ,0.00 ,0.00 ,0.00 ,0.00 ,0.00 ,0.00 ,0.00 ,0.00 ,0.00 ,0.00 ,0.00 ,0.00 ,0.00 ,0.00 ,0.00 ,0.00 ,"9,644.73 ","1,875.74 ",172.96 ,0.00 ,0.00 ,0.00 ,0.00 
2002-10,0.00 ,0.00 ,0.00 ,0.00 ,0.00 ,0.00 ,0.00 ,0.00 ,0.00 ,0.00 ,0.00 ,0.00 ,0.00 ,0.00 ,0.00 ,0.00 ,0.00 ,0.00 ,0.00 ,"10,779.56 ","2,097.87 ",200.69 ,0.00 ,0.00 ,0.00 ,0.00 
2002-11,0.00 ,0.00 ,0.00 ,0.00 ,0.00 ,0.00 ,0.00 ,0.00 ,0.00 ,0.00 ,0.00 ,0.00 ,0.00 ,0.00 ,0.00 ,0.00 ,0.00 ,0.00 ,0.00 ,"11,945.11 ","2,289.42 ",231.04 ,0.00 ,0.00 ,0.00 ,0.00 
2002-12,"3,289.00 ","5,272.00 ",0.00 ,0.00 ,0.00 ,0.00 ,0.00 ,0.00 ,0.00 ,0.00 ,0.00 ,0.00 ,0.00 ,0.00 ,0.00 ,0.00 ,0.00 ,0.00 ,0.00 ,"13,287.64 ","2,879.74 ",259.05 ,0.00 ,0.00 ,0.00 ,0.00 
2003-01,0.00 ,0.00 ,0.00 ,0.00 ,0.00 ,0.00 ,0.00 ,0.00 ,0.00 ,0.00 ,0.00 ,0.00 ,0.00 ,0.00 ,0.00 ,0.00 ,0.00 ,0.00 ,0.00 ,"1,190.35 ",150.98 ,32.49 ,0.00 ,0.00 ,0.00 ,0.00 
2003-02,0.00 ,0.00 ,0.00 ,0.00 ,0.00 ,0.00 ,0.00 ,0.00 ,0.00 ,0.00 ,0.00 ,0.00 ,0.00 ,0.00 ,0.00 ,0.00 ,0.00 ,0.00 ,0.00 ,"2,104.72 ",289.24 ,59.53 ,0.00 ,0.00 ,0.00 ,0.00 
2003-03,0.00 ,0.00 ,0.00 ,0.00 ,0.00 ,0.00 ,0.00 ,0.00 ,0.00 ,0.00 ,0.00 ,0.00 ,0.00 ,0.00 ,0.00 ,0.00 ,0.00 ,0.00 ,0.00 ,"3,554.07 ",437.66 ,93.30 ,0.00 ,0.00 ,0.00 ,0.00 
2003-04,0.00 ,0.00 ,0.00 ,0.00 ,0.00 ,0.00 ,0.00 ,0.00 ,0.00 ,0.00 ,0.00 ,0.00 ,0.00 ,0.00 ,0.00 ,0.00 ,0.00 ,0.00 ,0.00 ,"4,777.45 ",622.22 ,119.26 ,0.00 ,0.00 ,0.00 ,0.00 
2003-05,0.00 ,"2,319.00 ",0.00 ,0.00 ,0.00 ,0.00 ,0.00 ,0.00 ,0.00 ,0.00 ,0.00 ,0.00 ,0.00 ,0.00 ,0.00 ,0.00 ,"7,096.80 ",0.00 ,0.00 ,"5,965.97 ",857.56 ,146.03 ,0.00 ,0.00 ,0.00 ,377.00 
2003-06,0.00 ,"2,778.00 ",0.00 ,0.00 ,0.00 ,0.00 ,0.00 ,0.00 ,0.00 ,0.00 ,0.00 ,0.00 ,0.00 ,0.00 ,0.00 ,0.00 ,"8,616.75 ",0.00 ,0.00 ,"7,208.27 ","1,122.87 ",183.27 ,0.00 ,0.00 ,0.00 ,378.00 
2003-07,0.00 ,"3,287.00 ",0.00 ,0.00 ,0.00 ,0.00 ,0.00 ,0.00 ,0.00 ,0.00 ,0.00 ,0.00 ,0.00 ,0.00 ,0.00 ,0.00 ,"10,417.76 ",0.00 ,0.00 ,"8,586.35 ","1,405.51 ",227.68 ,0.00 ,0.00 ,0.00 ,375.00 
2003-08,0.00 ,"3,812.00 ",0.00 ,0.00 ,0.00 ,0.00 ,0.00 ,0.00 ,0.00 ,0.00 ,0.00 ,0.00 ,0.00 ,0.00 ,0.00 ,0.00 ,"12,138.57 ",0.00 ,0.00 ,"9,982.30 ","1,670.45 ",265.38 ,0.00 ,0.00 ,0.00 ,378.00 
2003-09,0.00 ,"4,280.00 ",0.00 ,0.00 ,0.00 ,0.00 ,0.00 ,0.00 ,0.00 ,0.00 ,0.00 ,0.00 ,0.00 ,0.00 ,0.00 ,0.00 ,"13,741.67 ",0.00 ,0.00 ,"11,258.18 ","1,951.00 ",308.70 ,0.00 ,0.00 ,0.00 ,379.00 
2003-10,0.00 ,"4,758.00 ",0.00 ,0.00 ,0.00 ,0.00 ,0.00 ,0.00 ,0.00 ,0.00 ,0.00 ,0.00 ,0.00 ,0.00 ,0.00 ,0.00 ,"15,338.44 ",0.00 ,0.00 ,"12,558.60 ","2,193.83 ",357.62 ,0.00 ,0.00 ,0.00 ,379.00 
2003-11,0.00 ,"5,256.00 ",0.00 ,0.00 ,0.00 ,0.00 ,0.00 ,0.00 ,0.00 ,0.00 ,0.00 ,0.00 ,0.00 ,0.00 ,0.00 ,0.00 ,"16,839.78 ",0.00 ,0.00 ,"13,955.52 ","2,391.78 ",398.85 ,0.00 ,0.00 ,0.00 ,378.00 
2003-12,"3,239.00 ","5,767.00 ",0.00 ,0.00 ,0.00 ,0.00 ,0.00 ,0.00 ,0.00 ,0.00 ,0.00 ,0.00 ,0.00 ,0.00 ,0.00 ,0.00 ,"18,910.00 ",0.00 ,0.00 ,"15,421.26 ","2,836.81 ",433.42 ,0.00 ,0.00 ,0.00 ,0.00 
2004-01,0.00 ,0.00 ,0.00 ,0.00 ,0.00 ,0.00 ,0.00 ,0.00 ,0.00 ,0.00 ,0.00 ,0.00 ,0.00 ,0.00 ,0.00 ,0.00 ,0.00 ,0.00 ,0.00 ,"1,289.97 ",138.97 ,37.79 ,0.00 ,0.00 ,0.00 ,0.00 
2004-02,0.00 ,982.00 ,0.00 ,0.00 ,0.00 ,0.00 ,0.00 ,0.00 ,0.00 ,0.00 ,0.00 ,0.00 ,0.00 ,0.00 ,0.00 ,0.00 ,"3,119.87 ",0.00 ,0.00 ,"2,697.60 ",281.17 ,74.73 ,0.00 ,0.00 ,0.00 ,375.00 
2004-03,0.00 ,"1,512.00 ",0.00 ,0.00 ,0.00 ,0.00 ,0.00 ,0.00 ,0.00 ,0.00 ,0.00 ,0.00 ,0.00 ,0.00 ,0.00 ,0.00 ,"4,804.55 ",0.00 ,0.00 ,"4,198.54 ",455.83 ,112.18 ,0.00 ,0.00 ,0.00 ,372.00 
2004-04,0.00 ,"2,029.00 ",0.00 ,0.00 ,0.00 ,0.00 ,0.00 ,0.00 ,0.00 ,0.00 ,0.00 ,0.00 ,0.00 ,0.00 ,0.00 ,0.00 ,"6,504.83 ",0.00 ,0.00 ,"5,611.30 ",682.27 ,149.14 ,0.00 ,0.00 ,0.00 ,376.00 
2004-05,0.00 ,"2,452.00 ",0.00 ,0.00 ,0.00 ,0.00 ,0.00 ,0.00 ,0.00 ,0.00 ,0.00 ,0.00 ,0.00 ,0.00 ,0.00 ,0.00 ,"8,187.79 ",0.00 ,0.00 ,"6,991.96 ",961.93 ,185.93 ,0.00 ,0.00 ,0.00 ,378.00 
2004-06,0.00 ,"2,960.00 ",0.00 ,0.00 ,0.00 ,0.00 ,0.00 ,0.00 ,0.00 ,0.00 ,0.00 ,0.00 ,0.00 ,0.00 ,0.00 ,0.00 ,"9,976.25 ",0.00 ,0.00 ,"8,360.78 ","1,279.32 ",226.33 ,0.00 ,0.00 ,0.00 ,380.00 
2004-07,0.00 ,"3,462.00 ",0.00 ,0.00 ,0.00 ,0.00 ,0.00 ,0.00 ,0.00 ,0.00 ,0.00 ,0.00 ,0.00 ,0.00 ,0.00 ,0.00 ,"11,927.80 ",0.00 ,0.00 ,"9,945.27 ","1,591.03 ",270.30 ,0.00 ,0.00 ,0.00 ,380.00 
2004-08,0.00 ,"3,998.00 ",0.00 ,0.00 ,0.00 ,0.00 ,0.00 ,0.00 ,0.00 ,0.00 ,0.00 ,0.00 ,0.00 ,0.00 ,0.00 ,0.00 ,"13,878.74 ",0.00 ,0.00 ,"11,478.42 ","1,925.96 ",320.24 ,0.00 ,0.00 ,0.00 ,380.00 
2004-09,0.00 ,"4,504.00 ",0.00 ,0.00 ,0.00 ,0.00 ,0.00 ,0.00 ,0.00 ,0.00 ,0.00 ,0.00 ,0.00 ,0.00 ,0.00 ,0.00 ,"15,713.11 ",0.00 ,0.00 ,"12,922.39 ","2,256.84 ",369.86 ,0.00 ,0.00 ,0.00 ,381.00 
2004-10,0.00 ,"4,902.00 ",0.00 ,0.00 ,0.00 ,0.00 ,0.00 ,0.00 ,0.00 ,0.00 ,0.00 ,0.00 ,0.00 ,0.00 ,0.00 ,0.00 ,"17,582.87 ",0.00 ,0.00 ,"14,429.02 ","2,551.74 ",421.78 ,0.00 ,0.00 ,0.00 ,382.00 
2004-11,0.00 ,"5,430.00 ",0.00 ,0.00 ,0.00 ,0.00 ,0.00 ,0.00 ,0.00 ,0.00 ,0.00 ,0.00 ,0.00 ,0.00 ,0.00 ,0.00 ,"19,458.40 ",0.00 ,0.00 ,"15,966.57 ","2,808.53 ",461.27 ,0.00 ,0.00 ,0.00 ,381.00 
2004-12,"3,462.00 ","5,991.00 ",0.00 ,0.00 ,0.00 ,0.00 ,0.00 ,0.00 ,0.00 ,0.00 ,0.00 ,0.00 ,0.00 ,0.00 ,0.00 ,0.00 ,"21,735.00 ",0.00 ,0.00 ,"17,701.71 ","3,535.44 ",500.07 ,0.00 ,0.00 ,0.00 ,379.00 
2005-01,0.00 ,0.00 ,0.00 ,0.00 ,0.00 ,0.00 ,0.00 ,0.00 ,0.00 ,0.00 ,0.00 ,0.00 ,0.00 ,0.00 ,0.00 ,0.00 ,0.00 ,0.00 ,0.00 ,"1,650.49 ",181.41 ,47.76 ,0.00 ,0.00 ,0.00 ,0.00 
2005-02,360.00 ,981.00 ,0.00 ,0.00 ,0.00 ,0.00 ,0.00 ,0.00 ,0.00 ,0.00 ,0.00 ,0.00 ,0.00 ,0.00 ,0.00 ,0.00 ,"3,571.81 ",0.00 ,0.00 ,"3,028.76 ",346.83 ,88.09 ,0.00 ,0.00 ,0.00 ,366.00 
2005-03,591.00 ,"1,499.00 ",0.00 ,0.00 ,0.00 ,0.00 ,0.00 ,0.00 ,0.00 ,0.00 ,0.00 ,0.00 ,0.00 ,0.00 ,0.00 ,0.00 ,"5,505.64 ",0.00 ,0.00 ,"4,730.85 ",553.82 ,129.34 ,0.00 ,0.00 ,0.00 ,366.00 
2005-04,847.00 ,"1,982.00 ",0.00 ,0.00 ,0.00 ,0.00 ,0.00 ,0.00 ,0.00 ,0.00 ,0.00 ,0.00 ,0.00 ,0.00 ,0.00 ,0.00 ,"7,432.30 ",0.00 ,0.00 ,"6,279.02 ",807.76 ,170.30 ,0.00 ,0.00 ,0.00 ,365.00 
2005-05,"1,224.00 ","2,452.00 ",0.00 ,0.00 ,0.00 ,0.00 ,0.00 ,0.00 ,0.00 ,0.00 ,0.00 ,0.00 ,0.00 ,0.00 ,0.00 ,0.00 ,"9,395.74 ",0.00 ,0.00 ,"7,829.12 ","1,157.22 ",215.13 ,0.00 ,0.00 ,0.00 ,367.00 
2005-06,"1,643.00 ","2,934.00 ",0.00 ,0.00 ,0.00 ,0.00 ,0.00 ,0.00 ,0.00 ,0.00 ,0.00 ,0.00 ,0.00 ,0.00 ,0.00 ,0.00 ,"11,486.99 ",0.00 ,0.00 ,"9,406.34 ","1,557.31 ",259.19 ,0.00 ,0.00 ,0.00 ,367.00 
2005-07,"2,069.00 ","3,459.00 ",0.00 ,0.00 ,0.00 ,0.00 ,0.00 ,0.00 ,0.00 ,0.00 ,0.00 ,0.00 ,0.00 ,0.00 ,0.00 ,0.00 ,"13,861.94 ",0.00 ,0.00 ,"11,148.20 ","1,960.16 ",307.35 ,0.00 ,0.00 ,0.00 ,368.00 
2005-08,"2,444.00 ","3,977.00 ",0.00 ,0.00 ,0.00 ,0.00 ,0.00 ,0.00 ,0.00 ,0.00 ,0.00 ,0.00 ,0.00 ,0.00 ,0.00 ,0.00 ,"16,113.87 ",0.00 ,0.00 ,"12,874.59 ","2,350.14 ",357.65 ,0.00 ,0.00 ,0.00 ,367.00 
2005-09,"2,810.00 ","4,444.00 ",0.00 ,0.00 ,0.00 ,0.00 ,0.00 ,0.00 ,0.00 ,0.00 ,0.00 ,0.00 ,0.00 ,0.00 ,0.00 ,0.00 ,"18,238.79 ",0.00 ,0.00 ,"14,505.93 ","2,736.03 ",405.72 ,0.00 ,0.00 ,0.00 ,368.00 
2005-10,"3,170.00 ","4,886.00 ",0.00 ,0.00 ,0.00 ,0.00 ,0.00 ,0.00 ,0.00 ,0.00 ,0.00 ,0.00 ,0.00 ,0.00 ,0.00 ,0.00 ,"20,324.59 ",0.00 ,0.00 ,"16,109.76 ","3,089.85 ",448.65 ,0.00 ,0.00 ,0.00 ,367.00 
2005-11,"3,443.00 ","5,374.00 ",0.00 ,0.00 ,0.00 ,0.00 ,0.00 ,0.00 ,0.00 ,0.00 ,0.00 ,0.00 ,0.00 ,0.00 ,0.00 ,0.00 ,"21,840.81 ",0.00 ,0.00 ,"17,812.17 ","3,389.44 ",487.86 ,0.00 ,0.00 ,0.00 ,367.00 
2005-12,"3,664.00 ","5,865.00 ",0.00 ,0.00 ,0.00 ,0.00 ,0.00 ,0.00 ,0.00 ,0.00 ,0.00 ,0.00 ,0.00 ,0.00 ,0.00 ,0.00 ,"24,689.00 ",0.00 ,0.00 ,"20,473.36 ","3,970.17 ",530.88 ,0.00 ,0.00 ,0.00 ,374.00 
2006-01,0.00 ,0.00 ,0.00 ,0.00 ,0.00 ,0.00 ,0.00 ,0.00 ,0.00 ,0.00 ,0.00 ,0.00 ,0.00 ,0.00 ,0.00 ,0.00 ,0.00 ,0.00 ,0.00 ,"1,754.83 ",250.08 ,41.15 ,0.00 ,0.00 ,0.00 ,0.00 
2006-02,359.00 ,913.00 ,0.00 ,0.00 ,0.00 ,0.00 ,0.00 ,0.00 ,0.00 ,0.00 ,0.00 ,0.00 ,0.00 ,0.00 ,0.00 ,0.00 ,"4,222.27 ",0.00 ,0.00 ,"3,424.32 ",488.52 ,82.55 ,0.00 ,0.00 ,0.00 ,361.00 
2006-03,602.00 ,"1,405.00 ",0.00 ,0.00 ,0.00 ,0.00 ,0.00 ,0.00 ,0.00 ,0.00 ,0.00 ,0.00 ,0.00 ,0.00 ,0.00 ,0.00 ,"6,249.87 ",0.00 ,0.00 ,"5,269.63 ",642.26 ,125.66 ,0.00 ,0.00 ,0.00 ,364.00 
2006-04,884.00 ,"1,861.00 ",0.00 ,0.00 ,0.00 ,0.00 ,0.00 ,0.00 ,0.00 ,0.00 ,0.00 ,0.00 ,0.00 ,0.00 ,0.00 ,0.00 ,"8,466.59 ",0.00 ,0.00 ,"7,049.53 ",927.01 ,166.60 ,0.00 ,0.00 ,0.00 ,361.00 
2006-05,"1,239.00 ","2,312.00 ",0.00 ,0.00 ,0.00 ,0.00 ,0.00 ,0.00 ,0.00 ,0.00 ,0.00 ,0.00 ,0.00 ,0.00 ,0.00 ,0.00 ,"10,732.52 ",0.00 ,0.00 ,"8,817.95 ","1,289.29 ",212.25 ,0.00 ,0.00 ,0.00 ,365.00 
2006-06,"1,646.00 ","2,748.00 ",0.00 ,0.00 ,0.00 ,0.00 ,0.00 ,0.00 ,0.00 ,0.00 ,0.00 ,0.00 ,0.00 ,0.00 ,0.00 ,0.00 ,"13,111.23 ",0.00 ,0.00 ,"10,646.88 ","1,745.51 ",255.80 ,0.00 ,0.00 ,0.00 ,362.00 
2006-07,"2,038.00 ","3,252.00 ",0.00 ,0.00 ,0.00 ,0.00 ,0.00 ,0.00 ,0.00 ,0.00 ,0.00 ,0.00 ,0.00 ,0.00 ,0.00 ,0.00 ,"15,711.86 ",0.00 ,0.00 ,"12,674.85 ","2,180.46 ",306.05 ,0.00 ,0.00 ,0.00 ,364.00 
2006-08,"2,346.00 ","3,748.00 ",0.00 ,0.00 ,0.00 ,0.00 ,0.00 ,0.00 ,0.00 ,0.00 ,0.00 ,0.00 ,0.00 ,0.00 ,0.00 ,0.00 ,"18,387.01 ",0.00 ,0.00 ,"14,876.38 ","2,557.86 ",357.20 ,0.00 ,0.00 ,0.00 ,363.00 
2006-09,"2,665.00 ","4,204.00 ",0.00 ,0.00 ,0.00 ,0.00 ,0.00 ,0.00 ,0.00 ,0.00 ,0.00 ,0.00 ,0.00 ,0.00 ,0.00 ,0.00 ,"20,757.98 ",0.00 ,0.00 ,"16,795.48 ","2,880.71 ",402.34 ,0.00 ,0.00 ,0.00 ,363.00 
2006-10,"2,963.00 ","4,675.00 ",0.00 ,0.00 ,0.00 ,0.00 ,0.00 ,0.00 ,0.00 ,0.00 ,0.00 ,0.00 ,0.00 ,0.00 ,0.00 ,0.00 ,"23,183.24 ",0.00 ,0.00 ,"18,748.35 ","3,239.55 ",444.11 ,0.00 ,0.00 ,0.00 ,364.00 
2006-11,"3,186.00 ","5,166.00 ",0.00 ,0.00 ,0.00 ,0.00 ,0.00 ,0.00 ,0.00 ,0.00 ,0.00 ,0.00 ,0.00 ,0.00 ,0.00 ,0.00 ,"25,627.49 ",0.00 ,0.00 ,"20,853.99 ","3,514.91 ",487.73 ,0.00 ,0.00 ,0.00 ,364.00 
2006-12,"3,434.00 ","5,612.00 ",0.00 ,0.00 ,0.00 ,0.00 ,0.00 ,0.00 ,0.00 ,0.00 ,0.00 ,0.00 ,0.00 ,0.00 ,0.00 ,0.00 ,"28,248.00 ",0.00 ,0.00 ,"23,188.78 ","3,783.19 ",534.40 ,0.00 ,0.00 ,0.00 ,366.00 
2007-01,0.00 ,0.00 ,0.00 ,0.00 ,0.00 ,0.00 ,0.00 ,0.00 ,0.00 ,0.00 ,0.00 ,0.00 ,0.00 ,0.00 ,0.00 ,0.00 ,0.00 ,0.00 ,0.00 ,"2,239.04 ",216.62 ,40.25 ,0.00 ,0.00 ,0.00 ,0.00 
2007-02,359.00 ,864.00 ,0.00 ,0.00 ,0.00 ,0.00 ,0.00 ,0.00 ,0.00 ,0.00 ,0.00 ,0.00 ,0.00 ,0.00 ,0.00 ,0.00 ,"4,677.27 ",0.00 ,0.00 ,"3,958.82 ",416.27 ,75.99 ,0.00 ,0.00 ,0.00 ,359.00 
2007-03,570.29 ,"1,302.04 ",0.00 ,0.00 ,0.00 ,0.00 ,0.00 ,0.00 ,0.00 ,0.00 ,0.00 ,0.00 ,0.00 ,0.00 ,0.00 ,0.00 ,"7,189.12 ",0.00 ,0.00 ,"6,195.27 ",667.54 ,116.75 ,0.00 ,0.00 ,0.00 ,355.72 
2007-04,808.00 ,"1,746.00 ",0.00 ,0.00 ,0.00 ,0.00 ,0.00 ,0.00 ,0.00 ,0.00 ,0.00 ,0.00 ,0.00 ,0.00 ,0.00 ,0.00 ,"9,766.67 ",0.00 ,0.00 ,"8,330.90 ",957.81 ,159.00 ,0.00 ,0.00 ,0.00 ,354.00 
2007-05,"1,103.00 ","2,206.00 ",0.00 ,0.00 ,0.00 ,0.00 ,0.00 ,0.00 ,0.00 ,0.00 ,0.00 ,0.00 ,0.00 ,0.00 ,0.00 ,0.00 ,"12,422.67 ",0.00 ,0.00 ,"10,542.08 ","1,293.27 ",197.60 ,0.00 ,0.00 ,0.00 ,355.00 
2007-06,"1,487.00 ","2,638.00 ",0.00 ,0.00 ,0.00 ,0.00 ,0.00 ,0.00 ,0.00 ,0.00 ,0.00 ,0.00 ,0.00 ,0.00 ,0.00 ,0.00 ,"15,149.54 ",0.00 ,0.00 ,"12,777.30 ","1,751.68 ",265.30 ,0.00 ,0.00 ,0.00 ,356.00 
2007-07,"1,904.00 ","3,054.00 ",0.00 ,0.00 ,0.00 ,0.00 ,0.00 ,0.00 ,0.00 ,0.00 ,0.00 ,0.00 ,0.00 ,0.00 ,0.00 ,0.00 ,"18,167.36 ",0.00 ,0.00 ,"15,230.47 ","2,240.48 ",326.50 ,0.00 ,0.00 ,0.00 ,355.00 
2007-08,"2,338.00 ","3,570.00 ",0.00 ,0.00 ,0.00 ,0.00 ,0.00 ,0.00 ,0.00 ,0.00 ,0.00 ,0.00 ,0.00 ,0.00 ,0.00 ,0.00 ,"21,181.82 ",0.00 ,0.00 ,"17,638.58 ","2,771.00 ",390.50 ,0.00 ,0.00 ,0.00 ,354.00 
2007-09,"2,759.00 ","3,984.00 ",0.00 ,0.00 ,0.00 ,0.00 ,0.00 ,0.00 ,0.00 ,0.00 ,0.00 ,0.00 ,0.00 ,0.00 ,0.00 ,0.00 ,"23,952.87 ",0.00 ,0.00 ,"19,873.70 ","3,307.01 ",452.10 ,0.00 ,0.00 ,0.00 ,355.00 
2007-10,"3,083.00 ","4,404.00 ",0.00 ,0.00 ,0.00 ,0.00 ,0.00 ,0.00 ,0.00 ,0.00 ,0.00 ,0.00 ,0.00 ,0.00 ,0.00 ,0.00 ,"26,726.77 ",0.00 ,0.00 ,"22,096.49 ","3,735.86 ",510.20 ,0.00 ,0.00 ,0.00 ,355.00 
2007-11,"3,337.00 ","4,835.00 ",0.00 ,0.00 ,0.00 ,0.00 ,0.00 ,0.00 ,0.00 ,0.00 ,0.00 ,0.00 ,0.00 ,0.00 ,0.00 ,0.00 ,"29,531.66 ",0.00 ,0.00 ,"24,471.44 ","4,052.58 ",565.90 ,0.00 ,0.00 ,0.00 ,353.00 
2007-12,"3,532.00 ","5,316.00 ",0.00 ,0.00 ,0.00 ,0.00 ,0.00 ,0.00 ,0.00 ,0.00 ,0.00 ,0.00 ,0.00 ,0.00 ,0.00 ,0.00 ,"32,565.32 ",0.00 ,0.00 ,"27,012.55 ","4,343.26 ",621.30 ,0.00 ,0.00 ,0.00 ,357.00 
2008-01,0.00 ,0.00 ,0.00 ,0.00 ,0.00 ,0.00 ,0.00 ,0.00 ,0.00 ,0.00 ,0.00 ,0.00 ,0.00 ,0.00 ,0.00 ,0.00 ,0.00 ,0.00 ,0.00 ,"2,497.43 ",249.70 ,53.10 ,0.00 ,0.00 ,0.00 ,0.00 
2008-02,360.00 ,830.00 ,0.00 ,0.00 ,0.00 ,0.00 ,0.00 ,0.00 ,0.00 ,0.00 ,0.00 ,0.00 ,0.00 ,0.00 ,0.00 ,0.00 ,"5,239.38 ",0.00 ,0.00 ,"4,527.26 ",478.64 ,105.30 ,0.00 ,0.00 ,0.00 ,346.00 
2008-03,564.00 ,"1,282.00 ",0.00 ,0.00 ,0.00 ,0.00 ,0.00 ,0.00 ,0.00 ,0.00 ,0.00 ,0.00 ,0.00 ,0.00 ,0.00 ,0.00 ,"8,133.98 ",0.00 ,0.00 ,"7,073.37 ",751.18 ,163.60 ,0.00 ,0.00 ,0.00 ,346.00 
2008-04,841.00 ,"1,711.00 ",0.00 ,0.00 ,0.00 ,0.00 ,0.00 ,0.00 ,0.00 ,0.00 ,0.00 ,0.00 ,0.00 ,0.00 ,0.00 ,0.00 ,"10,997.65 ",0.00 ,0.00 ,"9,498.10 ","1,125.13 ",223.80 ,0.00 ,0.00 ,0.00 ,347.00 
2008-05,"1,170.00 ","2,139.00 ",0.00 ,0.00 ,0.00 ,0.00 ,0.00 ,0.00 ,0.00 ,0.00 ,0.00 ,0.00 ,0.00 ,0.00 ,0.00 ,0.00 ,"13,956.19 ",0.00 ,0.00 ,"11,920.61 ","1,597.76 ",278.70 ,0.00 ,0.00 ,0.00 ,347.00 
2008-06,"1,553.00 ","2,555.00 ",0.00 ,0.00 ,0.00 ,0.00 ,0.00 ,0.00 ,0.00 ,0.00 ,0.00 ,0.00 ,0.00 ,0.00 ,0.00 ,0.00 ,"16,908.63 ",0.00 ,0.00 ,"14,149.83 ","2,148.74 ",329.20 ,0.00 ,0.00 ,0.00 ,346.00 
2008-07,"1,987.00 ","2,992.00 ",0.00 ,0.00 ,0.00 ,0.00 ,0.00 ,0.00 ,0.00 ,0.00 ,0.00 ,0.00 ,0.00 ,0.00 ,0.00 ,0.00 ,"20,126.19 ",0.00 ,0.00 ,"16,800.35 ","2,761.33 ",388.70 ,0.00 ,0.00 ,0.00 ,347.00 
2008-08,"2,431.00 ","3,408.00 ",0.00 ,0.00 ,0.00 ,0.00 ,0.00 ,0.00 ,0.00 ,0.00 ,0.00 ,0.00 ,0.00 ,0.00 ,0.00 ,0.00 ,"23,324.34 ",0.00 ,0.00 ,"19,201.62 ","3,399.48 ",453.90 ,0.00 ,0.00 ,0.00 ,347.00 
2008-09,"2,819.11 ","3,804.60 ",0.00 ,0.00 ,0.00 ,0.00 ,0.00 ,0.00 ,0.00 ,0.00 ,0.00 ,0.00 ,0.00 ,0.00 ,0.00 ,0.00 ,"26,269.99 ",0.00 ,0.00 ,"21,425.85 ","3,983.88 ",509.70 ,0.00 ,0.00 ,0.00 ,346.90 
2008-10,"3,110.00 ","4,171.00 ",0.00 ,0.00 ,0.00 ,0.00 ,0.00 ,0.00 ,0.00 ,0.00 ,0.00 ,0.00 ,0.00 ,0.00 ,0.00 ,0.00 ,"28,968.50 ",0.00 ,0.00 ,"23,547.50 ","4,426.70 ",573.50 ,0.00 ,0.00 ,0.00 ,347.00 
2008-11,"3,415.00 ","4,508.00 ",0.00 ,0.00 ,0.00 ,0.00 ,0.00 ,0.00 ,0.00 ,0.00 ,0.00 ,0.00 ,0.00 ,0.00 ,0.00 ,0.00 ,"31,530.89 ",0.00 ,0.00 ,"25,582.60 ","4,904.13 ",627.20 ,0.00 ,0.00 ,0.00 ,346.00 
2008-12,"3,589.00 ","4,885.00 ",0.00 ,"7,679.00 ","2,045.71 ",0.00 ,0.00 ,0.00 ,0.00 ,0.00 ,0.00 ,0.00 ,0.00 ,0.00 ,0.00 ,0.00 ,"34,268.00 ",0.00 ,0.00 ,"27,857.37 ","5,276.88 ",683.90 ,130.79 ,0.00 ,0.00 ,345.00 
2009-01,237.84 ,211.95 ,0.00 ,0.00 ,0.00 ,0.00 ,0.00 ,0.00 ,0.00 ,0.00 ,0.00 ,0.00 ,0.00 ,0.00 ,0.00 ,0.00 ,"2,510.68 ",0.00 ,0.00 ,"2,045.99 ",303.94 ,40.50 ,0.00 ,0.00 ,0.00 ,356.99 
2009-02,380.00 ,702.00 ,0.00 ,0.00 ,0.00 ,0.00 ,0.00 ,0.00 ,0.00 ,0.00 ,0.00 ,0.00 ,0.00 ,0.00 ,0.00 ,0.00 ,"4,972.18 ",0.00 ,0.00 ,"4,082.61 ",610.52 ,98.10 ,0.00 ,0.00 ,0.00 ,338.00 
2009-03,601.00 ,"1,100.00 ",0.00 ,0.00 ,0.00 ,0.00 ,0.00 ,0.00 ,0.00 ,0.00 ,0.00 ,0.00 ,0.00 ,0.00 ,0.00 ,0.00 ,"7,809.90 ",0.00 ,0.00 ,"6,544.46 ",961.80 ,139.50 ,0.00 ,0.00 ,0.00 ,338.00 
2009-04,854.00 ,"1,468.00 ",0.00 ,0.00 ,0.00 ,0.00 ,0.00 ,0.00 ,0.00 ,0.00 ,0.00 ,0.00 ,0.00 ,0.00 ,0.00 ,0.00 ,"10,558.82 ",0.00 ,0.00 ,"8,728.86 ","1,370.55 ",218.80 ,80.00 ,0.00 ,0.00 ,338.91 
2009-05,"1,187.81 ","1,840.74 ",0.00 ,0.00 ,0.00 ,0.00 ,0.00 ,0.00 ,0.00 ,0.00 ,0.00 ,0.00 ,0.00 ,0.00 ,0.00 ,0.00 ,"13,444.15 ",0.00 ,0.00 ,"10,929.00 ","1,906.20 ",272.90 ,106.41 ,0.00 ,0.00 ,339.45 
2009-06,"1,539.17 ","2,235.58 ",0.00 ,0.00 ,0.00 ,0.00 ,0.00 ,0.00 ,0.00 ,0.00 ,0.00 ,0.00 ,0.00 ,0.00 ,0.00 ,0.00 ,"16,525.88 ",0.00 ,0.00 ,"13,392.16 ","2,484.26 ",325.20 ,125.81 ,0.00 ,0.00 ,340.00 
2009-07,"1,933.72 ","2,665.24 ",0.00 ,0.00 ,0.00 ,0.00 ,0.00 ,0.00 ,0.00 ,0.00 ,0.00 ,0.00 ,0.00 ,0.00 ,0.00 ,0.00 ,"19,946.69 ",0.00 ,0.00 ,"16,031.71 ","3,127.22 ",390.80 ,138.18 ,0.00 ,0.00 ,340.64 
2009-08,"2,325.00 ","3,107.00 ",0.00 ,0.00 ,0.00 ,0.00 ,0.00 ,0.00 ,0.00 ,0.00 ,0.00 ,0.00 ,0.00 ,0.00 ,0.00 ,0.00 ,"23,409.24 ",0.00 ,0.00 ,"18,748.58 ","3,818.97 ",453.90 ,160.09 ,0.00 ,0.00 ,341.00 
2009-09,"2,671.04 ","3,514.89 ",0.00 ,0.00 ,0.00 ,0.00 ,0.00 ,0.00 ,0.00 ,0.00 ,0.00 ,0.00 ,0.00 ,0.00 ,0.00 ,0.00 ,"26,635.46 ",0.00 ,0.00 ,"21,302.45 ","4,388.19 ",516.50 ,182.08 ,0.00 ,182.00 ,341.00 
2009-10,"2,961.45 ","3,922.89 ",0.00 ,0.00 ,0.00 ,0.00 ,0.00 ,0.00 ,0.00 ,0.00 ,0.00 ,0.00 ,0.00 ,0.00 ,0.00 ,0.00 ,"29,775.04 ",0.00 ,0.00 ,"23,853.85 ","4,826.95 ",583.00 ,209.02 ,0.00 ,209.00 ,340.00 
2009-11,"3,165.00 ","4,377.00 ",0.00 ,0.00 ,0.00 ,0.00 ,0.00 ,0.00 ,0.00 ,0.00 ,0.00 ,0.00 ,0.00 ,0.00 ,0.00 ,0.00 ,"32,990.78 ",0.00 ,0.00 ,"26,683.28 ","5,195.89 ",638.11 ,244.00 ,0.00 ,244.00 ,339.00 
2009-12,"3,328.29 ","4,864.91 ",0.00 ,"7,716.00 ","2,077.00 ",0.00 ,0.00 ,0.00 ,0.00 ,0.00 ,0.00 ,0.00 ,0.00 ,0.00 ,0.00 ,0.00 ,"36,595.15 ",276.15 ,0.00 ,"29,814.22 ","5,544.95 ",692.60 ,276.15 ,0.00 ,0.00 ,340.00 
2010-01,176.00 ,479.00 ,0.00 ,0.00 ,0.00 ,0.00 ,0.00 ,0.00 ,0.00 ,0.00 ,0.00 ,0.00 ,0.00 ,0.00 ,0.00 ,0.00 ,"3,542.57 ",0.00 ,0.00 ,"2,932.35 ",302.09 ,57.63 ,38.00 ,0.00 ,23.30 ,332.00 
2010-02,321.00 ,833.00 ,0.00 ,0.00 ,0.00 ,0.00 ,0.00 ,0.00 ,0.00 ,0.00 ,0.00 ,0.00 ,0.00 ,0.00 ,0.00 ,0.00 ,"6,263.51 ",0.00 ,0.00 ,"5,230.90 ",561.80 ,112.50 ,72.00 ,0.00 ,45.40 ,332.00 
2010-03,499.00 ,"1,285.00 ",0.00 ,0.00 ,0.00 ,0.00 ,0.00 ,0.00 ,0.00 ,0.00 ,0.00 ,0.00 ,0.00 ,0.00 ,0.00 ,0.00 ,"9,695.13 ",0.00 ,0.00 ,"8,178.60 ",906.40 ,175.30 ,117.00 ,0.00 ,81.70 ,332.00 
2010-04,737.00 ,"1,716.00 ",0.00 ,0.00 ,0.00 ,0.00 ,0.00 ,0.00 ,0.00 ,0.00 ,0.00 ,0.00 ,0.00 ,0.00 ,0.00 ,0.00 ,"13,075.47 ",0.00 ,0.00 ,"10,988.40 ","1,330.30 ",229.70 ,163.00 ,0.00 ,115.60 ,332.00 
2010-05,"1,043.00 ","2,133.00 ",0.00 ,0.00 ,0.00 ,0.00 ,0.00 ,0.00 ,0.00 ,0.00 ,0.00 ,0.00 ,0.00 ,0.00 ,0.00 ,0.00 ,"16,574.62 ",0.00 ,0.00 ,"13,746.20 ","1,883.80 ",282.60 ,209.00 ,0.00 ,158.40 ,333.00 
2010-06,"1,419.00 ","2,534.00 ",0.00 ,0.00 ,0.00 ,0.00 ,0.00 ,0.00 ,0.00 ,0.00 ,0.00 ,0.00 ,0.00 ,0.00 ,0.00 ,0.00 ,"20,094.08 ",0.00 ,0.00 ,"16,325.90 ","2,591.90 ",333.50 ,237.00 ,0.00 ,202.80 ,334.00 
2010-07,"1,850.00 ","2,966.00 ",0.00 ,0.00 ,0.00 ,0.00 ,0.00 ,0.00 ,0.00 ,0.00 ,0.00 ,0.00 ,0.00 ,0.00 ,0.00 ,0.00 ,"23,989.49 ",0.00 ,0.00 ,"19,131.00 ","3,415.60 ",397.30 ,266.00 ,0.00 ,216.20 ,334.00 
2010-08,"2,285.00 ","3,419.00 ",0.00 ,0.00 ,0.00 ,0.00 ,0.00 ,0.00 ,0.00 ,0.00 ,0.00 ,0.00 ,0.00 ,0.00 ,0.00 ,0.00 ,"27,948.76 ",0.00 ,0.00 ,"22,211.30 ","4,239.40 ",462.30 ,293.00 ,0.00 ,254.90 ,334.00 
2010-09,"2,660.00 ","3,802.00 ",0.00 ,0.00 ,0.00 ,0.00 ,0.00 ,0.00 ,0.00 ,0.00 ,0.00 ,0.00 ,0.00 ,0.00 ,0.00 ,0.00 ,"31,441.88 ",0.00 ,0.00 ,"24,823.70 ","4,997.70 ",527.35 ,326.00 ,0.00 ,285.60 ,334.00 
2010-10,"2,985.00 ","4,192.00 ",0.00 ,0.00 ,0.00 ,0.00 ,0.00 ,0.00 ,0.00 ,0.00 ,0.00 ,0.00 ,0.00 ,0.00 ,0.00 ,0.00 ,"34,845.70 ",0.00 ,0.00 ,"27,376.70 ","5,629.50 ",596.50 ,370.00 ,0.00 ,312.30 ,334.00 
2010-11,"3,211.11 ","4,590.08 ",0.00 ,0.00 ,0.00 ,0.00 ,0.00 ,0.00 ,0.00 ,0.00 ,0.00 ,0.00 ,0.00 ,0.00 ,0.00 ,0.00 ,"38,298.12 ",0.00 ,0.00 ,"30,197.50 ","6,148.20 ",668.60 ,431.98 ,0.00 ,373.10 ,333.00 
2010-12,"3,404.10 ","5,030.64 ",0.00 ,"7,840.49 ","2,047.02 ",0.00 ,0.00 ,0.00 ,0.00 ,0.00 ,0.00 ,0.00 ,0.00 ,0.00 ,0.00 ,0.00 ,"41,998.82 ",494.00 ,1.21 ,"33,253.40 ","6,621.70 ",738.80 ,494.00 ,0.00 ,430.30 ,333.31 
2011-01,0.00 ,0.00 ,0.00 ,0.00 ,0.00 ,0.00 ,0.00 ,0.00 ,0.00 ,0.00 ,0.00 ,0.00 ,0.00 ,0.00 ,0.00 ,0.00 ,"3,888.91 ",0.00 ,0.00 ,"3,113.30 ",398.43 ,75.41 ,62.00 ,0.00 ,47.50 ,0.00 
2011-02,376.00 ,835.00 ,0.00 ,0.00 ,0.00 ,0.00 ,0.00 ,0.00 ,0.00 ,0.00 ,0.00 ,0.00 ,0.00 ,0.00 ,0.00 ,0.00 ,"7,024.76 ",0.00 ,0.00 ,"5,737.20 ",723.80 ,135.50 ,113.00 ,0.00 ,98.70 ,325.00 
2011-03,583.00 ,"1,292.00 ",0.00 ,0.00 ,0.00 ,0.00 ,0.00 ,0.00 ,0.00 ,0.00 ,0.00 ,0.00 ,0.00 ,0.00 ,0.00 ,0.00 ,"10,911.07 ",0.00 ,0.00 ,"9,006.50 ","1,136.20 ",205.80 ,188.00 ,0.00 ,164.50 ,325.00 
2011-04,806.00 ,"1,734.00 ",0.00 ,0.00 ,0.00 ,0.00 ,0.00 ,0.00 ,0.00 ,0.00 ,0.00 ,0.00 ,0.00 ,0.00 ,0.00 ,0.00 ,"14,674.61 ",0.00 ,0.00 ,"12,099.50 ","1,558.30 ",279.70 ,260.00 ,0.00 ,226.00 ,326.00 
2011-05,"1,076.00 ","2,165.00 ",0.00 ,0.00 ,0.00 ,0.00 ,0.00 ,0.00 ,0.00 ,0.00 ,0.00 ,0.00 ,0.00 ,0.00 ,0.00 ,0.00 ,"18,544.67 ",0.00 ,0.00 ,"15,277.80 ","2,076.50 ",348.50 ,333.00 ,0.00 ,307.30 ,327.00 
2011-06,"1,413.00 ","2,592.00 ",0.00 ,0.00 ,0.00 ,0.00 ,0.00 ,0.00 ,0.00 ,0.00 ,0.00 ,0.00 ,0.00 ,0.00 ,0.00 ,0.00 ,"22,515.03 ",0.00 ,0.00 ,"18,432.50 ","2,742.00 ",414.10 ,386.00 ,0.00 ,373.90 ,328.00 
2011-07,"1,774.00 ","3,085.00 ",0.00 ,0.00 ,0.00 ,0.00 ,0.00 ,0.00 ,0.00 ,0.00 ,0.00 ,0.00 ,0.00 ,0.00 ,0.00 ,0.00 ,"26,869.11 ",0.00 ,0.00 ,"21,853.20 ","3,439.30 ",491.70 ,426.00 ,0.00 ,433.20 ,328.00 
2011-08,"2,100.00 ","3,557.00 ",0.00 ,0.00 ,0.00 ,0.00 ,0.00 ,0.00 ,0.00 ,0.00 ,0.00 ,0.00 ,0.00 ,0.00 ,0.00 ,0.00 ,"31,240.40 ",0.00 ,0.00 ,"25,401.40 ","4,105.10 ",573.20 ,465.00 ,0.00 ,483.50 ,328.00 
2011-09,"2,388.00 ","3,986.00 ",0.00 ,0.00 ,0.00 ,0.00 ,0.00 ,0.00 ,0.00 ,0.00 ,0.00 ,0.00 ,0.00 ,0.00 ,0.00 ,0.00 ,"35,156.62 ",0.00 ,0.00 ,"28,532.20 ","4,673.90 ",650.00 ,517.00 ,0.00 ,493.60 ,329.00 
2011-10,"2,639.00 ","4,391.00 ",0.00 ,0.00 ,0.00 ,0.00 ,0.00 ,0.00 ,0.00 ,0.00 ,0.00 ,0.00 ,0.00 ,0.00 ,0.00 ,0.00 ,"38,950.78 ",0.00 ,0.00 ,"31,525.30 ","5,175.00 ",722.50 ,583.00 ,0.00 ,548.40 ,329.00 
2011-11,"2,871.00 ","4,822.00 ",0.00 ,0.00 ,0.00 ,0.00 ,0.00 ,0.00 ,0.00 ,0.00 ,0.00 ,0.00 ,0.00 ,0.00 ,0.00 ,0.00 ,"42,835.02 ",0.00 ,0.00 ,"34,612.00 ","5,675.60 ",788.20 ,642.00 ,0.00 ,615.40 ,329.00 
2011-12,"3,019.08 ","5,304.77 ",0.00 ,"7,759.05 ","1,875.22 ",0.00 ,0.00 ,0.00 ,0.00 ,0.00 ,0.00 ,0.00 ,0.00 ,0.00 ,0.00 ,0.00 ,"47,025.89 ",740.55 ,6.05 ,"38,137.30 ","6,107.80 ",863.50 ,740.55 ,0.00 ,687.40 ,329.15 
2012-01,0.00 ,0.00 ,0.00 ,0.00 ,0.00 ,0.00 ,0.00 ,0.00 ,0.00 ,0.00 ,0.00 ,0.00 ,0.00 ,0.00 ,0.00 ,0.00 ,"3,633.57 ",0.00 ,0.00 ,"2,942.68 ",350.93 ,64.52 ,61.00 ,0.00 ,54.90 ,0.00 
2012-02,326.00 ,837.00 ,0.00 ,0.00 ,0.00 ,0.00 ,0.00 ,0.00 ,0.00 ,0.00 ,0.00 ,0.00 ,0.00 ,0.00 ,0.00 ,0.00 ,"7,496.54 ",0.00 ,0.00 ,"6,088.80 ",687.40 ,126.20 ,140.00 ,0.00 ,122.10 ,319.00 
2012-03,516.00 ,"1,295.00 ",0.00 ,0.00 ,0.00 ,0.00 ,0.00 ,0.00 ,0.00 ,0.00 ,0.00 ,0.00 ,0.00 ,0.00 ,0.00 ,0.00 ,"11,655.42 ",0.00 ,0.00 ,"9,607.90 ","1,112.30 ",246.00 ,226.00 ,0.00 ,204.00 ,320.00 
2012-04,728.44 ,"1,704.88 ",0.00 ,0.00 ,0.00 ,0.00 ,0.00 ,0.00 ,0.00 ,0.00 ,0.00 ,0.00 ,0.00 ,0.00 ,0.00 ,0.00 ,"15,554.34 ",0.00 ,0.00 ,"12,659.40 ","1,570.70 ",324.40 ,333.88 ,0.00 ,269.70 ,321.00 
2012-05,"1,063.23 ","2,097.39 ",0.00 ,0.00 ,0.00 ,0.00 ,0.00 ,0.00 ,0.00 ,0.00 ,0.00 ,0.00 ,0.00 ,0.00 ,0.00 ,0.00 ,"19,618.28 ",0.00 ,0.00 ,"15,776.30 ","2,226.10 ",393.90 ,423.96 ,0.00 ,345.50 ,323.00 
2012-06,"1,455.27 ","2,488.85 ",0.00 ,0.00 ,0.00 ,0.00 ,0.00 ,0.00 ,0.00 ,0.00 ,0.00 ,0.00 ,0.00 ,0.00 ,0.00 ,0.00 ,"23,754.50 ",0.00 ,0.00 ,"18,712.40 ","2,912.20 ",463.50 ,504.00 ,0.00 ,431.60 ,324.00 
2012-07,"1,901.29 ","2,907.43 ",0.00 ,0.00 ,0.00 ,0.00 ,0.00 ,0.00 ,0.00 ,0.00 ,0.00 ,0.00 ,0.00 ,0.00 ,0.00 ,0.00 ,"28,332.19 ",0.00 ,0.00 ,"22,003.50 ","3,936.00 ",549.90 ,569.06 ,0.00 ,497.70 ,324.00 
2012-08,"2,379.76 ","3,329.09 ",0.00 ,0.00 ,0.00 ,0.00 ,0.00 ,0.00 ,0.00 ,0.00 ,0.00 ,0.00 ,0.00 ,0.00 ,0.00 ,0.00 ,"32,828.18 ",0.00 ,0.00 ,"25,277.50 ","4,889.50 ",633.40 ,635.31 ,0.00 ,566.50 ,325.00 
2012-09,"2,787.78 ","3,707.40 ",0.00 ,0.00 ,0.00 ,0.00 ,0.00 ,0.00 ,0.00 ,0.00 ,0.00 ,0.00 ,0.00 ,0.00 ,0.00 ,0.00 ,"36,882.37 ",0.00 ,0.00 ,"28,154.00 ","5,731.60 ",719.59 ,706.18 ,0.00 ,626.20 ,325.00 
2012-10,"3,114.04 ","4,084.22 ",0.00 ,0.00 ,0.00 ,0.00 ,0.00 ,0.00 ,0.00 ,0.00 ,0.00 ,0.00 ,0.00 ,0.00 ,0.00 ,0.00 ,"40,880.90 ",0.00 ,0.00 ,"31,093.00 ","6,489.30 ",812.34 ,799.83 ,0.00 ,707.70 ,325.00 
2012-11,"3,351.00 ","4,507.00 ",0.00 ,0.00 ,0.00 ,0.00 ,0.00 ,0.00 ,0.00 ,0.00 ,0.00 ,0.00 ,0.00 ,0.00 ,0.00 ,0.00 ,"45,028.07 ",0.00 ,0.00 ,"34,297.40 ","7,077.90 ",892.95 ,899.00 ,0.00 ,836.20 ,324.00 
2012-12,"3,590.56 ","4,982.36 ",0.00 ,"7,855.22 ","1,929.15 ",0.00 ,0.00 ,"24,945.00 ","81,554.00 ","1,257.00 ","6,062.00 ",0.00 ,0.00 ,0.00 ,0.00 ,0.00 ,"49,656.53 ","1,030.50 ",35.95 ,"37,867.00 ","7,595.00 ",973.95 ,"1,030.50 ",0.00 ,934.30 ,324.63 
2013-01,0.00 ,0.00 ,0.00 ,0.00 ,0.00 ,0.00 ,0.00 ,0.00 ,0.00 ,0.00 ,0.00 ,0.00 ,0.00 ,0.00 ,0.00 ,0.00 ,"4,518.80 ",0.00 ,0.00 ,"3,714.60 ",453.80 ,89.30 ,102.29 ,0.00 ,0.00 ,0.00 
2013-02,383.21 ,804.29 ,0.00 ,0.00 ,0.00 ,0.00 ,0.00 ,0.00 ,0.00 ,0.00 ,0.00 ,0.00 ,0.00 ,0.00 ,0.00 ,0.00 ,"7,892.41 ",0.00 ,0.00 ,"6,429.80 ",820.10 ,155.00 ,200.60 ,0.00 ,161.20 ,316.00 
2013-03,598.41 ,"1,231.11 ",0.00 ,0.00 ,0.00 ,0.00 ,0.00 ,0.00 ,0.00 ,0.00 ,0.00 ,0.00 ,0.00 ,0.00 ,0.00 ,0.00 ,"12,138.91 ",0.00 ,0.00 ,"10,005.80 ","1,306.10 ",228.18 ,335.69 ,0.00 ,271.50 ,317.35 
2013-04,828.09 ,"1,632.79 ",0.00 ,0.00 ,0.00 ,0.00 ,0.00 ,0.00 ,0.00 ,0.00 ,0.00 ,0.00 ,0.00 ,0.00 ,0.00 ,0.00 ,"16,302.96 ",0.00 ,0.00 ,"13,360.90 ","1,809.20 ",299.78 ,468.04 ,0.00 ,378.70 ,317.71 
2013-05,"1,147.45 ","2,025.21 ",0.00 ,0.00 ,0.00 ,0.00 ,0.00 ,0.00 ,0.00 ,0.00 ,0.00 ,0.00 ,0.00 ,0.00 ,0.00 ,0.00 ,"20,573.30 ",0.00 ,0.00 ,"16,658.70 ","2,465.30 ",388.19 ,596.55 ,0.00 ,492.30 ,319.07 
2013-06,"1,532.00 ","2,412.00 ",0.00 ,"3,543.00 ","1,101.00 ",0.00 ,0.00 ,0.00 ,0.00 ,0.00 ,0.00 ,0.00 ,0.00 ,0.00 ,0.00 ,0.00 ,"24,960.84 ",0.00 ,0.00 ,"19,955.07 ","3,291.04 ",477.45 ,702.00 ,0.00 ,599.90 ,320.00 
2013-07,"1,882.86 ","2,856.05 ",0.00 ,"4,301.00 ","1,225.68 ",0.00 ,0.00 ,0.00 ,0.00 ,0.00 ,0.00 ,0.00 ,0.00 ,0.00 ,0.00 ,0.00 ,"29,900.57 ",0.00 ,0.00 ,"23,729.01 ","4,208.88 ",576.54 ,790.42 ,0.00 ,692.90 ,321.00 
2013-08,"2,264.86 ","3,323.12 ",0.00 ,"5,058.00 ","1,369.62 ",0.00 ,0.00 ,0.00 ,0.00 ,0.00 ,0.00 ,0.00 ,0.00 ,0.00 ,0.00 ,0.00 ,"35,003.06 ",0.00 ,0.00 ,"27,769.38 ","5,060.78 ",675.92 ,888.88 ,0.00 ,789.00 ,321.00 
2013-09,"2,638.07 ","3,702.72 ",0.00 ,"5,796.22 ","1,521.63 ",0.00 ,0.00 ,0.00 ,0.00 ,0.00 ,0.00 ,0.00 ,0.00 ,0.00 ,0.00 ,0.00 ,"39,452.40 ",0.00 ,0.00 ,"31,115.88 ","5,843.24 ",803.50 ,993.00 ,0.00 ,892.70 ,321.00 
2013-10,"2,878.08 ","4,110.87 ",0.00 ,"6,523.82 ","1,690.86 ",0.00 ,0.00 ,0.00 ,0.00 ,0.00 ,0.00 ,0.00 ,0.00 ,0.00 ,0.00 ,0.00 ,"43,825.05 ",0.00 ,0.00 ,"34,536.83 ","6,537.58 ",907.12 ,"1,114.12 ",0.00 ,998.70 ,321.21 
2013-11,"3,095.03 ","4,540.03 ",0.00 ,"7,194.88 ","1,888.61 ",0.00 ,0.00 ,0.00 ,0.00 ,0.00 ,0.00 ,0.00 ,0.00 ,0.00 ,0.00 ,0.00 ,"48,310.12 ",0.00 ,0.00 ,"38,125.95 ","7,126.59 ","1,002.97 ","1,252.40 ",0.00 ,"1,116.60 ",321.00 
2013-12,"3,318.00 ","5,012.00 ",0.00 ,"7,893.49 ","2,080.00 ",0.00 ,0.00 ,"27,975.00 ","86,496.00 ","1,461.00 ","7,631.00 ",0.00 ,0.00 ,0.00 ,0.00 ,0.00 ,"53,223.00 ","1,382.64 ",83.74 ,"42,152.54 ","7,890.54 ","1,106.34 ","1,401.08 ",0.00 ,"1,246.20 ",321.00 
2014-01,0.00 ,0.00 ,0.00 ,0.00 ,0.00 ,0.00 ,0.00 ,0.00 ,0.00 ,0.00 ,0.00 ,0.00 ,0.00 ,0.00 ,0.00 ,0.00 ,"4,408.06 ",0.00 ,0.00 ,"3,613.93 ",492.04 ,94.00 ,130.20 ,0.00 ,0.00 ,0.00 
2014-02,352.23 ,791.04 ,0.00 ,"1,202.92 ",301.41 ,0.00 ,0.00 ,0.00 ,0.00 ,0.00 ,0.00 ,0.00 ,0.00 ,0.00 ,0.00 ,0.00 ,"8,243.06 ",0.00 ,0.00 ,"6,839.09 ",909.66 ,172.84 ,234.00 ,0.00 ,196.20 ,315.00 
2014-03,551.00 ,"1,228.00 ",0.00 ,"1,840.00 ",479.00 ,0.00 ,0.00 ,0.00 ,0.00 ,0.00 ,0.00 ,0.00 ,0.00 ,0.00 ,0.00 ,0.00 ,"12,788.00 ",0.00 ,0.00 ,"10,609.10 ","1,450.70 ",265.28 ,372.00 ,0.00 ,313.10 ,315.00 
2014-04,809.31 ,"1,620.08 ",0.00 ,"2,352.57 ",655.82 ,0.00 ,0.00 ,0.00 ,0.00 ,0.00 ,0.00 ,0.00 ,0.00 ,0.00 ,0.00 ,0.00 ,"17,145.47 ",0.00 ,0.00 ,"14,079.40 ","2,066.90 ",337.91 ,512.18 ,0.00 ,425.80 ,315.00 
2014-05,"1,084.00 ","1,999.00 ",0.00 ,"2,842.00 ",863.00 ,0.00 ,0.00 ,0.00 ,0.00 ,0.00 ,0.00 ,0.00 ,0.00 ,0.00 ,0.00 ,0.00 ,"21,638.00 ",0.00 ,0.00 ,"17,498.60 ","2,814.70 ",459.57 ,684.00 ,0.00 ,564.40 ,316.00 
2014-06,"1,430.00 ","2,375.00 ",0.00 ,"3,430.00 ",986.00 ,0.00 ,0.00 ,0.00 ,0.00 ,0.00 ,0.00 ,0.00 ,0.00 ,0.00 ,0.00 ,0.00 ,"26,276.00 ",0.00 ,0.00 ,"20,994.90 ","3,713.00 ",565.89 ,785.00 ,0.00 ,697.90 ,317.00 
2014-07,"1,853.00 ","2,790.00 ",0.00 ,"4,069.00 ","1,117.00 ",0.00 ,0.00 ,0.00 ,0.00 ,0.00 ,0.00 ,0.00 ,0.00 ,0.00 ,0.00 ,0.00 ,"31,374.00 ",0.00 ,0.00 ,"24,687.00 ","4,848.00 ",684.67 ,894.00 ,0.00 ,801.30 ,318.00 
2014-08,"2,300.00 ","3,175.00 ",0.00 ,"4,811.00 ","1,224.00 ",0.00 ,0.00 ,0.00 ,0.00 ,0.00 ,0.00 ,0.00 ,0.00 ,0.00 ,0.00 ,0.00 ,"36,404.00 ",0.00 ,0.00 ,"28,215.00 ","6,012.00 ",816.14 ,985.00 ,0.00 ,891.20 ,319.00 
2014-09,"2,723.12 ","3,512.17 ",0.00 ,"5,505.95 ","1,339.81 ",0.00 ,0.00 ,0.00 ,0.00 ,0.00 ,0.00 ,0.00 ,0.00 ,0.00 ,0.00 ,0.00 ,"40,974.82 ",0.00 ,0.00 ,"31,371.98 ","7,155.29 ",945.57 ,"1,081.51 ",0.00 ,986.60 ,318.69 
2014-10,"3,102.50 ","3,866.73 ",0.00 ,"6,171.00 ","1,506.00 ",0.00 ,0.00 ,0.00 ,0.00 ,0.00 ,0.00 ,0.00 ,0.00 ,0.00 ,0.00 ,0.00 ,"45,483.83 ",0.00 ,0.00 ,"34,591.00 ","8,127.00 ","1,065.20 ","1,222.59 ",0.00 ,"1,116.10 ",318.69 
2014-11,"3,394.45 ","4,271.54 ",0.00 ,"6,794.93 ","1,685.25 ",0.00 ,0.00 ,0.00 ,0.00 ,0.00 ,0.00 ,0.00 ,0.00 ,0.00 ,0.00 ,0.00 ,"50,116.07 ",0.00 ,0.00 ,"38,066.00 ","8,873.00 ","1,186.31 ","1,378.44 ",0.00 ,"1,249.30 ",318.11 
2014-12,"3,669.08 ","4,739.02 ",0.00 ,"7,787.01 ","1,900.21 ",0.00 ,0.00 ,"30,444.00 ","91,819.00 ","2,008.00 ","9,686.00 ",0.00 ,0.00 ,0.00 ,0.00 ,0.00 ,"55,213.14 ","1,597.63 ",235.12 ,"42,337.30 ","10,643.40 ","1,325.38 ","1,599.02 ",0.00 ,"1,411.70 ",319.00 
2015-01,0.00 ,0.00 ,0.00 ,0.00 ,0.00 ,0.00 ,0.00 ,0.00 ,0.00 ,0.00 ,0.00 ,0.00 ,0.00 ,0.00 ,0.00 ,0.00 ,"4,859.00 ",0.00 ,0.00 ,"4,030.50 ",565.27 ,124.31 ,158.00 ,0.00 ,0.00 ,0.00 
2015-02,373.00 ,739.00 ,0.00 ,"1,092.96 ",302.00 ,0.00 ,0.00 ,0.00 ,0.00 ,0.00 ,0.00 ,0.00 ,0.00 ,0.00 ,0.00 ,0.00 ,"8,454.00 ",0.00 ,0.00 ,"6,944.79 ","1,037.03 ",231.39 ,285.38 ,0.00 ,241.66 ,308.00 
2015-03,608.65 ,"1,105.77 ",0.00 ,"1,638.20 ",482.90 ,0.00 ,0.00 ,0.00 ,0.00 ,0.00 ,0.00 ,0.00 ,0.00 ,0.00 ,0.00 ,0.00 ,"12,901.30 ",0.00 ,0.00 ,"10,469.00 ","1,715.00 ",352.79 ,463.82 ,0.00 ,397.00 ,308.00 
2015-04,866.04 ,"1,461.63 ",0.00 ,"2,186.80 ",672.50 ,0.00 ,0.00 ,0.00 ,0.00 ,0.00 ,0.00 ,0.00 ,0.00 ,0.00 ,0.00 ,0.00 ,"17,316.20 ",0.00 ,0.00 ,"13,919.00 ","2,414.00 ",477.10 ,650.69 ,0.00 ,554.50 ,309.00 
2015-05,"1,141.66 ","1,812.78 ",0.00 ,"2,792.96 ",857.02 ,0.00 ,0.00 ,0.00 ,0.00 ,0.00 ,0.00 ,0.00 ,0.00 ,0.00 ,0.00 ,0.00 ,"21,889.23 ",0.00 ,0.00 ,"17,393.00 ","3,182.00 ",613.90 ,839.75 ,0.00 ,713.90 ,312.59 
2015-06,"1,512.07 ","2,158.21 ",0.00 ,"3,456.07 ","1,002.13 ",0.00 ,0.00 ,0.00 ,0.00 ,0.00 ,0.00 ,0.00 ,0.00 ,0.00 ,0.00 ,0.00 ,"26,624.47 ",0.00 ,0.00 ,"20,879.00 ","4,234.00 ",772.10 ,990.33 ,0.00 ,858.40 ,314.00 
2015-07,"1,911.20 ","2,557.00 ",0.00 ,"4,182.75 ","1,106.77 ",0.00 ,0.00 ,0.00 ,0.00 ,0.00 ,0.00 ,0.00 ,0.00 ,0.00 ,0.00 ,0.00 ,"31,668.45 ",0.00 ,0.00 ,"24,555.00 ","5,348.00 ",934.00 ,"1,104.08 ",0.00 ,968.10 ,316.00 
2015-08,"2,274.14 ","2,954.58 ",0.00 ,"4,867.95 ","1,205.93 ",0.00 ,0.00 ,0.00 ,0.00 ,0.00 ,0.00 ,0.00 ,0.00 ,0.00 ,0.00 ,0.00 ,"36,780.35 ",0.00 ,0.00 ,"28,337.00 ","6,396.00 ","1,102.60 ","1,215.67 ",0.00 ,"1,078.10 ",316.57 
2015-09,"2,639.12 ","3,283.64 ",0.00 ,"5,525.06 ","1,317.06 ",0.00 ,0.00 ,0.00 ,0.00 ,0.00 ,0.00 ,0.00 ,0.00 ,0.00 ,0.00 ,0.00 ,"41,343.61 ",0.00 ,0.00 ,"31,532.00 ","7,472.00 ","1,261.60 ","1,335.20 ",0.00 ,"1,195.30 ",316.96 
2015-10,"2,988.69 ","3,601.78 ",0.00 ,"5,853.00 ","1,473.30 ",0.00 ,0.00 ,0.00 ,0.00 ,0.00 ,0.00 ,0.00 ,0.00 ,0.00 ,0.00 ,0.00 ,"45,835.02 ",0.00 ,0.00 ,"34,661.65 ","8,474.38 ","1,404.56 ","1,505.10 ",0.00 ,"1,370.70 ",316.86 
2015-11,"3,255.58 ","3,959.42 ",0.00 ,"6,763.00 ","1,611.41 ",0.00 ,0.00 ,0.00 ,0.00 ,0.00 ,0.00 ,0.00 ,0.00 ,0.00 ,0.00 ,0.00 ,"50,492.82 ",0.00 ,0.00 ,"38,231.60 ","9,258.60 ","1,549.09 ","1,659.19 ",0.00 ,"1,548.00 ",316.42 
2015-12,"3,590.00 ","4,364.00 ",0.00 ,"7,403.00 ","1,724.00 ",0.00 ,0.00 ,"31,937.00 ","100,050.00 ","2,717.00 ","12,830.00 ",0.00 ,0.00 ,0.00 ,0.00 ,0.00 ,"55,499.57 ","1,855.91 ",394.81 ,"42,102.00 ","9,960.00 ","1,707.89 ","1,853.00 ",0.00 ,"1,680.60 ",315.00 
2016-01,0.00 ,0.00 ,0.00 ,0.00 ,0.00 ,0.00 ,0.00 ,0.00 ,0.00 ,0.00 ,0.00 ,0.00 ,0.00 ,0.00 ,0.00 ,0.00 ,"4,950.00 ",0.00 ,0.00 ,0.00 ,0.00 ,0.00 ,0.00 ,0.00 ,0.00 ,0.00 
2016-02,445.00 ,656.00 ,0.00 ,"1,025.00 ",263.10 ,0.00 ,0.00 ,0.00 ,0.00 ,0.00 ,0.00 ,0.00 ,0.00 ,0.00 ,0.00 ,0.00 ,"8,762.26 ",0.00 ,0.00 ,"6,785.50 ","1,289.00 ",284.90 ,347.88 ,0.00 ,289.30 ,302.00 
2016-03,690.58 ,"1,006.48 ",0.00 ,"1,645.55 ",422.00 ,0.00 ,0.00 ,0.00 ,0.00 ,0.00 ,0.00 ,0.00 ,0.00 ,0.00 ,0.00 ,0.00 ,"13,523.58 ",0.00 ,0.00 ,"10,492.91 ","2,032.71 ",470.56 ,561.27 ,0.00 ,476.20 ,303.87 
2016-04,965.12 ,"1,321.91 ",0.00 ,"2,197.84 ",598.00 ,0.00 ,0.00 ,0.00 ,0.00 ,0.00 ,0.00 ,0.00 ,0.00 ,0.00 ,0.00 ,0.00 ,"18,092.96 ",0.00 ,0.00 ,"13,772.00 ","2,816.00 ",620.60 ,798.50 ,0.00 ,670.00 ,306.80 
2016-05,"1,295.15 ","1,634.87 ",0.00 ,"2,754.00 ",793.00 ,0.00 ,0.00 ,0.00 ,0.00 ,0.00 ,0.00 ,0.00 ,0.00 ,0.00 ,0.00 ,0.00 ,"22,823.51 ",0.00 ,0.00 ,"17,122.00 ","3,743.00 ",785.00 ,"1,061.43 ",140.60 ,884.60 ,309.44 
2016-06,"1,657.82 ","1,964.29 ",0.00 ,"3,347.17 ",916.70 ,0.00 ,0.00 ,0.00 ,0.00 ,0.00 ,0.00 ,0.00 ,0.00 ,0.00 ,0.00 ,0.00 ,"27,759.31 ",0.00 ,0.00 ,"20,579.00 ","4,811.00 ",964.50 ,"1,231.54 ",174.90 ,"1,065.10 ",311.03 
2016-07,"2,079.52 ","2,335.07 ",0.00 ,"3,982.40 ","1,038.33 ",0.00 ,0.00 ,0.00 ,0.00 ,0.00 ,0.00 ,0.00 ,0.00 ,0.00 ,0.00 ,0.00 ,"33,289.37 ",0.00 ,0.00 ,"24,487.00 ","6,049.00 ","1,162.60 ","1,392.29 ",211.00 ,"1,209.50 ",312.25 
2016-08,"2,456.01 ","2,726.54 ",0.00 ,"4,637.38 ","1,144.22 ",0.00 ,0.00 ,0.00 ,0.00 ,0.00 ,0.00 ,0.00 ,0.00 ,0.00 ,0.00 ,0.00 ,"38,919.70 ",0.00 ,0.00 ,"28,639.00 ","7,157.00 ","1,364.20 ","1,541.02 ",252.20 ,"1,357.80 ",313.06 
2016-09,"2,766.03 ","3,070.71 ",0.00 ,"5,234.73 ","1,251.05 ",0.00 ,0.00 ,0.00 ,0.00 ,0.00 ,0.00 ,0.00 ,0.00 ,0.00 ,0.00 ,0.00 ,"43,885.16 ",0.00 ,0.00 ,"32,289.00 ","8,108.00 ","1,544.20 ","1,693.00 ",292.00 ,"1,498.30 ",313.71 
2016-10,"3,068.53 ","3,405.10 ",0.00 ,"5,766.43 ","1,401.11 ",0.00 ,0.00 ,0.00 ,0.00 ,0.00 ,0.00 ,0.00 ,0.00 ,0.00 ,0.00 ,0.00 ,"48,775.52 ",0.00 ,0.00 ,"35,868.00 ","9,037.00 ","1,718.80 ","1,913.38 ",329.00 ,"1,693.80 ",313.80 
2016-11,"3,333.82 ","3,755.54 ",0.00 ,"6,378.43 ","1,572.70 ",0.00 ,0.00 ,0.00 ,0.00 ,0.00 ,0.00 ,0.00 ,0.00 ,0.00 ,0.00 ,0.00 ,"53,847.20 ",0.00 ,0.00 ,"39,679.40 ","9,840.40 ","1,913.70 ","2,162.48 ",358.90 ,"1,907.60 ",312.82 
2016-12,"3,621.00 ","4,165.00 ",0.00 ,"7,042.00 ","1,742.00 ",0.00 ,0.00 ,"33,207.00 ","106,094.00 ","3,364.00 ","14,817.00 ",0.00 ,0.00 ,0.00 ,0.00 ,0.00 ,"59,187.48 ","2,408.61 ",665.28 ,"43,957.70 ","10,518.40 ","2,127.30 ","2,419.67 ",393.60 ,"2,113.20 ",312.00 
2017-01,0.00 ,0.00 ,0.00 ,0.00 ,0.00 ,0.00 ,0.00 ,0.00 ,0.00 ,0.00 ,0.00 ,0.00 ,0.00 ,0.00 ,0.00 ,0.00 ,"4,867.39 ",0.00 ,0.00 ,0.00 ,0.00 ,0.00 ,0.00 ,0.00 ,0.00 ,0.00 
2017-02,397.00 ,678.00 ,0.00 ,"1,111.21 ",303.29 ,0.00 ,0.00 ,0.00 ,0.00 ,0.00 ,0.00 ,0.00 ,0.00 ,0.00 ,0.00 ,0.00 ,"9,355.65 ",0.00 ,0.00 ,"7,280.00 ","1,229.00 ",333.50 ,453.94 ,74.80 ,398.00 ,301.00 
2017-03,622.70 ,"1,037.13 ",0.00 ,"1,631.32 ",468.34 ,0.00 ,0.00 ,0.00 ,0.00 ,0.00 ,0.00 ,0.00 ,0.00 ,0.00 ,0.00 ,0.00 ,"14,461.29 ",0.00 ,0.00 ,"11,356.90 ","1,938.40 ",547.50 ,702.72 ,122.80 ,621.20 ,302.00 
2017-04,870.41 ,"1,356.80 ",0.00 ,"2,225.24 ",662.76 ,0.00 ,0.00 ,0.00 ,0.00 ,0.00 ,0.00 ,0.00 ,0.00 ,0.00 ,0.00 ,0.00 ,"19,308.50 ",0.00 ,0.00 ,"14,903.10 ","2,684.00 ",750.10 ,996.92 ,173.00 ,871.70 ,305.00 
2017-05,"1,160.92 ","1,677.13 ",0.00 ,"2,815.72 ",852.03 ,0.00 ,0.00 ,0.00 ,0.00 ,0.00 ,0.00 ,0.00 ,0.00 ,0.00 ,0.00 ,0.00 ,"24,263.16 ",0.00 ,0.00 ,"18,496.00 ","3,570.00 ",954.90 ,"1,285.99 ",228.00 ,"1,118.00 ",307.00 
2017-06,"1,513.82 ","2,009.96 ",0.00 ,"3,406.45 ",983.73 ,0.00 ,0.00 ,0.00 ,0.00 ,0.00 ,0.00 ,0.00 ,0.00 ,0.00 ,0.00 ,0.00 ,"29,507.58 ",0.00 ,0.00 ,"22,215.00 ","4,613.00 ","1,153.90 ","1,490.08 ",289.00 ,"1,327.00 ",309.00 
2017-07,"1,920.49 ","2,401.54 ",0.00 ,"4,085.32 ","1,117.70 ",0.00 ,0.00 ,0.00 ,0.00 ,0.00 ,0.00 ,0.00 ,0.00 ,0.00 ,0.00 ,0.00 ,"35,578.09 ",0.00 ,0.00 ,"26,581.00 ","5,857.00 ","1,384.70 ","1,703.56 ",352.00 ,"1,522.00 ",310.00 
2017-08,"2,303.95 ","2,793.48 ",0.00 ,"4,742.84 ","1,245.46 ",0.00 ,0.00 ,0.00 ,0.00 ,0.00 ,0.00 ,0.00 ,0.00 ,0.00 ,0.00 ,0.00 ,"41,571.22 ",0.00 ,0.00 ,"30,894.00 ","7,024.00 ","1,614.90 ","1,904.59 ",409.00 ,"1,716.00 ",311.00 
2017-09,"2,673.84 ","3,117.41 ",0.00 ,"5,379.09 ","1,386.49 ",0.00 ,0.00 ,0.00 ,0.00 ,0.00 ,0.00 ,0.00 ,0.00 ,0.00 ,0.00 ,0.00 ,"46,888.04 ",0.00 ,0.00 ,"34,525.00 ","8,147.20 ","1,834.30 ","2,128.01 ",469.70 ,"1,914.00 ",311.00 
2017-10,"3,024.41 ","3,430.67 ",0.00 ,"5,873.26 ","1,552.19 ",0.00 ,0.00 ,0.00 ,0.00 ,0.00 ,0.00 ,0.00 ,0.00 ,0.00 ,0.00 ,0.00 ,"52,018.00 ",0.00 ,0.00 ,"37,993.00 ","9,234.00 ","2,035.50 ","2,396.90 ",534.00 ,"2,147.00 ",311.00 
2017-11,"3,298.04 ","3,771.57 ",0.00 ,"6,504.14 ","1,752.17 ",0.00 ,0.00 ,0.00 ,0.00 ,0.00 ,0.00 ,0.00 ,0.00 ,0.00 ,0.00 ,0.00 ,"57,330.97 ",0.00 ,0.00 ,"41,727.90 ","10,105.20 ","2,259.00 ","2,716.79 ",591.00 ,"2,434.00 ",310.00 
2017-12,"3,578.93 ","4,208.90 ",0.00 ,"7,107.94 ","1,948.01 ",0.00 ,0.00 ,"34,119.00 ","110,604.00 ","3,582.00 ","16,367.00 ",0.00 ,"98,130.00 ","7,570.00 ",0.00 ,0.00 ,"63,076.58 ","3,046.00 ","1,178.00 ","46,115.00 ","10,819.00 ","2,480.70 ","3,046.00 ",648.00 ,"2,695.00 ",309.06 
2018-01,0.00 ,0.00 ,0.00 ,0.00 ,0.00 ,0.00 ,0.00 ,0.00 ,0.00 ,0.00 ,0.00 ,0.00 ,0.00 ,0.00 ,0.00 ,0.00 ,"5,995.00 ",0.00 ,0.00 ,0.00 ,0.00 ,0.00 ,0.00 ,0.00 ,0.00 ,0.00 
2018-02,410.00 ,729.00 ,176.00 ,"1,093.00 ",387.00 ,0.00 ,0.00 ,0.00 ,0.00 ,0.00 ,0.00 ,0.00 ,0.00 ,0.00 ,0.00 ,0.00 ,"10,552.46 ",0.00 ,0.00 ,"8,086.50 ","1,275.00 ",393.30 ,636.00 ,131.40 ,568.10 ,299.60 
2018-03,617.00 ,"1,089.00 ",289.00 ,"1,690.00 ",592.00 ,0.00 ,0.00 ,0.00 ,0.00 ,0.00 ,0.00 ,0.00 ,0.00 ,0.00 ,0.00 ,0.00 ,"15,877.61 ",0.00 ,0.00 ,"12,147.70 ","1,933.40 ",611.00 ,978.00 ,198.80 ,871.60 ,300.60 
2018-04,845.00 ,"1,426.00 ",410.00 ,"2,287.00 ",812.00 ,0.00 ,0.00 ,0.00 ,0.00 ,0.00 ,0.00 ,0.00 ,0.00 ,0.00 ,0.00 ,0.00 ,"21,094.00 ",0.00 ,0.00 ,"15,951.00 ","2,633.30 ",826.80 ,"1,351.00 ",267.90 ,"1,197.20 ",303.80 
2018-05,"1,155.00 ","1,776.00 ",531.00 ,"2,915.00 ","1,001.00 ",0.00 ,0.00 ,0.00 ,0.00 ,0.00 ,0.00 ,0.00 ,0.00 ,0.00 ,0.00 ,0.00 ,"26,628.00 ",0.00 ,0.00 ,"19,914.20 ","3,553.20 ","1,063.00 ","1,674.00 ",346.60 ,"1,484.20 ",305.60 
2018-06,"1,505.00 ","2,126.00 ",637.00 ,"3,548.00 ","1,143.00 ",0.00 ,0.00 ,0.00 ,0.00 ,0.00 ,0.00 ,0.00 ,0.00 ,0.00 ,0.00 ,0.00 ,"32,290.51 ",0.00 ,0.00 ,"23,887.10 ","4,618.00 ","1,300.00 ","1,917.00 ",427.18 ,"1,712.50 ",307.60 
2018-07,"1,924.00 ","2,529.00 ",741.00 ,"4,135.00 ","1,292.00 ",0.00 ,0.00 ,0.00 ,0.00 ,0.00 ,0.00 ,0.00 ,0.00 ,0.00 ,0.00 ,0.00 ,"38,775.00 ",0.00 ,0.00 ,"28,456.10 ","5,901.10 ","1,564.00 ","2,179.00 ",503.55 ,"1,948.50 ",308.90 
2018-08,"2,338.00 ","2,938.00 ",851.00 ,"4,820.00 ","1,412.00 ",0.00 ,0.00 ,0.00 ,0.00 ,0.00 ,0.00 ,0.00 ,0.00 ,0.00 ,0.00 ,0.00 ,"45,296.00 ",0.00 ,0.00 ,"33,103.10 ","7,158.80 ","1,834.90 ","2,393.00 ",574.68 ,"2,128.70 ",309.70 
2018-09,"2,716.00 ","3,275.00 ",950.00 ,"5,447.00 ","1,565.00 ",0.00 ,0.00 ,0.00 ,0.00 ,0.00 ,0.00 ,0.00 ,0.00 ,0.00 ,0.00 ,0.00 ,"51,061.00 ",0.00 ,0.00 ,"36,918.10 ","8,326.20 ","2,088.70 ","2,676.00 ",660.87 ,"2,367.30 ",311.20 
2018-10,"3,083.00 ","3,596.00 ","1,060.00 ","6,084.00 ","1,724.00 ",0.00 ,0.00 ,0.00 ,0.00 ,0.00 ,0.00 ,0.00 ,0.00 ,0.00 ,0.00 ,0.00 ,"56,552.25 ",0.00 ,0.00 ,"40,685.60 ","9,418.40 ","2,341.00 ","2,962.00 ",746.67 ,"2,624.50 ",310.20 
2018-11,"3,358.00 ","3,946.00 ","1,148.00 ","6,791.00 ","1,891.00 ",0.00 ,0.00 ,0.00 ,0.00 ,0.00 ,0.00 ,0.00 ,0.00 ,0.00 ,0.00 ,0.00 ,"62,199.00 ",0.00 ,0.00 ,"44,962.80 ","10,297.30 ","2,638.00 ","3,268.00 ",830.20 ,"2,896.80 ",309.30 
2018-12,"3,613.00 ","4,361.00 ","1,212.00 ","7,184.00 ","2,095.00 ","4,495.00 ","2,767.00 ","35,259.00 ","114,408.00 ","4,466.00 ","18,427.00 ",0.00 ,"100,835.00 ","8,375.00 ",0.00 ,0.00 ,"68,449.09 ","3,658.00 ","1,769.00 ","49,794.70 ","11,027.50 ","2,944.00 ","3,660.00 ",894.46 ,"3,253.20 ",308.00 
2019-01,0.00 ,0.00 ,0.00 ,0.00 ,0.00 ,0.00 ,0.00 ,0.00 ,0.00 ,0.00 ,0.00 ,0.00 ,0.00 ,0.00 ,0.00 ,0.00 ,"6,171.82 ",0.00 ,0.00 ,0.00 ,0.00 ,0.00 ,0.00 ,0.00 ,0.00 ,0.00 
2019-02,433.00 ,730.00 ,164.00 ,"1,040.00 ",351.00 ,757.00 ,397.00 ,0.00 ,0.00 ,0.00 ,0.00 ,0.00 ,0.00 ,0.00 ,0.00 ,0.00 ,"11,063.00 ",0.00 ,0.00 ,"8,426.70 ","1,352.20 ",483.70 ,653.00 ,147.49 ,571.70 ,296.50 
2019-03,691.00 ,"1,083.00 ",283.00 ,"1,655.00 ",556.00 ,"1,122.00 ",603.00 ,0.00 ,0.00 ,0.00 ,0.00 ,0.00 ,0.00 ,0.00 ,0.00 ,0.00 ,"16,795.00 ",0.00 ,0.00 ,"12,658.20 ","2,159.00 ",770.40 ,"1,041.00 ",244.03 ,915.50 ,298.40 
2019-04,959.00 ,"1,413.00 ",405.00 ,"2,258.00 ",767.00 ,"1,461.00 ",784.00 ,0.00 ,0.00 ,0.00 ,0.00 ,0.00 ,0.00 ,0.00 ,0.00 ,0.00 ,"22,329.00 ",0.00 ,0.00 ,"16,553.60 ","2,987.00 ","1,048.40 ","1,440.00 ",349.54 ,"1,259.40 ",301.70 
2019-05,"1,300.00 ","1,728.00 ",532.00 ,"2,839.00 ",978.00 ,0.00 ,0.00 ,0.00 ,0.00 ,0.00 ,0.00 ,0.00 ,0.00 ,0.00 ,0.00 ,0.00 ,"27,993.00 ",0.00 ,0.00 ,"20,408.80 ","4,002.70 ","1,320.30 ","1,843.00 ",461.37 ,"1,615.30 ",303.40 
2019-06,"1,674.00 ","2,066.00 ",650.00 ,"3,429.00 ","1,133.00 ",0.00 ,0.00 ,0.00 ,0.00 ,0.00 ,0.00 ,0.00 ,0.00 ,0.00 ,0.00 ,0.00 ,"33,980.00 ",0.00 ,0.00 ,"24,487.10 ","5,137.80 ","1,600.00 ","2,145.00 ",568.20 ,"1,879.30 ",306.20 
2019-07,"2,118.00 ","2,439.00 ",770.00 ,"4,006.00 ","1,259.00 ","2,512.00 ","1,485.00 ",0.00 ,0.00 ,0.00 ,0.00 ,0.00 ,0.00 ,0.00 ,0.00 ,0.00 ,"40,652.00 ",0.00 ,0.00 ,"29,089.20 ","6,514.10 ","1,913.20 ","2,393.00 ",676.05 ,"2,107.80 ",307.50 
2019-08,"2,538.00 ","2,831.00 ",895.00 ,"4,844.00 ","1,388.00 ",0.00 ,0.00 ,0.00 ,0.00 ,0.00 ,0.00 ,0.00 ,0.00 ,0.00 ,0.00 ,0.00 ,"47,422.00 ",0.00 ,0.00 ,"33,853.20 ","7,811.10 ","2,241.70 ","2,651.00 ",785.05 ,"2,334.70 ",309.30 
2019-09,"2,903.00 ","3,174.00 ","1,010.00 ","5,452.00 ","1,519.00 ",0.00 ,0.00 ,0.00 ,0.00 ,0.00 ,0.00 ,0.00 ,0.00 ,0.00 ,0.00 ,0.00 ,"53,442.00 ",0.00 ,0.00 ,"38,019.60 ","8,937.90 ","2,538.40 ","2,914.00 ",904.70 ,"2,566.40 ",310.40 
2019-10,"3,244.00 ","3,495.00 ","1,117.00 ","6,040.00 ","1,688.00 ",0.00 ,0.00 ,0.00 ,0.00 ,0.00 ,0.00 ,0.00 ,0.00 ,0.00 ,0.00 ,0.00 ,"59,232.00 ",0.00 ,0.00 ,"42,041.40 ","10,012.60 ","2,826.00 ","3,250.00 ","1,004.72 ","2,856.80 ",309.70 
2019-11,"3,499.00 ","3,856.00 ","1,204.00 ","6,710.00 ","1,882.00 ","3,963.00 ","2,368.00 ",0.00 ,0.00 ,0.00 ,0.00 ,0.00 ,0.00 ,0.00 ,0.00 ,0.00 ,"65,144.49 ",0.00 ,0.00 ,"46,522.10 ","10,826.40 ","3,151.40 ","3,638.00 ","1,092.10 ","3,204.00 ",308.30 
2019-12,"3,697.00 ","4,307.00 ","1,285.00 ","7,394.00 ","2,083.00 ","4,429.00 ","2,646.00 ","35,804.00 ","118,957.00 ","4,874.00 ","20,915.00 ",0.00 ,"104,063.00 ","9,024.00 ",0.00 ,0.00 ,"72,852.00 ","4,053.00 ","2,240.00 ","51,654.30 ","11,534.40 ","3,483.50 ","4,053.00 ","1,172.16 ","3,577.40 ",308.30 
2020-01,0.00 ,0.00 ,0.00 ,0.00 ,0.00 ,0.00 ,0.00 ,0.00 ,0.00 ,0.00 ,0.00 ,0.00 ,0.00 ,0.00 ,0.00 ,0.00 ,"5,805.00 ",0.00 ,0.00 ,0.00 ,0.00 ,0.00 ,0.00 ,0.00 ,0.00 ,0.00 
2020-02,380.00 ,633.00 ,167.00 ,970.00 ,313.00 ,648.00 ,400.00 ,0.00 ,0.00 ,0.00 ,0.00 ,0.00 ,0.00 ,0.00 ,0.00 ,0.00 ,"10,203.00 ",0.00 ,0.00 ,"7,806.60 ","1,213.90 ",473.20 ,659.00 ,179.19 ,593.60 ,291.80 
2020-03,622.00 ,946.00 ,290.00 ,"1,599.00 ",548.00 ,969.00 ,603.00 ,0.00 ,0.00 ,0.00 ,0.00 ,0.00 ,0.00 ,0.00 ,0.00 ,0.00 ,"15,698.00 ",0.00 ,0.00 ,"11,745.90 ","1,962.90 ",779.50 ,"1,149.00 ",310.11 ,"1,022.40 ",293.40 
2020-04,865.00 ,"1,272.00 ",421.00 ,"2,230.00 ",745.00 ,"1,297.00 ",778.00 ,0.00 ,0.00 ,0.00 ,0.00 ,0.00 ,0.00 ,0.00 ,0.00 ,0.00 ,"21,270.00 ",0.00 ,0.00 ,"15,757.60 ","2,719.60 ","1,087.20 ","1,565.00 ",440.53 ,"1,383.00 ",296.80 
2020-05,"1,138.00 ","1,609.00 ",550.00 ,"2,868.00 ",958.00 ,"1,641.00 ",977.00 ,0.00 ,0.00 ,0.00 ,0.00 ,0.00 ,0.00 ,0.00 ,0.00 ,0.00 ,"27,197.00 ",0.00 ,0.00 ,"20,009.80 ","3,557.80 ","1,398.00 ","2,021.00 ",573.16 ,"1,786.20 ",300.60 
2020-06,"1,528.00 ","1,955.00 ",663.00 ,"3,519.00 ","1,123.00 ","1,994.00 ","1,196.00 ","36,100.00 ","120,774.00 ","4,877.00 ","21,675.00 ","33,041.00 ","105,222.00 ","9,371.00 ",0.00 ,0.00 ,"33,547.00 ",0.00 ,0.00 ,"24,342.70 ","4,769.10 ","1,715.70 ","2,379.00 ",699.92 ,"2,117.00 ",302.10 
2020-07,"2,002.00 ","2,321.00 ",776.00 ,"4,204.00 ","1,274.00 ","2,368.00 ","1,426.00 ","36,363.00 ","121,823.00 ","4,877.00 ","21,806.00 ","33,304.00 ","106,133.00 ","9,483.00 ",0.00 ,0.00 ,"40,381.00 ",0.00 ,0.00 ,"28,956.80 ","6,217.30 ","2,049.80 ","2,704.00 ",820.60 ,"2,406.10 ",304.00 
2020-08,"2,439.00 ","2,729.00 ",897.00 ,"4,881.00 ","1,417.00 ","2,785.00 ","1,712.00 ","36,440.00 ","121,979.00 ","4,877.00 ","22,074.00 ","33,351.00 ","106,219.00 ","9,531.00 ",0.00 ,0.00 ,"47,676.00 ",0.00 ,0.00 ,"34,068.70 ","7,634.30 ","2,381.40 ","3,028.00 ",947.33 ,"2,695.90 ",305.10 
2020-09,"2,894.00 ","3,059.00 ","1,009.00 ","5,521.00 ","1,549.00 ","3,119.00 ","1,934.00 ","36,520.00 ","122,506.00 ","4,989.00 ","22,391.00 ","33,431.00 ","106,547.00 ","9,637.00 ",0.00 ,0.00 ,"54,134.00 ",0.00 ,0.00 ,"38,316.20 ","9,024.90 ","2,700.10 ","3,330.00 ","1,070.59 ","2,971.90 ",306.10 
2020-10,"3,324.00 ","3,372.00 ","1,115.00 ","6,099.00 ","1,727.00 ","3,436.00 ","2,123.00 ","36,577.00 ","122,982.00 ","4,989.00 ","22,983.00 ","33,458.00 ","106,865.00 ","9,713.00 ",0.00 ,0.00 ,"60,306.00 ",0.00 ,0.00 ,"42,333.00 ","10,444.10 ","2,986.80 ","3,739.00 ","1,195.86 ","3,326.60 ",305.70 
2020-11,"3,627.00 ","3,741.00 ","1,203.00 ","6,746.00 ","1,912.00 ","3,814.00 ","2,364.00 ","36,773.00 ","123,481.00 ","4,989.00 ","23,626.00 ","33,654.00 ","107,240.00 ","9,751.00 ",0.00 ,0.00 ,"66,772.00 ",0.00 ,0.00 ,"47,095.90 ","11,378.20 ","3,309.70 ","4,184.00 ","1,307.61 ","3,731.00 ",304.20 
2020-12,"3,827.00 ","4,216.00 ","1,281.00 ","7,453.00 ","2,073.00 ","4,340.00 ","2,618.00 ","37,016.00 ","124,517.00 ","4,989.00 ","28,153.00 ",0.00 ,"107,992.00 ","9,802.00 ",0.00 ,0.00 ,"75,110.00 ","4,665.00 ","2,611.00 ","52,798.70 ","12,140.30 ","3,662.50 ","4,665.00 ","1,420.99 ","4,146.00 ",305.50 
2021-01,0.00 ,0.00 ,0.00 ,0.00 ,0.00 ,0.00 ,0.00 ,0.00 ,0.00 ,0.00 ,0.00 ,0.00 ,0.00 ,0.00 ,0.00 ,0.00 ,"7,325.00 ",0.00 ,0.00 ,0.00 ,0.00 ,0.00 ,0.00 ,0.00 ,0.00 ,0.00 
2021-02,401.00 ,732.00 ,192.00 ,"1,147.00 ",419.00 ,762.00 ,379.00 ,"37,026.00 ","125,602.00 ","5,104.00 ","28,456.00 ","33,847.00 ","108,402.00 ","10,204.00 ",0.00 ,"25,728.00 ","12,588.00 ",0.00 ,0.00 ,"9,389.90 ","1,292.30 ",583.80 ,"1,152.00 ",246.68 ,914.50 ,292.30 
2021-03,600.00 ,"1,118.00 ",300.00 ,"1,817.00 ",619.00 ,"1,160.00 ",620.00 ,"37,132.00 ","126,000.00 ","5,104.00 ","28,661.00 ","33,953.00 ","108,527.00 ","10,420.00 ",0.00 ,"25,913.00 ","19,219.00 ",0.00 ,0.00 ,"14,378.60 ","1,958.60 ",925.90 ,"1,737.00 ",387.70 ,"1,400.60 ",294.40 
2021-04,843.00 ,"1,468.00 ",409.00 ,"2,450.00 ",823.00 ,"1,518.00 ",859.00 ,"37,330.00 ","126,161.00 ","5,104.00 ","28,744.00 ","34,151.00 ","108,474.00 ","10,528.00 ",0.00 ,"26,097.00 ","25,581.00 ",0.00 ,0.00 ,"18,901.40 ","2,727.40 ","1,249.60 ","2,325.00 ",527.08 ,"1,870.00 ",297.10 
2021-05,"1,144.00 ","1,817.00 ",541.00 ,"3,121.00 ","1,053.00 ","1,871.00 ","1,108.00 ","37,382.00 ","126,389.00 ","5,104.00 ","28,852.00 ","34,167.00 ","108,603.00 ","10,574.00 ",0.00 ,"26,358.00 ","32,305.00 ",0.00 ,0.00 ,"23,417.20 ","3,684.80 ","1,592.10 ","2,972.00 ",694.64 ,"2,382.30 ",299.10 
2021-06,"1,496.00 ","2,191.00 ",660.00 ,"3,805.00 ","1,212.00 ","2,257.00 ","1,328.00 ","37,785.00 ","126,658.00 ","5,216.00 ","29,192.00 ","34,571.00 ","108,801.00 ","10,588.00 ",0.00 ,"26,761.00 ","39,339.00 ",0.00 ,0.00 ,"28,262.00 ","4,826.70 ","1,950.90 ","3,442.00 ",858.23 ,"2,819.20 ",301.40 
2021-07,"1,933.00 ","2,594.00 ",780.00 ,"4,532.00 ","1,371.00 ","2,675.00 ","1,590.00 ","38,143.00 ","127,263.00 ","5,326.00 ","29,310.00 ","34,894.00 ","109,201.00 ","10,638.00 ","3,409.00 ","27,110.00 ","47,097.00 ",0.00 ,0.00 ,"33,537.00 ","6,247.00 ","2,333.00 ","3,915.00 ","1,038.00 ","3,294.00 ",303.00 
2021-08,"2,360.00 ","2,994.00 ",896.00 ,"5,219.00 ","1,500.00 ","3,089.00 ","1,849.00 ","38,213.00 ","127,611.00 ","5,326.00 ","29,532.00 ","34,964.00 ","109,487.00 ","10,656.00 ","3,458.00 ","27,513.00 ","54,704.00 ",0.00 ,0.00 ,"38,723.00 ","7,617.10 ","2,698.50 ","4,301.00 ","1,204.29 ","3,650.80 ",304.20 
2021-09,"2,794.00 ","3,339.00 ","1,006.00 ","5,842.00 ","1,640.00 ","3,450.00 ","2,074.00 ","38,353.00 ","128,183.00 ","5,326.00 ","29,727.00 ","35,034.00 ","109,970.00 ","10,657.00 ","3,536.00 ","27,835.00 ","61,651.00 ",0.00 ,0.00 ,"43,273.00 ","9,029.90 ","3,030.90 ","4,715.00 ","1,362.19 ","4,025.00 ",304.70 
2021-10,"3,159.00 ","3,665.00 ","1,097.00 ","6,471.00 ","1,827.00 ","3,786.00 ","2,259.00 ","38,452.00 ","128,289.00 ","5,326.00 ","29,963.00 ","35,073.00 ","109,981.00 ","10,701.00 ","3,534.00 ","28,214.00 ","68,254.00 ",0.00 ,0.00 ,"47,556.40 ","10,221.90 ","3,366.20 ","5,268.00 ","1,516.26 ","4,515.00 ",304.90 
2021-11,"3,428.00 ","4,025.00 ","1,194.00 ","7,102.00 ","2,031.00 ","4,155.00 ","2,442.00 ","38,798.00 ","128,681.00 ","5,326.00 ","30,486.00 ","35,384.00 ","110,286.00 ","10,704.00 ","3,598.00 ","28,747.00 ","74,972.00 ",0.00 ,0.00 ,"52,227.20 ","11,134.30 ","3,702.40 ","5,893.00 ","1,696.25 ","5,066.10 ",303.70 
2021-12,"3,622.00 ","4,448.00 ",0.00 ,"7,802.00 ","2,232.00 ","4,586.00 ","2,814.00 ","39,092.00 ","129,678.00 ","5,326.00 ","32,848.00 ",0.00 ,"110,901.00 ","10,859.00 ",0.00 ,"30,656.00 ","83,128.00 ","6,556.00 ","3,270.00 ","57,702.70 ","11,840.20 ","4,075.20 ","6,556.00 ","1,836.64 ","5,667.00 ",302.50 
2022-01,0.00 ,0.00 ,0.00 ,0.00 ,0.00 ,0.00 ,0.00 ,0.00 ,0.00 ,0.00 ,0.00 ,0.00 ,0.00 ,0.00 ,0.00 ,0.00 ,"7,232.00 ",0.00 ,0.00 ,0.00 ,0.00 ,0.00 ,0.00 ,0.00 ,0.00 ,0.00 
2022-02,408.00 ,759.00 ,182.00 ,"1,195.00 ",323.00 ,797.00 ,398.00 ,"39,248.00 ","129,681.00 ","5,328.00 ","33,442.00 ","35,519.00 ","110,628.00 ","10,809.00 ","3,878.00 ","31,581.00 ","13,467.00 ",0.00 ,0.00 ,"9,863.70 ","1,400.00 ",640.00 ,"1,065.00 ",294.74 ,942.10 ,289.00 
2022-03,636.00 ,"1,115.00 ",300.00 ,"1,847.00 ",555.00 ,"1,169.00 ",576.00 ,"39,427.00 ","129,872.00 ","5,443.00 ","33,652.00 ","35,603.00 ","110,723.00 ","10,858.00 ","3,883.00 ","31,855.00 ","20,423.00 ",0.00 ,0.00 ,"14,614.10 ","2,211.70 ",989.80 ,"1,837.00 ",479.23 ,"1,627.40 ",291.50 
2022-04,904.00 ,"1,417.00 ",432.00 ,"2,447.00 ",778.00 ,"1,479.00 ",739.00 ,"39,555.00 ","130,033.00 ","5,443.00 ","33,826.00 ","35,626.00 ","110,821.00 ","10,870.00 ","3,907.00 ","32,257.00 ","26,809.00 ",0.00 ,0.00 ,"18,634.70 ","3,130.00 ","1,316.50 ","2,574.00 ",683.24 ,"2,264.70 ",295.70 
2022-05,"1,262.00 ","1,720.00 ",563.00 ,"3,081.00 ",976.00 ,"1,791.00 ",897.00 ,"39,647.00 ","130,136.00 ","5,443.00 ","33,936.00 ","35,683.00 ","110,812.00 ","10,934.00 ","3,913.00 ","32,789.00 ","33,526.00 ",0.00 ,0.00 ,"22,711.70 ","4,345.60 ","1,663.30 ","3,256.00 ",887.19 ,"2,876.00 ",298.10 
2022-06,"1,691.00 ","2,058.00 ",690.00 ,"3,673.00 ","1,154.00 ","2,139.00 ","1,090.00 ","39,999.00 ","130,496.00 ","5,553.00 ","34,224.00 ","35,840.00 ","111,002.00 ","11,001.00 ","3,950.00 ","33,677.00 ","40,977.00 ",0.00 ,0.00 ,"27,276.80 ","5,828.20 ","1,989.90 ","3,861.00 ","1,107.13 ","3,429.10 ",300.20 
2022-07,"2,100.00 ","2,477.00 ",822.00 ,"4,340.00 ","1,304.00 ","2,575.00 ","1,379.00 ","40,154.00 ","130,937.00 ","5,553.00 ","34,370.00 ","35,865.00 ","111,040.00 ","11,171.00 ","3,967.00 ","34,351.00 ","49,303.00 ",0.00 ,0.00 ,"32,853.90 ","7,288.30 ","2,359.70 ","4,376.00 ","1,319.04 ","3,904.70 ",301.80 
2022-08,"2,453.00 ","2,932.00 ",946.00 ,"4,995.00 ","1,460.00 ","3,051.00 ","1,668.00 ","40,307.00 ","131,153.00 ","5,553.00 ","34,450.00 ","35,998.00 ","111,182.00 ","11,250.00 ","3,986.00 ","34,990.00 ","57,839.00 ",0.00 ,0.00 ,"38,826.70 ","8,516.70 ","2,722.90 ","4,911.00 ","1,535.70 ","4,373.20 ",303.10 
2022-09,"2,729.00 ","3,295.00 ","1,063.00 ","5,576.00 ","1,616.00 ","3,437.00 ","1,826.00 ","40,576.00 ","131,374.00 ","5,553.00 ","34,767.00 ","36,237.00 ","111,295.00 ","11,257.00 ","4,060.00 ","35,864.00 ","64,931.00 ",0.00 ,0.00 ,"43,693.50 ","9,506.80 ","3,046.40 ","5,449.00 ","1,749.88 ","4,870.80 ",304.30 
2022-10,"3,002.00 ","3,620.00 ","1,172.00 ","6,226.00 ","1,817.00 ","3,772.00 ","1,994.00 ","40,751.00 ","131,632.00 ","5,553.00 ","34,939.00 ","36,352.00 ","111,488.00 ","11,250.00 ","4,076.00 ","36,444.00 ","71,760.00 ",0.00 ,0.00 ,"48,187.90 ","10,499.80 ","3,406.80 ","6,155.00 ","1,968.18 ","5,513.40 ",304.80 
2022-11,"3,218.27 ","3,978.64 ","1,260.00 ","6,900.00 ","2,008.00 ","4,146.00 ","2,202.00 ","41,013.00 ","131,983.00 ","5,553.00 ","35,096.00 ","36,584.00 ","111,660.00 ","11,355.00 ","4,090.00 ","37,202.00 ","78,588.00 ",0.00 ,0.00 ,"52,953.00 ","11,282.20 ","3,780.40 ","6,829.00 ","2,125.33 ","6,144.80 ",303.45 
2022-12,"3,412.00 ","4,379.00 ","1,337.00 ","7,616.00 ","2,221.00 ","4,594.00 ","2,429.00 ","41,350.00 ","133,239.00 ","5,553.00 ","36,544.00 ",0.00 ,"112,427.00 ","11,485.00 ","4,132.00 ","39,261.00 ","86,372.00 ",0.00 ,0.00 ,"58,531.30 ","12,020.00 ","4,177.80 ","7,624.00 ","2,290.00 ","6,867.20 ",301.50 
2023-01,0.00 ,0.00 ,0.00 ,0.00 ,0.00 ,0.00 ,0.00 ,0.00 ,0.00 ,0.00 ,0.00 ,0.00 ,0.00 ,0.00 ,0.00 ,0.00 ,"6,884.00 ",0.00 ,0.00 ,0.00 ,0.00 ,0.00 ,0.00 ,0.00 ,0.00 ,0.00 
2023-02,364.00 ,720.00 ,182.00 ,"1,209.00 ",401.00 ,0.00 ,0.00 ,"41,425.00 ","133,786.00 ","5,557.00 ","37,126.00 ",0.00 ,0.00 ,0.00 ,"4,186.00 ","41,304.00 ","13,834.00 ",0.00 ,0.00 ,"9,756.62 ","1,366.67 ",667.54 ,0.00 ,369.59 ,"1,336.84 ",288.00 
2023-03,544.00 ,"1,098.00 ",303.00 ,"1,864.00 ",615.00 ,"1,158.00 ",550.00 ,"41,546.00 ","134,019.00 ","5,676.00 ","37,573.00 ","36,847.00 ","112,932.00 ","11,660.00 ","4,195.00 ","42,589.00 ","21,203.00 ",0.00 ,0.00 ,"14,950.93 ","2,035.06 ","1,033.25 ","2,287.00 ",612.33 ,"2,080.08 ",290.80 
2023-04,737.00 ,"1,425.00 ",415.00 ,"2,472.00 ",866.00 ,"1,498.00 ",722.00 ,"41,633.00 ","134,489.00 ","5,676.00 ","37,966.00 ","36,874.00 ","113,249.00 ","11,750.00 ","4,231.00 ","44,050.00 ","28,103.00 ",0.00 ,0.00 ,"19,467.00 ","2,708.70 ","1,378.40 ","3,230.00 ",845.60 ,"2,909.30 ",294.70 
2023-05,967.00 ,"1,766.00 ",535.00 ,"3,122.00 ","1,081.00 ","1,850.00 ",917.00 ,"41,700.00 ","135,095.00 ","5,676.00 ","38,260.00 ","36,881.00 ","113,679.00 ","11,871.00 ","4,264.00 ","45,392.00 ","35,325.00 ",0.00 ,0.00 ,"24,205.80 ","3,523.40 ","1,747.30 ","4,068.00 ","1,076.86 ","3,662.80 ",298.60 
2023-06,"1,239.00 ","2,143.00 ",658.00 ,"3,770.00 ","1,237.00 ","2,244.00 ","1,136.00 ","41,793.00 ","135,698.00 ","5,676.00 ","38,921.00 ","36,914.00 ","114,103.00 ","11,974.00 ","4,308.00 ","47,067.00 ","43,076.00 ",0.00 ,0.00 ,"29,456.97 ","4,504.22 ","2,118.86 ","4,680.00 ","1,352.72 ","4,246.44 ",300.10 
2023-07,"1,578.00 ","2,574.00 ",780.00 ,"4,440.00 ","1,416.00 ","2,695.00 ","1,421.00 ","41,812.00 ","136,353.00 ","5,676.00 ","39,291.00 ","36,933.00 ","114,652.00 ","12,028.00 ","4,326.00 ","49,081.00 ","51,965.00 ",0.00 ,0.00 ,"35,473.70 ","5,717.00 ","2,499.30 ","5,387.00 ","1,604.04 ","4,835.90 ",302.20 
2023-08,"1,984.00 ","2,999.00 ",907.00 ,"5,116.00 ","1,538.00 ","3,141.00 ","1,687.00 ","41,893.00 ","136,606.00 ","5,676.00 ","39,537.00 ","36,954.00 ","114,802.00 ","12,101.00 ","4,332.00 ","50,541.00 ","60,826.00 ",0.00 ,0.00 ,"41,389.53 ","7,187.42 ","2,882.59 ","5,872.00 ","1,894.00 ","5,308.39 ",304.40 
2023-09,"2,367.00 ","3,344.00 ","1,017.00 ","5,724.00 ","1,665.00 ","3,501.00 ","1,877.00 ","41,949.00 ","137,262.00 ","5,676.00 ","40,021.00 ","36,980.00 ","115,348.00 ","12,169.00 ","4,339.00 ","52,108.00 ","68,637.00 ",0.00 ,0.00 ,"46,396.90 ","8,583.90 ","3,227.90 ","6,421.00 ","2,172.91 ","5,836.80 ",304.90 
2023-10,"2,704.00 ","3,677.00 ","1,120.00 ","6,357.00 ","1,816.00 ","3,849.00 ","2,040.00 ","42,023.00 ","137,350.00 ","5,676.00 ","40,400.00 ","37,019.00 ","115,197.00 ","12,281.00 ","4,364.00 ","53,576.00 ","76,059.00 ",0.00 ,0.00 ,"51,077.10 ","9,804.90 ","3,587.30 ","7,050.00 ","2,435.71 ","6,424.30 ",304.70 
2023-11,"2,927.00 ","4,040.00 ","1,218.00 ","7,001.00 ","2,029.00 ","4,230.00 ","2,236.00 ","42,134.00 ","137,884.00 ","5,676.00 ","41,283.00 ","37,070.00 ","115,687.00 ","12,283.00 ","4,375.00 ","55,762.00 ","83,678.00 ",0.00 ,0.00 ,"56,178.00 ","10,636.00 ","3,952.00 ","7,962.00 ","2,713.98 ","7,252.00 ",303.40 
2023-12,"3,133.00 ","4,466.00 ","1,286.00 ","7,670.00 ","2,225.00 ","4,685.00 ","2,436.00 ","42,154.00 ","139,032.00 ","5,691.00 ","44,134.00 ",0.00 ,"116,493.00 ","12,562.00 ","4,414.00 ","60,949.00 ","92,241.00 ",0.00 ,0.00 ,"62,318.04 ","11,408.86 ","4,332.56 ","8,858.00 ","2,939.68 ","8,090.49 ",0.00 
2024-02,369.00 ,763.00 ,168.00 ,"1,216.00 ",373.00 ,808.00 ,395.00 ,"42,246.00 ","139,420.00 ","5,691.00 ","45,035.00 ","37,057.00 ","116,751.00 ","12,625.00 ","4,469.00 ","64,788.00 ","15,316.00 ",0.00 ,0.00 ,"10,801.90 ","1,389.60 ",691.10 ,"1,659.00 ",490.28 ,"1,497.30 ",289.80 
2024-03,555.00 ,"1,128.00 ",279.00 ,"1,828.00 ",596.00 ,"1,192.00 ",581.00 ,"42,340.00 ","139,666.00 ","5,691.00 ","45,664.00 ","37,086.00 ","116,830.00 ","12,709.00 ","4,477.00 ","66,005.00 ","23,373.00 ",0.00 ,0.00 ,"16,028.00 ","2,101.70 ","1,039.20 ","2,665.00 ",783.22 ,"2,419.40 ",293.00 
2024-04,785.00 ,"1,448.00 ",373.00 ,"2,471.00 ",789.00 ,"1,523.00 ",762.00 ,"42,515.00 ","139,802.00 ","5,691.00 ","45,803.00 ","37,231.00 ","116,887.00 ","12,694.00 ","4,496.00 ","67,147.00 ","30,772.00 ",0.00 ,0.00 ,"20,621.90 ","2,937.40 ","1,404.90 ","3,556.00 ","1,113.96 ","3,250.40 ",296.30 
2024-05,"1,093.00 ","1,762.00 ",513.00 ,"3,100.00 ",976.00 ,"1,850.00 ",910.00 ,"42,604.00 ","140,113.00 ","5,808.00 ","46,104.00 ","37,225.00 ","116,848.00 ","12,994.00 ","4,515.00 ","69,098.00 ","38,370.00 ",0.00 ,0.00 ,"25,172.60 ","4,088.50 ","1,764.90 ",0.00 ,"1,495.23 ","4,048.30 ",300.20 
2024-06,"1,477.00 ","2,099.00 ",626.00 ,"3,715.00 ","1,134.00 ","2,203.00 ","1,084.00 ","42,715.00 ","140,512.00 ","5,808.00 ","46,671.00 ","37,276.00 ","116,885.00 ","13,333.00 ","4,530.00 ","71,350.00 ","46,575.00 ",0.00 ,0.00 ,"30,052.70 ","5,525.80 ","2,121.50 ",0.00 ,"1,899.30 ","4,755.20 ",302.40 
2024-07,"1,928.00 ","2,499.00 ",740.00 ,"4,399.00 ","1,293.00 ","2,620.00 ","1,351.00 ","42,835.00 ","141,061.00 ","5,808.00 ","47,053.00 ","37,366.00 ","117,202.00 ","13,540.00 ","4,538.00 ","73,557.00 ","55,971.00 ",0.00 ,0.00 ,"35,813.90 ","7,188.00 ","2,518.20 ",0.00 ,"2,281.79 ","5,437.30 ",304.70 
2024-08,"2,360.00 ","2,929.00 ",862.00 ,"5,092.00 ","1,408.00 ","3,071.00 ","1,627.00 ","42,867.00 ","141,445.00 ","5,808.00 ","47,403.00 ","37,368.00 ","117,516.00 ","13,585.00 ","4,539.00 ","75,235.00 ","65,619.00 ",0.00 ,0.00 ,"41,967.70 ","8,822.00 ","2,920.40 ",0.00 ,"2,695.14 ","5,973.50 ",305.80 
2024-09,0.00 ,0.00 ,0.00 ,0.00 ,0.00 ,0.00 ,0.00 ,0.00 ,0.00 ,0.00 ,0.00 ,0.00 ,0.00 ,0.00 ,0.00 ,0.00 ,"74,094.00 ",0.00 ,0.00 ,"47,439.00 ","10,040.00 ","3,275.00 ",0.00 ,"3,073.00 ","6,733.00 ",0.00 
