Wind,,,,,,,,,,,,,,,,
Name,Newly-added Installed Capacity of Power Generation: Hydro Power: YTD,Newly-added Installed Capacity of Power Generation: Thermal Power: YTD,Newly-added Installed Capacity of Power Generation: Nuclear Power: YTD,Newly-added Installed Capacity of Power Generation: Wind Power: YTD,Generating Capacity of New Equipment: Solar: YTD,New Equipment Capacity for Power Generation: Thermal Power: Coal: YTD,New Equipment Capacity for Power Generation: Thermal Power: Gas: YTD,Installed Power Generation Capacity: YTD,Installed Power Generation Capacity: Hydropower: YTD,Installed Power Generation Capacity: Thermal Power: YTD,Installed Power Generation Capacity: Nuclear Power: YTD,Installed Power Generation Capacity: Wind Power: YTD,Installed Power Generation Capacity: Hydropower: Conventional Hydropower: YTD,Installed Power Generation Capacity: Thermal Power: Coal: YTD,Installed Power Generation Capacity: Thermal Power: Gas: YTD,Installed Capacity: Solar Power Generation: National: YTD
Frequency,Month,Month,Month,Month,Month,Month,Month,Month,Month,Month,Month,Month,Month,Month,Month,Month
Unit,10000 kw,10000 kw,10000 kw,10000 kw,10000 kw,10000 kw,10000 kw,10000 kw,10000 kw,10000 kw,10000 kw,10000 kw,10000 kw,10000 kw,10000 kw,10000 kw
ID,S5108455,S5108456,S5108457,S5108458,S5119573,S5151695,S5151696,S5151657,S5151658,S5151659,S5151660,S5151661,S5151687,S5151688,S5151689,S5150404
Time Period,2008-12:2024-09,2008-12:2024-09,2010-09:2024-09,2008-12:2024-09,2009-12:2024-09,2017-12:2024-08,2017-12:2024-08,2012-12:2024-09,2012-12:2024-09,2012-12:2024-09,2012-12:2024-09,2012-12:2024-09,2020-06:2024-08,2017-12:2024-08,2017-12:2024-08,2018-02:2024-08
Source,Wind,Wind,Wind,Wind,Wind,Wind,Wind,Wind,Wind,Wind,Wind,Wind,Wind,Wind,Wind,Wind
Update,2024-10-21,2024-10-21,2024-10-21,2024-10-21,2024-10-21,2024-09-27,2024-09-27,2024-10-21,2024-10-21,2024-10-21,2024-10-21,2024-10-21,2024-09-27,2024-09-27,2024-09-27,2024-09-27
2008-12,"2,148.27 ","6,554.54 ",0.00 ,499.07 ,0.00 ,0.00 ,0.00 ,0.00 ,0.00 ,0.00 ,0.00 ,0.00 ,0.00 ,0.00 ,0.00 ,0.00 
2009-04,380.78 ,"1,257.50 ",0.00 ,88.64 ,0.00 ,0.00 ,0.00 ,0.00 ,0.00 ,0.00 ,0.00 ,0.00 ,0.00 ,0.00 ,0.00 ,0.00 
2009-05,509.29 ,"1,575.90 ",0.00 ,118.19 ,0.00 ,0.00 ,0.00 ,0.00 ,0.00 ,0.00 ,0.00 ,0.00 ,0.00 ,0.00 ,0.00 ,0.00 
2009-06,704.62 ,"2,197.43 ",0.00 ,198.83 ,0.00 ,0.00 ,0.00 ,0.00 ,0.00 ,0.00 ,0.00 ,0.00 ,0.00 ,0.00 ,0.00 ,0.00 
2009-07,949.59 ,"2,345.79 ",0.00 ,256.79 ,0.00 ,0.00 ,0.00 ,0.00 ,0.00 ,0.00 ,0.00 ,0.00 ,0.00 ,0.00 ,0.00 ,0.00 
2009-08,"1,025.00 ","2,702.00 ",0.00 ,356.00 ,0.00 ,0.00 ,0.00 ,0.00 ,0.00 ,0.00 ,0.00 ,0.00 ,0.00 ,0.00 ,0.00 ,0.00 
2009-09,"1,209.74 ","3,294.98 ",0.00 ,406.71 ,0.00 ,0.00 ,0.00 ,0.00 ,0.00 ,0.00 ,0.00 ,0.00 ,0.00 ,0.00 ,0.00 ,0.00 
2009-10,"1,275.32 ","4,129.03 ",0.00 ,445.96 ,0.00 ,0.00 ,0.00 ,0.00 ,0.00 ,0.00 ,0.00 ,0.00 ,0.00 ,0.00 ,0.00 ,0.00 
2009-11,"1,505.00 ","4,876.00 ",0.00 ,520.00 ,0.00 ,0.00 ,0.00 ,0.00 ,0.00 ,0.00 ,0.00 ,0.00 ,0.00 ,0.00 ,0.00 ,0.00 
2009-12,"2,105.70 ","6,585.76 ",0.00 ,973.00 ,2.79 ,0.00 ,0.00 ,0.00 ,0.00 ,0.00 ,0.00 ,0.00 ,0.00 ,0.00 ,0.00 ,0.00 
2010-02,59.00 ,801.00 ,0.00 ,91.00 ,0.00 ,0.00 ,0.00 ,0.00 ,0.00 ,0.00 ,0.00 ,0.00 ,0.00 ,0.00 ,0.00 ,0.00 
2010-03,131.00 ,"1,270.00 ",0.00 ,209.00 ,0.00 ,0.00 ,0.00 ,0.00 ,0.00 ,0.00 ,0.00 ,0.00 ,0.00 ,0.00 ,0.00 ,0.00 
2010-04,211.00 ,"1,729.00 ",0.00 ,281.00 ,0.00 ,0.00 ,0.00 ,0.00 ,0.00 ,0.00 ,0.00 ,0.00 ,0.00 ,0.00 ,0.00 ,0.00 
2010-05,373.00 ,"2,134.00 ",0.00 ,307.01 ,0.00 ,0.00 ,0.00 ,0.00 ,0.00 ,0.00 ,0.00 ,0.00 ,0.00 ,0.00 ,0.00 ,0.00 
2010-06,615.00 ,"2,421.00 ",0.00 ,330.00 ,0.00 ,0.00 ,0.00 ,0.00 ,0.00 ,0.00 ,0.00 ,0.00 ,0.00 ,0.00 ,0.00 ,0.00 
2010-07,733.00 ,"2,885.00 ",0.00 ,409.00 ,0.00 ,0.00 ,0.00 ,0.00 ,0.00 ,0.00 ,0.00 ,0.00 ,0.00 ,0.00 ,0.00 ,0.00 
2010-08,950.00 ,"3,291.00 ",0.00 ,454.22 ,0.00 ,0.00 ,0.00 ,0.00 ,0.00 ,0.00 ,0.00 ,0.00 ,0.00 ,0.00 ,0.00 ,0.00 
2010-09,"1,098.00 ","3,479.00 ",108.00 ,494.48 ,0.00 ,0.00 ,0.00 ,0.00 ,0.00 ,0.00 ,0.00 ,0.00 ,0.00 ,0.00 ,0.00 ,0.00 
2010-10,"1,158.00 ","3,774.00 ",173.00 ,556.13 ,0.00 ,0.00 ,0.00 ,0.00 ,0.00 ,0.00 ,0.00 ,0.00 ,0.00 ,0.00 ,0.00 ,0.00 
2010-11,"1,343.91 ","4,511.00 ",173.00 ,692.85 ,0.00 ,0.00 ,0.00 ,0.00 ,0.00 ,0.00 ,0.00 ,0.00 ,0.00 ,0.00 ,0.00 ,0.00 
2010-12,"1,642.85 ","5,830.56 ",173.69 ,"1,457.31 ",19.59 ,0.00 ,0.00 ,0.00 ,0.00 ,0.00 ,0.00 ,0.00 ,0.00 ,0.00 ,0.00 ,0.00 
2011-02,48.00 ,991.00 ,0.00 ,188.00 ,0.00 ,0.00 ,0.00 ,0.00 ,0.00 ,0.00 ,0.00 ,0.00 ,0.00 ,0.00 ,0.00 ,0.00 
2011-03,123.00 ,"1,001.00 ",0.00 ,250.00 ,0.00 ,0.00 ,0.00 ,0.00 ,0.00 ,0.00 ,0.00 ,0.00 ,0.00 ,0.00 ,0.00 ,0.00 
2011-04,212.00 ,"1,342.00 ",0.00 ,324.00 ,6.18 ,0.00 ,0.00 ,0.00 ,0.00 ,0.00 ,0.00 ,0.00 ,0.00 ,0.00 ,0.00 ,0.00 
2011-05,393.00 ,"1,638.00 ",0.00 ,409.00 ,9.78 ,0.00 ,0.00 ,0.00 ,0.00 ,0.00 ,0.00 ,0.00 ,0.00 ,0.00 ,0.00 ,0.00 
2011-06,624.00 ,"2,331.00 ",0.00 ,509.00 ,0.00 ,0.00 ,0.00 ,0.00 ,0.00 ,0.00 ,0.00 ,0.00 ,0.00 ,0.00 ,0.00 ,0.00 
2011-07,769.00 ,"2,774.00 ",0.00 ,563.00 ,16.80 ,0.00 ,0.00 ,0.00 ,0.00 ,0.00 ,0.00 ,0.00 ,0.00 ,0.00 ,0.00 ,0.00 
2011-08,817.00 ,"3,224.00 ",109.00 ,611.00 ,23.15 ,0.00 ,0.00 ,0.00 ,0.00 ,0.00 ,0.00 ,0.00 ,0.00 ,0.00 ,0.00 ,0.00 
2011-09,873.00 ,"3,295.00 ",109.00 ,658.00 ,0.00 ,0.00 ,0.00 ,0.00 ,0.00 ,0.00 ,0.00 ,0.00 ,0.00 ,0.00 ,0.00 ,0.00 
2011-10,"1,014.00 ","4,111.00 ",109.00 ,776.00 ,27.70 ,0.00 ,0.00 ,0.00 ,0.00 ,0.00 ,0.00 ,0.00 ,0.00 ,0.00 ,0.00 ,0.00 
2011-11,"1,028.00 ","4,565.00 ",109.00 ,870.00 ,0.00 ,0.00 ,0.00 ,0.00 ,0.00 ,0.00 ,0.00 ,0.00 ,0.00 ,0.00 ,0.00 ,0.00 
2011-12,"1,282.77 ","6,241.34 ",174.69 ,"1,527.77 ",196.00 ,0.00 ,0.00 ,0.00 ,0.00 ,0.00 ,0.00 ,0.00 ,0.00 ,0.00 ,0.00 ,0.00 
2012-02,41.00 ,273.00 ,0.00 ,68.00 ,0.00 ,0.00 ,0.00 ,0.00 ,0.00 ,0.00 ,0.00 ,0.00 ,0.00 ,0.00 ,0.00 ,0.00 
2012-03,127.00 ,649.00 ,0.00 ,144.00 ,0.00 ,0.00 ,0.00 ,0.00 ,0.00 ,0.00 ,0.00 ,0.00 ,0.00 ,0.00 ,0.00 ,0.00 
2012-04,205.00 ,"1,037.50 ",0.00 ,237.41 ,0.00 ,0.00 ,0.00 ,0.00 ,0.00 ,0.00 ,0.00 ,0.00 ,0.00 ,0.00 ,0.00 ,0.00 
2012-05,293.50 ,"1,228.43 ",0.00 ,298.07 ,0.00 ,0.00 ,0.00 ,0.00 ,0.00 ,0.00 ,0.00 ,0.00 ,0.00 ,0.00 ,0.00 ,0.00 
2012-06,563.55 ,"1,587.28 ",0.00 ,419.40 ,0.00 ,0.00 ,0.00 ,0.00 ,0.00 ,0.00 ,0.00 ,0.00 ,0.00 ,0.00 ,0.00 ,0.00 
2012-07,599.99 ,"1,789.82 ",0.00 ,482.68 ,0.00 ,0.00 ,0.00 ,0.00 ,0.00 ,0.00 ,0.00 ,0.00 ,0.00 ,0.00 ,0.00 ,0.00 
2012-08,796.39 ,"2,117.12 ",0.00 ,523.73 ,0.00 ,0.00 ,0.00 ,0.00 ,0.00 ,0.00 ,0.00 ,0.00 ,0.00 ,0.00 ,0.00 ,0.00 
2012-09,937.49 ,"2,581.82 ",0.00 ,588.02 ,0.00 ,0.00 ,0.00 ,0.00 ,0.00 ,0.00 ,0.00 ,0.00 ,0.00 ,0.00 ,0.00 ,0.00 
2012-10,"1,035.49 ","2,964.90 ",0.00 ,716.96 ,0.00 ,0.00 ,0.00 ,0.00 ,0.00 ,0.00 ,0.00 ,0.00 ,0.00 ,0.00 ,0.00 ,0.00 
2012-11,"1,312.00 ","3,558.00 ",0.00 ,822.00 ,0.00 ,0.00 ,0.00 ,0.00 ,0.00 ,0.00 ,0.00 ,0.00 ,0.00 ,0.00 ,0.00 ,0.00 
2012-12,"1,676.00 ","5,236.00 ",66.00 ,"1,296.00 ",107.34 ,0.00 ,0.00 ,"114,179.00 ","24,945.00 ","81,554.00 ","1,257.00 ","6,062.00 ",0.00 ,0.00 ,0.00 ,0.00 
2013-02,155.66 ,339.81 ,0.00 ,105.95 ,46.00 ,0.00 ,0.00 ,0.00 ,0.00 ,0.00 ,0.00 ,0.00 ,0.00 ,0.00 ,0.00 ,0.00 
2013-03,291.71 ,925.86 ,0.00 ,166.16 ,65.00 ,0.00 ,0.00 ,0.00 ,0.00 ,0.00 ,0.00 ,0.00 ,0.00 ,0.00 ,0.00 ,0.00 
2013-04,379.38 ,"1,100.09 ",108.90 ,208.76 ,75.00 ,0.00 ,0.00 ,0.00 ,0.00 ,0.00 ,0.00 ,0.00 ,0.00 ,0.00 ,0.00 ,0.00 
2013-05,683.76 ,"1,227.17 ",108.90 ,343.45 ,103.00 ,0.00 ,0.00 ,0.00 ,0.00 ,0.00 ,0.00 ,0.00 ,0.00 ,0.00 ,0.00 ,0.00 
2013-06,889.00 ,"1,585.00 ",221.00 ,410.00 ,138.00 ,0.00 ,0.00 ,0.00 ,0.00 ,0.00 ,0.00 ,0.00 ,0.00 ,0.00 ,0.00 ,0.00 
2013-07,"1,266.97 ","1,750.71 ",221.00 ,480.09 ,215.00 ,0.00 ,0.00 ,0.00 ,0.00 ,0.00 ,0.00 ,0.00 ,0.00 ,0.00 ,0.00 ,0.00 
2013-08,"1,604.55 ","2,091.71 ",221.00 ,544.98 ,247.73 ,0.00 ,0.00 ,0.00 ,0.00 ,0.00 ,0.00 ,0.00 ,0.00 ,0.00 ,0.00 ,0.00 
2013-09,"1,866.60 ","2,401.70 ",221.00 ,647.20 ,320.70 ,0.00 ,0.00 ,0.00 ,0.00 ,0.00 ,0.00 ,0.00 ,0.00 ,0.00 ,0.00 ,0.00 
2013-10,"2,227.69 ","2,700.27 ",220.78 ,784.93 ,361.10 ,0.00 ,0.00 ,0.00 ,0.00 ,0.00 ,0.00 ,0.00 ,0.00 ,0.00 ,0.00 ,0.00 
2013-11,"2,470.80 ","2,955.72 ",220.78 ,881.12 ,402.62 ,0.00 ,0.00 ,0.00 ,0.00 ,0.00 ,0.00 ,0.00 ,0.00 ,0.00 ,0.00 ,0.00 
2013-12,"2,993.00 ","3,650.00 ",220.78 ,"1,406.42 ","1,130.46 ",0.00 ,0.00 ,"125,165.00 ","27,975.00 ","86,496.00 ","1,461.00 ","7,631.00 ",0.00 ,0.00 ,0.00 ,0.00 
2014-02,69.38 ,441.00 ,0.00 ,123.60 ,29.40 ,0.00 ,0.00 ,0.00 ,0.00 ,0.00 ,0.00 ,0.00 ,0.00 ,0.00 ,0.00 ,0.00 
2014-03,409.00 ,566.00 ,109.00 ,196.00 ,35.00 ,0.00 ,0.00 ,0.00 ,0.00 ,0.00 ,0.00 ,0.00 ,0.00 ,0.00 ,0.00 ,0.00 
2014-04,527.75 ,"1,002.65 ",108.60 ,303.14 ,40.60 ,0.00 ,0.00 ,0.00 ,0.00 ,0.00 ,0.00 ,0.00 ,0.00 ,0.00 ,0.00 ,0.00 
2014-05,835.00 ,"1,304.00 ",329.00 ,405.00 ,62.00 ,0.00 ,0.00 ,0.00 ,0.00 ,0.00 ,0.00 ,0.00 ,0.00 ,0.00 ,0.00 ,0.00 
2014-06,"1,301.00 ","1,503.00 ",329.00 ,443.00 ,94.00 ,0.00 ,0.00 ,0.00 ,0.00 ,0.00 ,0.00 ,0.00 ,0.00 ,0.00 ,0.00 ,0.00 
2014-07,"1,453.00 ","1,875.00 ",329.00 ,504.00 ,104.00 ,0.00 ,0.00 ,0.00 ,0.00 ,0.00 ,0.00 ,0.00 ,0.00 ,0.00 ,0.00 ,0.00 
2014-08,"1,529.00 ","2,285.00 ",329.00 ,544.00 ,124.00 ,0.00 ,0.00 ,0.00 ,0.00 ,0.00 ,0.00 ,0.00 ,0.00 ,0.00 ,0.00 ,0.00 
2014-09,"1,564.73 ","2,580.16 ",329.38 ,609.22 ,166.01 ,0.00 ,0.00 ,0.00 ,0.00 ,0.00 ,0.00 ,0.00 ,0.00 ,0.00 ,0.00 ,0.00 
2014-10,"1,697.68 ","2,810.64 ",329.38 ,736.46 ,196.35 ,0.00 ,0.00 ,0.00 ,0.00 ,0.00 ,0.00 ,0.00 ,0.00 ,0.00 ,0.00 ,0.00 
2014-11,"1,821.15 ","3,404.70 ",329.38 ,929.76 ,221.10 ,0.00 ,0.00 ,0.00 ,0.00 ,0.00 ,0.00 ,0.00 ,0.00 ,0.00 ,0.00 ,0.00 
2014-12,"2,179.67 ","4,790.64 ",547.18 ,"2,100.57 ",825.10 ,0.00 ,0.00 ,"136,463.00 ","30,444.00 ","91,819.00 ","2,008.00 ","9,686.00 ",0.00 ,0.00 ,0.00 ,0.00 
2015-02,139.00 ,787.00 ,109.00 ,101.00 ,206.00 ,0.00 ,0.00 ,0.00 ,0.00 ,0.00 ,0.00 ,0.00 ,0.00 ,0.00 ,0.00 ,0.00 
2015-03,159.41 ,993.64 ,109.00 ,198.88 ,346.01 ,0.00 ,0.00 ,0.00 ,0.00 ,0.00 ,0.00 ,0.00 ,0.00 ,0.00 ,0.00 ,0.00 
2015-04,300.29 ,"1,398.75 ",108.90 ,238.31 ,382.08 ,0.00 ,0.00 ,0.00 ,0.00 ,0.00 ,0.00 ,0.00 ,0.00 ,0.00 ,0.00 ,0.00 
2015-05,396.52 ,"1,932.20 ",108.90 ,379.23 ,426.54 ,0.00 ,0.00 ,0.00 ,0.00 ,0.00 ,0.00 ,0.00 ,0.00 ,0.00 ,0.00 ,0.00 
2015-06,505.71 ,"2,343.18 ",326.40 ,650.78 ,512.11 ,0.00 ,0.00 ,0.00 ,0.00 ,0.00 ,0.00 ,0.00 ,0.00 ,0.00 ,0.00 ,0.00 
2015-07,596.97 ,"2,885.93 ",326.40 ,853.43 ,573.95 ,0.00 ,0.00 ,0.00 ,0.00 ,0.00 ,0.00 ,0.00 ,0.00 ,0.00 ,0.00 ,0.00 
2015-08,790.38 ,"3,081.94 ",546.28 ,"1,014.27 ",641.58 ,0.00 ,0.00 ,0.00 ,0.00 ,0.00 ,0.00 ,0.00 ,0.00 ,0.00 ,0.00 ,0.00 
2015-09,"1,084.81 ","3,955.23 ",546.28 ,"1,159.54 ",682.66 ,0.00 ,0.00 ,0.00 ,0.00 ,0.00 ,0.00 ,0.00 ,0.00 ,0.00 ,0.00 ,0.00 
2015-10,"1,258.13 ","4,336.18 ",547.18 ,"1,384.43 ",730.70 ,0.00 ,0.00 ,0.00 ,0.00 ,0.00 ,0.00 ,0.00 ,0.00 ,0.00 ,0.00 ,0.00 
2015-11,"1,330.90 ","4,750.67 ",547.18 ,"1,588.96 ",826.72 ,0.00 ,0.00 ,0.00 ,0.00 ,0.00 ,0.00 ,0.00 ,0.00 ,0.00 ,0.00 ,0.00 
2015-12,"1,607.63 ","6,399.65 ",724.06 ,"2,960.87 ","1,281.67 ",0.00 ,0.00 ,"150,673.00 ","31,937.00 ","100,050.00 ","2,717.00 ","12,830.00 ",0.00 ,0.00 ,0.00 ,0.00 
2016-02,98.73 ,"1,394.96 ",227.20 ,159.76 ,347.64 ,0.00 ,0.00 ,0.00 ,0.00 ,0.00 ,0.00 ,0.00 ,0.00 ,0.00 ,0.00 ,0.00 
2016-03,159.33 ,"1,745.51 ",217.20 ,250.89 ,442.10 ,0.00 ,0.00 ,0.00 ,0.00 ,0.00 ,0.00 ,0.00 ,0.00 ,0.00 ,0.00 ,0.00 
2016-04,203.64 ,"2,191.84 ",217.20 ,350.95 ,587.81 ,0.00 ,0.00 ,0.00 ,0.00 ,0.00 ,0.00 ,0.00 ,0.00 ,0.00 ,0.00 ,0.00 
2016-05,320.67 ,"2,424.96 ",217.20 ,447.72 ,791.12 ,0.00 ,0.00 ,0.00 ,0.00 ,0.00 ,0.00 ,0.00 ,0.00 ,0.00 ,0.00 ,0.00 
2016-06,437.25 ,"2,710.62 ",217.20 ,573.95 ,"1,759.52 ",0.00 ,0.00 ,0.00 ,0.00 ,0.00 ,0.00 ,0.00 ,0.00 ,0.00 ,0.00 ,0.00 
2016-07,521.26 ,"2,814.87 ",331.10 ,680.70 ,"2,126.67 ",0.00 ,0.00 ,0.00 ,0.00 ,0.00 ,0.00 ,0.00 ,0.00 ,0.00 ,0.00 ,0.00 
2016-08,730.56 ,"2,875.21 ",326.10 ,741.76 ,"2,179.52 ",0.00 ,0.00 ,0.00 ,0.00 ,0.00 ,0.00 ,0.00 ,0.00 ,0.00 ,0.00 ,0.00 
2016-09,787.93 ,"2,900.91 ",502.98 ,824.34 ,"2,253.76 ",0.00 ,0.00 ,0.00 ,0.00 ,0.00 ,0.00 ,0.00 ,0.00 ,0.00 ,0.00 ,0.00 
2016-10,866.91 ,"3,066.51 ",720.48 ,"1,001.83 ","2,316.60 ",0.00 ,0.00 ,0.00 ,0.00 ,0.00 ,0.00 ,0.00 ,0.00 ,0.00 ,0.00 ,0.00 
2016-11,896.85 ,"3,345.37 ",720.48 ,"1,201.19 ","2,393.38 ",0.00 ,0.00 ,0.00 ,0.00 ,0.00 ,0.00 ,0.00 ,0.00 ,0.00 ,0.00 ,0.00 
2016-12,"1,174.00 ","4,836.00 ",720.00 ,"1,873.00 ","3,459.00 ",0.00 ,0.00 ,"165,209.00 ","33,207.00 ","106,094.00 ","3,364.00 ","14,817.00 ",0.00 ,0.00 ,0.00 ,0.00 
2017-02,192.00 ,786.60 ,0.00 ,296.19 ,339.66 ,0.00 ,0.00 ,0.00 ,0.00 ,0.00 ,0.00 ,0.00 ,0.00 ,0.00 ,0.00 ,0.00 
2017-03,193.33 ,"1,138.65 ",108.60 ,351.72 ,394.33 ,0.00 ,0.00 ,0.00 ,0.00 ,0.00 ,0.00 ,0.00 ,0.00 ,0.00 ,0.00 ,0.00 
2017-04,375.59 ,"1,168.61 ",108.60 ,440.88 ,888.07 ,0.00 ,0.00 ,0.00 ,0.00 ,0.00 ,0.00 ,0.00 ,0.00 ,0.00 ,0.00 ,0.00 
2017-05,445.81 ,"1,329.69 ",108.60 ,521.56 ,"1,168.86 ",0.00 ,0.00 ,0.00 ,0.00 ,0.00 ,0.00 ,0.00 ,0.00 ,0.00 ,0.00 ,0.00 
2017-06,563.72 ,"1,421.05 ",108.60 ,600.82 ,"2,361.80 ",0.00 ,0.00 ,0.00 ,0.00 ,0.00 ,0.00 ,0.00 ,0.00 ,0.00 ,0.00 ,0.00 
2017-07,668.90 ,"1,883.79 ",108.60 ,730.17 ,"3,492.41 ",0.00 ,0.00 ,0.00 ,0.00 ,0.00 ,0.00 ,0.00 ,0.00 ,0.00 ,0.00 ,0.00 
2017-08,782.42 ,"2,588.72 ",108.60 ,859.21 ,"3,828.06 ",0.00 ,0.00 ,0.00 ,0.00 ,0.00 ,0.00 ,0.00 ,0.00 ,0.00 ,0.00 ,0.00 
2017-09,822.58 ,"3,098.25 ",217.50 ,970.10 ,"4,231.01 ",0.00 ,0.00 ,0.00 ,0.00 ,0.00 ,0.00 ,0.00 ,0.00 ,0.00 ,0.00 ,0.00 
2017-10,892.93 ,"3,321.03 ",217.50 ,"1,070.07 ","4,480.06 ",0.00 ,0.00 ,0.00 ,0.00 ,0.00 ,0.00 ,0.00 ,0.00 ,0.00 ,0.00 ,0.00 
2017-11,"1,027.11 ","3,925.35 ",217.50 ,"1,251.53 ","4,864.90 ",0.00 ,0.00 ,0.00 ,0.00 ,0.00 ,0.00 ,0.00 ,0.00 ,0.00 ,0.00 ,0.00 
2017-12,"1,287.50 ","4,577.81 ",217.50 ,"1,951.67 ","5,337.52 ","3,504.00 ",571.00 ,"177,703.00 ","34,119.00 ","110,604.00 ","3,582.00 ","16,367.00 ",0.00 ,"98,130.00 ","7,570.00 ",0.00 
2018-02,68.00 ,589.00 ,113.00 ,499.00 ,"1,087.00 ",0.00 ,0.00 ,0.00 ,0.00 ,0.00 ,0.00 ,0.00 ,0.00 ,0.00 ,0.00 ,"10,517.00 "
2018-03,77.00 ,639.00 ,113.00 ,526.00 ,"1,136.00 ",0.00 ,0.00 ,0.00 ,0.00 ,0.00 ,0.00 ,0.00 ,0.00 ,0.00 ,0.00 ,"13,847.00 "
2018-04,135.00 ,876.00 ,113.00 ,534.00 ,"1,294.00 ",0.00 ,0.00 ,0.00 ,0.00 ,0.00 ,0.00 ,0.00 ,0.00 ,0.00 ,0.00 ,"14,094.00 "
2018-05,148.00 ,980.00 ,113.00 ,630.00 ,"1,517.00 ",0.00 ,0.00 ,0.00 ,0.00 ,0.00 ,0.00 ,0.00 ,0.00 ,0.00 ,0.00 ,"14,232.00 "
2018-06,249.00 ,"1,515.00 ",113.00 ,753.00 ,"2,581.00 ",0.00 ,0.00 ,0.00 ,0.00 ,0.00 ,0.00 ,0.00 ,0.00 ,0.00 ,0.00 ,"15,368.00 "
2018-07,479.00 ,"1,880.00 ",221.00 ,946.00 ,"3,127.00 ",0.00 ,0.00 ,0.00 ,0.00 ,0.00 ,0.00 ,0.00 ,0.00 ,0.00 ,0.00 ,"15,947.00 "
2018-08,576.00 ,"2,118.00 ",221.00 ,"1,026.00 ","3,303.00 ",0.00 ,0.00 ,0.00 ,0.00 ,0.00 ,0.00 ,0.00 ,0.00 ,0.00 ,0.00 ,"16,054.00 "
2018-09,666.00 ,"2,379.00 ",346.00 ,"1,261.00 ","3,452.00 ",0.00 ,0.00 ,0.00 ,0.00 ,0.00 ,0.00 ,0.00 ,0.00 ,0.00 ,0.00 ,"16,321.00 "
2018-10,708.00 ,"2,698.00 ",471.00 ,"1,447.00 ","3,651.00 ",0.00 ,0.00 ,0.00 ,0.00 ,0.00 ,0.00 ,0.00 ,0.00 ,0.00 ,0.00 ,"16,600.00 "
2018-11,713.00 ,"3,017.00 ",596.00 ,"1,720.00 ","3,822.00 ",0.00 ,0.00 ,0.00 ,0.00 ,0.00 ,0.00 ,0.00 ,0.00 ,0.00 ,0.00 ,"16,764.00 "
2018-12,854.00 ,"4,119.00 ",884.00 ,"2,100.00 ","4,473.00 ","3,056.00 ",884.00 ,"190,012.00 ","35,259.00 ","114,408.00 ","4,466.00 ","18,427.00 ",0.00 ,"100,835.00 ","8,375.00 ","17,463.00 "
2019-02,27.00 ,548.00 ,125.00 ,141.00 ,349.00 ,0.00 ,0.00 ,0.00 ,0.00 ,0.00 ,0.00 ,0.00 ,0.00 ,0.00 ,0.00 ,"17,875.00 "
2019-03,29.00 ,661.00 ,125.00 ,478.00 ,495.00 ,0.00 ,0.00 ,0.00 ,0.00 ,0.00 ,0.00 ,0.00 ,0.00 ,0.00 ,0.00 ,"17,962.00 "
2019-04,74.00 ,"1,037.00 ",125.00 ,550.00 ,550.00 ,617.00 ,312.00 ,0.00 ,0.00 ,0.00 ,0.00 ,0.00 ,0.00 ,0.00 ,0.00 ,"18,056.00 "
2019-05,128.00 ,"1,176.00 ",125.00 ,688.00 ,802.00 ,0.00 ,0.00 ,0.00 ,0.00 ,0.00 ,0.00 ,0.00 ,0.00 ,0.00 ,0.00 ,"18,203.00 "
2019-06,182.00 ,"1,693.00 ",125.00 ,909.00 ,"1,164.00 ",0.00 ,0.00 ,0.00 ,0.00 ,0.00 ,0.00 ,0.00 ,0.00 ,0.00 ,0.00 ,"18,576.00 "
2019-07,247.00 ,"1,854.00 ",234.00 ,"1,027.00 ","1,346.00 ","1,128.00 ",521.00 ,0.00 ,0.00 ,0.00 ,0.00 ,0.00 ,0.00 ,0.00 ,0.00 ,"18,739.00 "
2019-08,261.00 ,"2,049.00 ",234.00 ,"1,109.00 ","1,495.00 ",0.00 ,0.00 ,0.00 ,0.00 ,0.00 ,0.00 ,0.00 ,0.00 ,0.00 ,0.00 ,"18,864.00 "
2019-09,280.00 ,"2,847.00 ",409.00 ,"1,308.00 ","1,612.00 ",0.00 ,0.00 ,0.00 ,0.00 ,0.00 ,0.00 ,0.00 ,0.00 ,0.00 ,0.00 ,"19,047.00 "
2019-10,292.00 ,"3,237.00 ",409.00 ,"1,466.00 ","1,714.00 ",0.00 ,0.00 ,0.00 ,0.00 ,0.00 ,0.00 ,0.00 ,0.00 ,0.00 ,0.00 ,"19,194.00 "
2019-11,338.00 ,"3,418.00 ",409.00 ,"1,646.00 ","1,796.00 ","2,420.00 ",580.00 ,0.00 ,0.00 ,0.00 ,0.00 ,0.00 ,0.00 ,0.00 ,0.00 ,"19,335.00 "
2019-12,445.00 ,"4,423.00 ",409.00 ,"2,572.00 ","2,652.00 ","3,236.00 ",630.00 ,"201,006.00 ","35,804.00 ","118,957.00 ","4,874.00 ","20,915.00 ",0.00 ,"104,063.00 ","9,024.00 ","20,468.00 "
2020-02,62.00 ,517.00 ,0.00 ,99.00 ,107.00 ,334.00 ,97.00 ,0.00 ,0.00 ,0.00 ,0.00 ,0.00 ,0.00 ,0.00 ,0.00 ,"20,884.00 "
2020-03,70.00 ,702.00 ,0.00 ,236.00 ,342.00 ,475.00 ,107.00 ,0.00 ,0.00 ,0.00 ,0.00 ,0.00 ,0.00 ,0.00 ,0.00 ,"20,905.00 "
2020-04,114.00 ,"1,078.00 ",0.00 ,355.00 ,456.00 ,694.00 ,203.00 ,0.00 ,0.00 ,0.00 ,0.00 ,0.00 ,0.00 ,0.00 ,0.00 ,"20,990.00 "
2020-05,173.00 ,"1,241.00 ",0.00 ,490.00 ,615.00 ,820.00 ,204.00 ,0.00 ,0.00 ,0.00 ,0.00 ,0.00 ,0.00 ,0.00 ,0.00 ,"21,133.00 "
2020-06,412.00 ,"1,632.00 ",0.00 ,632.00 ,"1,015.00 ","1,025.00 ",346.00 ,"205,073.00 ","36,100.00 ","120,774.00 ","4,877.00 ","21,675.00 ","33,041.00 ","105,222.00 ","9,371.00 ","21,633.00 "
2020-07,657.00 ,"2,580.00 ",0.00 ,856.00 ,"1,309.00 ","1,905.00 ",393.00 ,"206,818.00 ","36,363.00 ","121,823.00 ","4,877.00 ","21,806.00 ","33,304.00 ","106,133.00 ","9,483.00 ","21,934.00 "
2020-08,800.00 ,"2,832.00 ",0.00 ,"1,004.00 ","1,517.00 ","2,086.00 ",441.00 ,"207,481.00 ","36,440.00 ","121,979.00 ","4,877.00 ","22,074.00 ","33,351.00 ","106,219.00 ","9,531.00 ","22,084.00 "
2020-09,827.00 ,"3,183.00 ",112.00 ,"1,306.00 ","1,771.00 ","2,269.00 ",507.00 ,"208,783.00 ","36,520.00 ","122,506.00 ","4,989.00 ","22,391.00 ","33,431.00 ","106,547.00 ","9,637.00 ","22,347.00 "
2020-10,889.00 ,"3,496.00 ",112.00 ,"1,829.00 ","2,188.00 ","2,423.00 ",574.00 ,"210,370.00 ","36,577.00 ","122,982.00 ","4,989.00 ","22,983.00 ","33,458.00 ","106,865.00 ","9,713.00 ","22,809.00 "
2020-11,"1,079.00 ","3,934.00 ",112.00 ,"2,462.00 ","2,590.00 ","2,724.00 ",620.00 ,"212,072.00 ","36,773.00 ","123,481.00 ","4,989.00 ","23,626.00 ","33,654.00 ","107,240.00 ","9,751.00 ","23,173.00 "
2020-12,"1,313.00 ","5,660.00 ",112.00 ,"7,211.00 ","4,820.00 ","4,030.00 ",824.00 ,"220,058.00 ","37,016.00 ","124,517.00 ","4,989.00 ","28,153.00 ",0.00 ,"107,992.00 ","9,802.00 ","25,343.00 "
2021-02,85.00 ,668.00 ,115.00 ,357.00 ,325.00 ,363.00 ,80.00 ,"221,957.00 ","37,026.00 ","125,602.00 ","5,104.00 ","28,456.00 ","33,847.00 ","108,402.00 ","10,204.00 ","25,737.00 "
2021-03,109.00 ,"1,060.00 ",115.00 ,526.00 ,533.00 ,477.00 ,295.00 ,"222,850.00 ","37,132.00 ","126,000.00 ","5,104.00 ","28,661.00 ","33,953.00 ","108,527.00 ","10,420.00 ","25,913.00 "
2021-04,152.00 ,"1,328.00 ",115.00 ,660.00 ,708.00 ,659.00 ,299.00 ,"223,483.00 ","37,330.00 ","126,161.00 ","5,104.00 ","28,744.00 ","34,151.00 ","108,474.00 ","10,528.00 ","26,097.00 "
2021-05,367.00 ,"1,484.00 ",115.00 ,779.00 ,991.00 ,704.00 ,345.00 ,"224,132.00 ","37,382.00 ","126,389.00 ","5,104.00 ","28,852.00 ","34,167.00 ","108,603.00 ","10,574.00 ","26,358.00 "
2021-06,812.00 ,"1,757.00 ",227.00 ,"1,084.00 ","1,301.00 ",933.00 ,349.00 ,"225,660.00 ","37,785.00 ","126,658.00 ","5,216.00 ","29,192.00 ","34,571.00 ","108,801.00 ","10,588.00 ","26,761.00 "
2021-07,"1,173.00 ","2,247.00 ",340.00 ,"1,257.00 ","1,794.00 ","1,262.00 ",362.00 ,"227,206.00 ","38,143.00 ","127,263.00 ","5,326.00 ","29,310.00 ","34,894.00 ","109,201.00 ","10,638.00 ","27,110.00 "
2021-08,"1,273.00 ","2,894.00 ",340.00 ,"1,463.00 ","2,205.00 ","1,670.00 ",519.00 ,"228,254.00 ","38,213.00 ","127,611.00 ","5,326.00 ","29,532.00 ","34,964.00 ","109,487.00 ","10,656.00 ","27,505.00 "
2021-09,"1,436.00 ","3,246.00 ",340.00 ,"1,643.00 ","2,556.00 ","1,902.00 ",519.00 ,"229,483.00 ","38,353.00 ","128,183.00 ","5,326.00 ","29,727.00 ","35,034.00 ","109,970.00 ","10,657.00 ","27,835.00 "
2021-10,"1,682.00 ","3,651.00 ",340.00 ,"1,919.00 ","2,931.00 ","2,188.00 ",568.00 ,"230,304.00 ","38,452.00 ","128,289.00 ","5,326.00 ","29,963.00 ","35,073.00 ","109,981.00 ","10,701.00 ","28,214.00 "
2021-11,"1,938.00 ","3,993.00 ",340.00 ,"2,470.00 ","3,483.00 ","2,436.00 ",578.00 ,"232,100.00 ","38,798.00 ","128,681.00 ","5,326.00 ","30,486.00 ","35,384.00 ","110,286.00 ","10,704.00 ","28,747.00 "
2021-12,"2,349.00 ","4,628.00 ",340.00 ,"4,757.00 ","5,493.00 ","2,805.00 ",639.00 ,"237,692.00 ","39,092.00 ","129,678.00 ","5,326.00 ","32,848.00 ",0.00 ,"110,901.00 ","10,859.00 ","30,656.00 "
2022-02,194.00 ,473.00 ,0.00 ,573.00 ,"1,086.00 ",250.00 ,35.00 ,"239,397.00 ","39,248.00 ","129,681.00 ","5,328.00 ","33,442.00 ","35,519.00 ","110,628.00 ","10,809.00 ","31,581.00 "
2022-03,343.00 ,581.00 ,116.00 ,790.00 ,"1,321.00 ",274.00 ,15.00 ,"240,367.00 ","39,427.00 ","129,872.00 ","5,443.00 ","33,652.00 ","35,603.00 ","110,723.00 ","10,858.00 ","31,855.00 "
2022-04,500.00 ,938.00 ,116.00 ,958.00 ,"1,688.00 ",541.00 ,73.00 ,"241,247.00 ","39,555.00 ","130,033.00 ","5,443.00 ","33,826.00 ","35,626.00 ","110,821.00 ","10,870.00 ","32,257.00 "
2022-05,711.00 ,978.00 ,116.00 ,"1,082.00 ","2,371.00 ",544.00 ,74.00 ,"242,087.00 ","39,647.00 ","130,136.00 ","5,443.00 ","33,936.00 ","35,683.00 ","110,812.00 ","10,934.00 ","32,789.00 "
2022-06,941.00 ,"1,320.00 ",228.00 ,"1,294.00 ","3,088.00 ",732.00 ,93.00 ,"244,101.00 ","39,999.00 ","130,496.00 ","5,553.00 ","34,224.00 ","35,840.00 ","111,002.00 ","11,001.00 ","33,677.00 "
2022-07,"1,067.00 ","1,835.00 ",228.00 ,"1,493.00 ","3,773.00 ","1,018.00 ",260.00 ,"245,517.00 ","40,154.00 ","130,937.00 ","5,553.00 ","34,370.00 ","35,865.00 ","111,040.00 ","11,171.00 ","34,351.00 "
2022-08,"1,306.00 ","1,983.00 ",228.00 ,"1,614.00 ","4,447.00 ","1,120.00 ",262.00 ,"246,631.00 ","40,307.00 ","131,153.00 ","5,553.00 ","34,450.00 ","35,998.00 ","111,182.00 ","11,250.00 ","34,990.00 "
2022-09,"1,590.00 ","2,358.00 ",228.00 ,"1,924.00 ","5,260.00 ","1,193.00 ",397.00 ,"248,328.00 ","40,576.00 ","131,374.00 ","5,553.00 ","34,767.00 ","36,237.00 ","111,295.00 ","11,257.00 ","35,864.00 "
2022-10,"1,774.00 ","2,733.00 ",228.00 ,"2,114.00 ","5,824.00 ","1,491.00 ",404.00 ,"249,518.00 ","40,751.00 ","131,632.00 ","5,553.00 ","34,939.00 ","36,352.00 ","111,488.00 ","11,250.00 ","36,444.00 "
2022-11,"2,060.00 ","3,333.00 ",228.00 ,"2,252.00 ","6,571.00 ","1,869.00 ",525.00 ,"251,060.00 ","41,013.00 ","131,983.00 ","5,553.00 ","35,096.00 ","36,584.00 ","111,660.00 ","11,355.00 ","37,202.34 "
2022-12,"2,387.00 ","4,471.00 ",228.00 ,"3,763.00 ","8,741.00 ","2,823.00 ",634.00 ,"256,405.00 ","41,350.00 ","133,239.00 ","5,553.00 ","36,544.00 ",0.00 ,"112,427.00 ","11,485.00 ","39,261.00 "
2023-02,123.00 ,570.00 ,0.00 ,584.00 ,"2,037.00 ",0.00 ,0.00 ,"259,993.00 ","41,425.00 ","133,786.00 ","5,557.00 ","37,126.00 ",0.00 ,0.00 ,0.00 ,"41,304.00 "
2023-03,271.00 ,805.00 ,119.00 ,"1,040.00 ","3,366.00 ",484.00 ,131.00 ,"262,342.00 ","41,546.00 ","134,019.00 ","5,676.00 ","37,573.00 ","36,847.00 ","112,932.00 ","11,660.00 ","42,596.00 "
2023-04,355.00 ,"1,266.00 ",119.00 ,"1,420.00 ","4,831.00 ",867.00 ,146.00 ,"264,893.00 ","41,633.00 ","134,489.00 ","5,676.00 ","37,966.00 ","36,874.00 ","113,249.00 ","11,750.00 ","44,057.00 "
2023-05,434.00 ,"2,202.00 ",119.00 ,"1,636.00 ","6,121.00 ","1,522.00 ",340.00 ,"267,240.00 ","41,700.00 ","135,095.00 ","5,676.00 ","38,260.00 ","36,881.00 ","113,679.00 ","11,871.00 ","45,399.00 "
2023-06,536.00 ,"2,602.00 ",119.00 ,"2,299.00 ","7,842.00 ","1,838.00 ",350.00 ,"270,772.00 ","41,793.00 ","135,698.00 ","5,676.00 ","38,921.00 ","36,914.00 ","114,103.00 ","11,974.00 ","47,073.00 "
2023-07,554.00 ,"3,227.00 ",119.00 ,"2,631.00 ","9,716.00 ","2,240.00 ",497.00 ,"273,974.00 ","41,812.00 ","136,353.00 ","5,676.00 ","39,291.00 ","36,933.00 ","114,652.00 ","12,028.00 ","49,088.00 "
2023-08,721.00 ,"3,429.00 ",119.00 ,"2,892.00 ","11,316.00 ","2,323.00 ",571.00 ,"276,153.00 ","41,893.00 ","136,606.00 ","5,676.00 ","39,537.00 ","36,954.00 ","114,802.00 ","12,101.00 ","50,548.00 "
2023-09,788.00 ,"3,944.00 ",119.00 ,"3,348.00 ","12,894.00 ","2,733.00 ",632.00 ,"279,124.00 ","41,949.00 ","137,262.00 ","5,676.00 ","40,021.00 ","36,980.00 ","115,348.00 ","12,169.00 ","52,108.00 "
2023-10,844.00 ,"4,372.00 ",119.00 ,"3,731.00 ","14,256.00 ","2,986.00 ",693.00 ,"281,274.00 ","42,023.00 ","137,350.00 ","5,676.00 ","40,400.00 ","37,019.00 ","115,197.00 ","12,281.00 ","53,576.00 "
2023-11,939.00 ,"4,655.00 ",119.00 ,"4,139.00 ","16,388.00 ","3,236.00 ",694.00 ,"285,336.00 ","42,134.00 ","137,884.00 ","5,676.00 ","41,283.00 ","37,070.00 ","115,687.00 ","12,283.00 ","55,762.16 "
2023-12,"1,034.00 ","6,567.00 ",139.00 ,"7,566.00 ","21,602.00 ","4,774.00 ","1,012.00 ","291,965.00 ","42,154.00 ","139,032.00 ","5,691.00 ","44,134.00 ",0.00 ,"116,493.00 ","12,562.00 ","60,949.00 "
2024-02,103.00 ,508.00 ,0.00 ,989.00 ,"3,672.00 ",302.00 ,74.00 ,"297,185.00 ","42,246.00 ","139,420.00 ","5,691.00 ","45,035.00 ","37,057.00 ","116,751.00 ","12,625.00 ","64,788.00 "
2024-03,181.00 ,639.00 ,0.00 ,"1,550.00 ","4,574.00 ",299.00 ,141.00 ,"299,371.00 ","42,340.00 ","139,666.00 ","5,691.00 ","45,664.00 ","37,086.00 ","116,830.00 ","12,709.00 ","66,005.00 "
2024-04,272.00 ,916.00 ,0.00 ,"1,684.00 ","6,011.00 ",471.00 ,191.00 ,"300,963.00 ","42,515.00 ","139,802.00 ","5,691.00 ","45,803.00 ","37,231.00 ","116,887.00 ","12,694.00 ","67,147.00 "
2024-05,344.00 ,"1,210.00 ",119.00 ,"1,976.00 ","7,915.00 ",537.00 ,357.00 ,"303,733.00 ","42,604.00 ","140,113.00 ","5,808.00 ","46,104.00 ","37,225.00 ","116,848.00 ","12,994.00 ","69,098.00 "
2024-06,499.00 ,"1,825.00 ",119.00 ,"2,584.00 ","10,248.00 ",735.00 ,734.00 ,"307,061.00 ","42,715.00 ","140,512.00 ","5,808.00 ","46,671.00 ","37,276.00 ","116,885.00 ","13,333.00 ","71,350.00 "
2024-07,584.00 ,"2,438.00 ",119.00 ,"2,991.00 ","12,353.00 ","1,112.00 ",943.00 ,"310,320.00 ","42,835.00 ","141,061.00 ","5,808.00 ","47,053.00 ","37,366.00 ","117,202.00 ","13,540.00 ","73,557.00 "
2024-08,658.00 ,"2,859.00 ",119.00 ,"3,361.00 ","13,999.00 ","1,296.00 ","1,095.00 ","312,764.00 ","42,867.00 ","141,445.00 ","5,808.00 ","47,403.00 ","37,368.00 ","117,516.00 ","13,585.00 ","75,235.00 "
2024-09,797.00 ,"3,343.00 ",119.00 ,"3,912.00 ","16,088.00 ",0.00 ,0.00 ,"315,976.00 ","43,055.00 ","141,860.00 ","5,808.00 ","47,955.00 ",0.00 ,0.00 ,0.00 ,0.00 
