Wind,,,,,,,,
Country,China,China,China,China,China,China,China,China
Name,China: Coal Consumption Rate of Power Supply: YTD,China: Output: Electricity Production: YTD,China: Output: Thermal Power: YTD,China: Output: Hydropower: YTD,China: Output: Nuclear Power: YTD,China: Output: Solar: YTD,China: Output: Wind Power: YTD,China: Coal Consumption Rate of Power Supply: YoY: % Change
Frequency,Month,Month,Month,Month,Month,Month,Month,Month
Unit,g/kwh,100 million kwh,100 million kwh,100 million kwh,100 million kwh,100 million kwh,100 million kwh,g/kwh
ID,S0048319,S0027014,S0027018,S0027022,S0027026,S0253041,S0253040,S0048337
Source,Wind,National Bureau of Statistics of China,National Bureau of Statistics of China,National Bureau of Statistics of China,National Bureau of Statistics of China,National Bureau of Statistics of China,National Bureau of Statistics of China,Wind
Update,2024-11-22,2024-11-19,2024-11-19,2024-11-19,2024-11-19,2024-11-19,2024-11-19,2024-11-29
1989-02,0.00 ,867.30 ,734.30 ,132.50 ,0.00 ,0.00 ,0.00 ,0.00 
1989-03,0.00 ,"1,332.90 ","1,129.80 ",203.00 ,0.00 ,0.00 ,0.00 ,0.00 
1989-04,0.00 ,"1,804.40 ","1,505.60 ",298.60 ,0.00 ,0.00 ,0.00 ,0.00 
1989-05,0.00 ,"2,300.80 ","1,884.30 ",416.30 ,0.00 ,0.00 ,0.00 ,0.00 
1989-06,0.00 ,"2,798.80 ","2,255.40 ",543.30 ,0.00 ,0.00 ,0.00 ,0.00 
1989-07,0.00 ,"3,287.60 ","2,618.60 ",668.70 ,0.00 ,0.00 ,0.00 ,0.00 
1989-08,0.00 ,"3,793.50 ","3,004.00 ",789.00 ,0.00 ,0.00 ,0.00 ,0.00 
1989-09,0.00 ,"4,277.00 ","3,373.70 ",902.90 ,0.00 ,0.00 ,0.00 ,0.00 
1989-10,0.00 ,"4,771.30 ","3,766.10 ","1,004.80 ",0.00 ,0.00 ,0.00 ,0.00 
1989-11,0.00 ,"5,271.00 ","4,176.40 ","1,093.50 ",0.00 ,0.00 ,0.00 ,0.00 
1989-12,0.00 ,"5,795.70 ","4,623.40 ","1,171.80 ",0.00 ,0.00 ,0.00 ,0.00 
1990-01,0.00 ,479.00 ,413.60 ,65.00 ,0.00 ,0.00 ,0.00 ,0.00 
1990-02,0.00 ,937.20 ,799.10 ,138.10 ,0.00 ,0.00 ,0.00 ,0.00 
1990-03,0.00 ,"1,438.40 ","1,212.30 ",226.10 ,0.00 ,0.00 ,0.00 ,0.00 
1990-04,0.00 ,"1,928.90 ","1,602.80 ",326.00 ,0.00 ,0.00 ,0.00 ,0.00 
1990-05,0.00 ,"2,457.70 ","2,006.80 ",450.80 ,0.00 ,0.00 ,0.00 ,0.00 
1990-06,0.00 ,"2,975.20 ","2,386.90 ",588.30 ,0.00 ,0.00 ,0.00 ,0.00 
1990-07,0.00 ,"3,498.20 ","2,780.70 ",717.10 ,0.00 ,0.00 ,0.00 ,0.00 
1990-08,0.00 ,"4,030.80 ","3,185.30 ",845.50 ,0.00 ,0.00 ,0.00 ,0.00 
1990-09,0.00 ,"4,536.60 ","3,577.70 ",958.90 ,0.00 ,0.00 ,0.00 ,0.00 
1990-10,0.00 ,"5,058.70 ","3,998.40 ","1,060.20 ",0.00 ,0.00 ,0.00 ,0.00 
1990-11,0.00 ,"5,585.70 ","4,428.70 ","1,156.40 ",0.00 ,0.00 ,0.00 ,0.00 
1990-12,0.00 ,"6,146.30 ","4,900.40 ","1,245.30 ",0.00 ,0.00 ,0.00 ,0.00 
1991-01,0.00 ,551.60 ,471.10 ,80.40 ,0.00 ,0.00 ,0.00 ,0.00 
1991-02,0.00 ,"1,025.50 ",878.30 ,147.10 ,0.00 ,0.00 ,0.00 ,0.00 
1991-03,0.00 ,"1,574.80 ","1,344.00 ",230.70 ,0.00 ,0.00 ,0.00 ,0.00 
1991-04,0.00 ,"2,111.90 ","1,785.00 ",326.70 ,0.00 ,0.00 ,0.00 ,0.00 
1991-05,0.00 ,"2,679.30 ","2,228.00 ",451.00 ,0.00 ,0.00 ,0.00 ,0.00 
1991-06,0.00 ,"3,225.90 ","2,647.50 ",577.90 ,0.00 ,0.00 ,0.00 ,0.00 
1991-07,0.00 ,"3,804.40 ","3,087.50 ",716.30 ,0.00 ,0.00 ,0.00 ,0.00 
1991-08,0.00 ,"4,388.60 ","3,539.00 ",849.00 ,0.00 ,0.00 ,0.00 ,0.00 
1991-09,0.00 ,"4,950.30 ","3,985.60 ",964.10 ,0.00 ,0.00 ,0.00 ,0.00 
1991-10,0.00 ,"5,523.60 ","4,453.70 ","1,069.20 ",0.00 ,0.00 ,0.00 ,0.00 
1991-11,0.00 ,"6,102.40 ","4,947.30 ","1,154.20 ",0.00 ,0.00 ,0.00 ,0.00 
1991-12,0.00 ,"6,710.98 ","5,471.40 ","1,241.50 ",0.00 ,0.00 ,0.00 ,0.00 
1992-01,0.00 ,576.70 ,494.80 ,81.50 ,0.00 ,0.00 ,0.00 ,0.00 
1992-02,0.00 ,"1,129.90 ",977.00 ,151.80 ,0.00 ,0.00 ,0.00 ,0.00 
1992-03,0.00 ,"1,745.00 ","1,490.30 ",251.70 ,0.00 ,0.00 ,0.00 ,0.00 
1992-04,0.00 ,"2,337.40 ","1,991.10 ",343.50 ,0.00 ,0.00 ,0.00 ,0.00 
1992-05,0.00 ,"2,953.80 ","2,472.20 ",477.40 ,0.00 ,0.00 ,0.00 ,0.00 
1992-06,0.00 ,"3,588.10 ","2,957.40 ",624.60 ,0.00 ,0.00 ,0.00 ,0.00 
1992-07,0.00 ,"4,238.00 ","3,463.30 ",766.20 ,0.00 ,0.00 ,0.00 ,0.00 
1992-08,0.00 ,"4,878.90 ","3,954.10 ",891.90 ,0.00 ,0.00 ,0.00 ,0.00 
1992-09,0.00 ,"5,491.50 ","4,473.60 ","1,009.60 ",0.00 ,0.00 ,0.00 ,0.00 
1992-10,0.00 ,"6,120.60 ","4,995.60 ","1,116.20 ",0.00 ,0.00 ,0.00 ,0.00 
1992-11,0.00 ,"6,765.30 ","5,543.40 ","1,212.80 ",0.00 ,0.00 ,0.00 ,0.00 
1992-12,0.00 ,"7,446.90 ","6,137.30 ","1,300.20 ",0.00 ,0.00 ,0.00 ,0.00 
1993-01,0.00 ,618.90 ,548.80 ,69.50 ,0.00 ,0.00 ,0.00 ,0.00 
1993-02,0.00 ,"1,234.40 ","1,087.20 ",145.90 ,0.00 ,0.00 ,0.00 ,0.00 
1993-03,0.00 ,"1,914.30 ","1,676.80 ",235.40 ,0.00 ,0.00 ,0.00 ,0.00 
1993-04,0.00 ,"2,568.20 ","2,231.20 ",333.30 ,0.00 ,0.00 ,0.00 ,0.00 
1993-05,0.00 ,"3,248.00 ","2,777.00 ",464.90 ,0.00 ,0.00 ,0.00 ,0.00 
1993-06,0.00 ,"3,929.20 ","3,301.40 ",619.00 ,0.00 ,0.00 ,0.00 ,0.00 
1993-07,0.00 ,"4,636.40 ","3,851.80 ",773.50 ,0.00 ,0.00 ,0.00 ,0.00 
1993-08,0.00 ,"5,337.40 ","4,389.20 ",934.80 ,0.00 ,0.00 ,0.00 ,0.00 
1993-09,0.00 ,"6,009.00 ","4,914.10 ","1,079.60 ",0.00 ,0.00 ,0.00 ,0.00 
1993-10,0.00 ,"6,697.80 ","5,460.40 ","1,219.90 ",0.00 ,0.00 ,0.00 ,0.00 
1993-11,0.00 ,"7,394.90 ","6,028.00 ","1,347.10 ",0.00 ,0.00 ,0.00 ,0.00 
1993-12,0.00 ,"8,158.50 ","6,668.20 ","1,460.00 ",0.00 ,0.00 ,0.00 ,0.00 
1994-01,0.00 ,722.93 ,620.59 ,96.74 ,0.00 ,0.00 ,0.00 ,0.00 
1994-02,0.00 ,"1,367.66 ","1,177.33 ",178.86 ,0.00 ,0.00 ,0.00 ,0.00 
1994-03,0.00 ,"2,128.50 ","1,821.03 ",282.94 ,0.00 ,0.00 ,0.00 ,0.00 
1994-04,0.00 ,"2,857.11 ","2,403.24 ",416.89 ,0.00 ,0.00 ,0.00 ,0.00 
1994-05,0.00 ,"3,613.62 ","2,993.44 ",567.64 ,0.00 ,0.00 ,0.00 ,0.00 
1994-06,0.00 ,"4,373.72 ","3,568.61 ",736.91 ,0.00 ,0.00 ,0.00 ,0.00 
1994-07,0.00 ,"5,134.41 ","4,135.19 ",920.97 ,0.00 ,0.00 ,0.00 ,0.00 
1994-08,0.00 ,"5,927.75 ","4,740.70 ","1,093.87 ",0.00 ,0.00 ,0.00 ,0.00 
1994-09,0.00 ,"6,642.03 ","5,279.68 ","1,251.57 ",0.00 ,0.00 ,0.00 ,0.00 
1994-10,0.00 ,"7,427.71 ","5,896.64 ","1,406.54 ",0.00 ,0.00 ,0.00 ,0.00 
1994-11,0.00 ,"8,250.09 ","6,540.33 ","1,564.33 ",0.00 ,0.00 ,0.00 ,0.00 
1994-12,0.00 ,"9,090.44 ","7,240.04 ","1,703.73 ",0.00 ,0.00 ,0.00 ,0.00 
1995-01,0.00 ,750.80 ,644.73 ,98.82 ,0.00 ,0.00 ,0.00 ,0.00 
1995-02,0.00 ,"1,473.57 ","1,247.37 ",209.86 ,0.00 ,0.00 ,0.00 ,0.00 
1995-03,0.00 ,"2,290.74 ","1,930.92 ",335.25 ,0.00 ,0.00 ,0.00 ,0.00 
1995-04,0.00 ,"3,096.88 ","2,595.13 ",474.42 ,0.00 ,0.00 ,0.00 ,0.00 
1995-05,0.00 ,"3,912.86 ","3,241.86 ",639.21 ,0.00 ,0.00 ,0.00 ,0.00 
1995-06,0.00 ,"4,740.33 ","3,862.77 ",836.18 ,0.00 ,0.00 ,0.00 ,0.00 
1995-07,0.00 ,"5,604.56 ","4,513.21 ","1,035.61 ",0.00 ,0.00 ,0.00 ,0.00 
1995-08,0.00 ,"6,461.98 ","5,142.14 ","1,240.69 ",0.00 ,0.00 ,0.00 ,0.00 
1995-09,0.00 ,"7,289.44 ","5,771.91 ","1,421.51 ",0.00 ,0.00 ,0.00 ,0.00 
1995-10,0.00 ,"8,119.96 ","6,416.18 ","1,593.94 ",0.00 ,0.00 ,0.00 ,0.00 
1995-11,0.00 ,"8,969.19 ","7,108.56 ","1,736.50 ",0.00 ,0.00 ,0.00 ,0.00 
1995-12,0.00 ,"9,860.89 ","7,860.48 ","1,866.01 ",0.00 ,0.00 ,0.00 ,0.00 
1996-01,0.00 ,861.74 ,748.46 ,105.01 ,0.00 ,0.00 ,0.00 ,0.00 
1996-02,0.00 ,"1,621.18 ","1,414.32 ",192.27 ,0.00 ,0.00 ,0.00 ,0.00 
1996-03,0.00 ,"2,486.04 ","2,166.23 ",295.11 ,0.00 ,0.00 ,0.00 ,0.00 
1996-04,0.00 ,"3,335.68 ","2,875.56 ",425.45 ,0.00 ,0.00 ,0.00 ,0.00 
1996-05,0.00 ,"4,221.01 ","3,578.86 ",598.12 ,0.00 ,0.00 ,0.00 ,0.00 
1996-06,0.00 ,"5,108.86 ","4,257.31 ",791.12 ,0.00 ,0.00 ,0.00 ,0.00 
1996-07,0.00 ,"6,013.87 ","4,948.20 ",987.72 ,0.00 ,0.00 ,0.00 ,0.00 
1996-08,0.00 ,"6,930.72 ","5,636.36 ","1,201.14 ",0.00 ,0.00 ,0.00 ,0.00 
1996-09,0.00 ,"7,813.47 ","6,314.04 ","1,389.54 ",0.00 ,0.00 ,0.00 ,0.00 
1996-10,0.00 ,"8,691.39 ","7,008.05 ","1,557.03 ",0.00 ,0.00 ,0.00 ,0.00 
1996-11,0.00 ,"9,587.56 ","7,747.93 ","1,699.36 ",0.00 ,0.00 ,0.00 ,0.00 
1996-12,0.00 ,"10,549.14 ","8,567.06 ","1,830.98 ",0.00 ,0.00 ,0.00 ,0.00 
1997-01,0.00 ,891.38 ,725.09 ,155.34 ,0.00 ,0.00 ,0.00 ,0.00 
1997-02,0.00 ,"1,673.54 ","1,451.38 ",203.46 ,0.00 ,0.00 ,0.00 ,0.00 
1997-03,0.00 ,"2,611.36 ","2,256.28 ",324.92 ,0.00 ,0.00 ,0.00 ,0.00 
1997-04,0.00 ,"3,482.34 ","2,981.21 ",462.85 ,0.00 ,0.00 ,0.00 ,0.00 
1997-05,0.00 ,"4,421.71 ","3,713.13 ",649.56 ,0.00 ,0.00 ,0.00 ,0.00 
1997-06,0.00 ,"5,338.63 ","4,427.16 ",836.11 ,0.00 ,0.00 ,0.00 ,0.00 
1997-07,0.00 ,"6,313.78 ","5,178.54 ","1,045.37 ",0.00 ,0.00 ,0.00 ,0.00 
1997-08,0.00 ,"7,299.62 ","5,947.81 ","1,246.57 ",0.00 ,0.00 ,0.00 ,0.00 
1997-09,0.00 ,"8,211.16 ","6,666.48 ","1,421.87 ",0.00 ,0.00 ,0.00 ,0.00 
1997-10,0.00 ,"9,120.59 ","7,386.26 ","1,595.17 ",0.00 ,0.00 ,0.00 ,0.00 
1997-11,0.00 ,"10,046.76 ","8,157.52 ","1,736.15 ",0.00 ,0.00 ,0.00 ,0.00 
1997-12,0.00 ,"11,045.02 ","8,990.07 ","1,873.37 ",0.00 ,0.00 ,0.00 ,0.00 
1998-01,0.00 ,866.27 ,738.37 ,117.61 ,0.00 ,0.00 ,0.00 ,0.00 
1998-02,0.00 ,"1,692.87 ","1,469.96 ",202.76 ,0.00 ,0.00 ,0.00 ,0.00 
1998-03,0.00 ,"2,664.21 ","2,266.82 ",364.43 ,0.00 ,0.00 ,0.00 ,0.00 
1998-04,0.00 ,"3,569.96 ","3,014.55 ",509.06 ,0.00 ,0.00 ,0.00 ,0.00 
1998-05,0.00 ,"4,486.23 ","3,729.50 ",687.74 ,0.00 ,0.00 ,0.00 ,0.00 
1998-06,0.00 ,"5,409.58 ","4,444.25 ",886.89 ,0.00 ,0.00 ,0.00 ,0.00 
1998-07,0.00 ,"6,369.57 ","5,175.95 ","1,100.21 ",0.00 ,0.00 ,0.00 ,0.00 
1998-08,0.00 ,"7,355.94 ","5,945.78 ","1,306.98 ",0.00 ,0.00 ,0.00 ,0.00 
1998-09,0.00 ,"8,291.26 ","6,682.26 ","1,490.35 ",0.00 ,0.00 ,0.00 ,0.00 
1998-10,0.00 ,"9,232.05 ","7,440.28 ","1,660.23 ",0.00 ,0.00 ,0.00 ,0.00 
1998-11,0.00 ,"10,180.92 ","8,251.64 ","1,790.03 ",0.00 ,0.00 ,0.00 ,0.00 
1998-12,0.00 ,"11,387.52 ","9,290.18 ","1,949.39 ",0.00 ,0.00 ,0.00 ,0.00 
1999-01,0.00 ,"1,101.43 ",877.32 ,109.93 ,0.00 ,0.00 ,0.00 ,0.00 
1999-02,0.00 ,"1,791.72 ","1,588.14 ",184.85 ,0.00 ,0.00 ,0.00 ,0.00 
1999-03,0.00 ,"2,775.82 ","2,446.60 ",299.54 ,0.00 ,0.00 ,0.00 ,0.00 
1999-04,0.00 ,"3,721.14 ","3,269.53 ",407.45 ,0.00 ,0.00 ,0.00 ,0.00 
1999-05,0.00 ,"4,691.02 ","4,040.75 ",590.93 ,0.00 ,0.00 ,0.00 ,0.00 
1999-06,0.00 ,"5,674.37 ","4,801.16 ",796.68 ,0.00 ,0.00 ,0.00 ,0.00 
1999-07,0.00 ,"6,751.58 ","5,625.80 ","1,036.88 ",0.00 ,0.00 ,0.00 ,0.00 
1999-08,0.00 ,"7,819.96 ","6,453.36 ","1,264.38 ",0.00 ,0.00 ,0.00 ,0.00 
1999-09,0.00 ,"8,830.67 ","7,247.66 ","1,464.48 ",0.00 ,0.00 ,0.00 ,0.00 
1999-10,0.00 ,"9,832.00 ","8,052.58 ","1,645.15 ",0.00 ,0.00 ,0.00 ,0.00 
1999-11,0.00 ,"10,830.49 ","8,867.07 ","1,815.56 ",0.00 ,0.00 ,0.00 ,0.00 
1999-12,0.00 ,"11,984.90 ","9,868.69 ","1,967.29 ",0.00 ,0.00 ,0.00 ,0.00 
2000-01,0.00 ,"1,052.32 ",933.49 ,110.24 ,0.00 ,0.00 ,0.00 ,0.00 
2000-02,0.00 ,"2,004.88 ","1,751.07 ",230.79 ,0.00 ,0.00 ,0.00 ,0.00 
2000-03,0.00 ,"2,999.05 ","2,618.74 ",396.00 ,0.00 ,0.00 ,0.00 ,0.00 
2000-04,0.00 ,"4,116.79 ","3,478.98 ",584.63 ,0.00 ,0.00 ,0.00 ,0.00 
2000-05,0.00 ,"5,197.24 ","4,363.13 ",761.74 ,0.00 ,0.00 ,0.00 ,0.00 
2000-06,0.00 ,"6,283.74 ","5,214.16 ",982.25 ,0.00 ,0.00 ,0.00 ,0.00 
2000-07,0.00 ,"7,453.21 ","6,161.05 ","1,187.57 ",0.00 ,0.00 ,0.00 ,0.00 
2000-08,0.00 ,"8,620.85 ","7,083.84 ","1,415.66 ",0.00 ,0.00 ,0.00 ,0.00 
2000-09,0.00 ,"9,727.18 ","7,938.03 ","1,649.40 ",0.00 ,0.00 ,0.00 ,0.00 
2000-10,0.00 ,"10,843.14 ","8,816.23 ","1,871.30 ",0.00 ,0.00 ,0.00 ,0.00 
2000-11,0.00 ,"11,956.16 ","9,731.86 ","2,056.04 ",0.00 ,0.00 ,0.00 ,0.00 
2000-12,0.00 ,"13,256.41 ","10,866.84 ","2,211.73 ",0.00 ,0.00 ,0.00 ,0.00 
2001-01,0.00 ,"1,036.98 ",880.22 ,137.08 ,10.53 ,0.00 ,0.00 ,0.00 
2001-02,0.00 ,"2,210.26 ","1,884.53 ",288.65 ,23.81 ,0.00 ,0.00 ,0.00 
2001-03,0.00 ,"3,397.62 ","2,771.75 ",428.47 ,36.87 ,0.00 ,0.00 ,0.00 
2001-04,0.00 ,"4,384.23 ","3,722.85 ",605.88 ,50.19 ,0.00 ,0.00 ,0.00 
2001-05,0.00 ,"5,560.91 ","4,669.37 ",817.92 ,66.94 ,0.00 ,0.00 ,0.00 
2001-06,0.00 ,"6,766.22 ","5,606.06 ","1,071.74 ",83.66 ,0.00 ,0.00 ,0.00 
2001-07,0.00 ,"8,088.06 ","6,666.39 ","1,317.02 ",99.27 ,0.00 ,0.00 ,0.00 
2001-08,0.00 ,"9,362.34 ","7,676.31 ","1,564.06 ",116.01 ,0.00 ,0.00 ,0.00 
2001-09,0.00 ,"10,568.00 ","8,649.44 ","1,779.71 ",132.26 ,0.00 ,0.00 ,0.00 
2001-10,0.00 ,"11,756.27 ","9,615.67 ","1,984.26 ",148.97 ,0.00 ,0.00 ,0.00 
2001-11,0.00 ,"12,967.94 ","10,609.97 ","2,184.52 ",165.12 ,0.00 ,0.00 ,0.00 
2001-12,0.00 ,"14,808.02 ","11,767.51 ","2,380.42 ",174.72 ,0.00 ,0.00 ,0.00 
2002-01,0.00 ,"1,316.73 ","1,162.64 ",141.22 ,12.12 ,0.00 ,0.00 ,0.00 
2002-02,0.00 ,"2,270.89 ","1,967.65 ",281.80 ,19.81 ,0.00 ,0.00 ,0.00 
2002-03,0.00 ,"3,508.20 ","3,060.57 ",413.33 ,31.79 ,0.00 ,0.00 ,0.00 
2002-04,0.00 ,"4,769.39 ","4,124.71 ",596.20 ,44.71 ,0.00 ,0.00 ,0.00 
2002-05,0.00 ,"6,058.18 ","5,165.73 ",826.43 ,61.00 ,0.00 ,0.00 ,0.00 
2002-06,0.00 ,"7,414.44 ","6,229.01 ","1,087.11 ",92.28 ,0.00 ,0.00 ,0.00 
2002-07,0.00 ,"8,894.65 ","7,415.69 ","1,356.29 ",115.75 ,0.00 ,0.00 ,0.00 
2002-08,0.00 ,"10,332.27 ","8,544.46 ","1,636.19 ",143.76 ,0.00 ,0.00 ,0.00 
2002-09,0.00 ,"11,758.86 ","9,644.73 ","1,875.74 ",172.96 ,0.00 ,0.00 ,0.00 
2002-10,0.00 ,"13,087.95 ","10,779.56 ","2,097.87 ",200.69 ,0.00 ,0.00 ,0.00 
2002-11,0.00 ,"14,476.73 ","11,945.11 ","2,289.42 ",231.04 ,0.00 ,0.00 ,0.00 
2002-12,0.00 ,"16,540.00 ","13,287.64 ","2,879.74 ",259.05 ,0.00 ,0.00 ,0.00 
2003-01,0.00 ,"1,375.54 ","1,190.35 ",150.98 ,32.49 ,0.00 ,0.00 ,0.00 
2003-02,0.00 ,"2,462.38 ","2,104.72 ",289.24 ,59.53 ,0.00 ,0.00 ,0.00 
2003-03,0.00 ,"4,088.84 ","3,554.07 ",437.66 ,93.30 ,0.00 ,0.00 ,0.00 
2003-04,0.00 ,"5,523.55 ","4,777.45 ",622.22 ,119.26 ,0.00 ,0.00 ,0.00 
2003-05,377.00 ,"6,975.54 ","5,965.97 ",857.56 ,146.03 ,0.00 ,0.00 ,-4.00 
2003-06,378.00 ,"8,521.61 ","7,208.27 ","1,122.87 ",183.27 ,0.00 ,0.00 ,-4.00 
2003-07,375.00 ,"10,227.58 ","8,586.35 ","1,405.51 ",227.68 ,0.00 ,0.00 ,-4.00 
2003-08,378.00 ,"11,927.19 ","9,982.30 ","1,670.45 ",265.38 ,0.00 ,0.00 ,-4.00 
2003-09,379.00 ,"13,527.41 ","11,258.18 ","1,951.00 ",308.70 ,0.00 ,0.00 ,-4.00 
2003-10,379.00 ,"15,121.27 ","12,558.60 ","2,193.83 ",357.62 ,0.00 ,0.00 ,-4.00 
2003-11,378.00 ,"16,758.75 ","13,955.52 ","2,391.78 ",398.85 ,0.00 ,0.00 ,-4.00 
2003-12,0.00 ,"19,105.75 ","15,421.26 ","2,836.81 ",433.42 ,0.00 ,0.00 ,0.00 
2004-01,0.00 ,"1,479.69 ","1,289.97 ",138.97 ,37.79 ,0.00 ,0.00 ,0.00 
2004-02,375.00 ,"3,068.15 ","2,697.60 ",281.17 ,74.73 ,0.00 ,0.00 ,-2.00 
2004-03,372.00 ,"4,793.62 ","4,198.54 ",455.83 ,112.18 ,0.00 ,0.00 ,-5.00 
2004-04,376.00 ,"6,473.14 ","5,611.30 ",682.27 ,149.14 ,0.00 ,0.00 ,-1.00 
2004-05,378.00 ,"8,175.68 ","6,991.96 ",961.93 ,185.93 ,0.00 ,0.00 ,1.00 
2004-06,380.00 ,"9,908.51 ","8,360.78 ","1,279.32 ",226.33 ,0.00 ,0.00 ,2.00 
2004-07,380.00 ,"11,825.78 ","9,945.27 ","1,591.03 ",270.30 ,0.00 ,0.00 ,2.00 
2004-08,380.00 ,"13,748.37 ","11,478.42 ","1,925.96 ",320.24 ,0.00 ,0.00 ,2.00 
2004-09,381.00 ,"15,574.78 ","12,922.39 ","2,256.84 ",369.86 ,0.00 ,0.00 ,2.00 
2004-10,382.00 ,"17,430.92 ","14,429.02 ","2,551.74 ",421.78 ,0.00 ,0.00 ,3.00 
2004-11,381.00 ,"19,271.30 ","15,966.57 ","2,808.53 ",461.27 ,0.00 ,0.00 ,3.00 
2004-12,379.00 ,"22,033.09 ","17,701.71 ","3,535.44 ",500.07 ,0.00 ,0.00 ,-1.00 
2005-01,0.00 ,"1,914.89 ","1,650.49 ",181.41 ,47.76 ,0.00 ,0.00 ,0.00 
2005-02,366.00 ,"3,501.35 ","3,028.76 ",346.83 ,88.09 ,0.00 ,0.00 ,-2.00 
2005-03,366.00 ,"5,449.28 ","4,730.85 ",553.82 ,129.34 ,0.00 ,0.00 ,-3.00 
2005-04,365.00 ,"7,299.53 ","6,279.02 ",807.76 ,170.30 ,0.00 ,0.00 ,-5.00 
2005-05,367.00 ,"9,254.80 ","7,829.12 ","1,157.22 ",215.13 ,0.00 ,0.00 ,-5.00 
2005-06,367.00 ,"11,286.32 ","9,406.34 ","1,557.31 ",259.19 ,0.00 ,0.00 ,-7.00 
2005-07,368.00 ,"13,488.04 ","11,148.20 ","1,960.16 ",307.35 ,0.00 ,0.00 ,-6.00 
2005-08,367.00 ,"15,664.24 ","12,874.59 ","2,350.14 ",357.65 ,0.00 ,0.00 ,-8.00 
2005-09,368.00 ,"17,739.83 ","14,505.93 ","2,736.03 ",405.72 ,0.00 ,0.00 ,-7.00 
2005-10,367.00 ,"19,750.86 ","16,109.76 ","3,089.85 ",448.65 ,0.00 ,0.00 ,-7.00 
2005-11,367.00 ,"21,801.90 ","17,812.17 ","3,389.44 ",487.86 ,0.00 ,0.00 ,-5.00 
2005-12,374.00 ,"25,002.60 ","20,473.36 ","3,970.17 ",530.88 ,0.00 ,0.00 ,-2.00 
2006-01,0.00 ,"2,063.40 ","1,754.83 ",250.08 ,41.15 ,0.00 ,0.00 ,0.00 
2006-02,361.00 ,"4,025.40 ","3,424.32 ",488.52 ,82.55 ,0.00 ,0.00 ,-4.00 
2006-03,364.00 ,"6,068.26 ","5,269.63 ",642.26 ,125.66 ,0.00 ,0.00 ,0.00 
2006-04,361.00 ,"8,175.29 ","7,049.53 ",927.01 ,166.60 ,0.00 ,0.00 ,-6.00 
2006-05,365.00 ,"10,357.17 ","8,817.95 ","1,289.29 ",212.25 ,0.00 ,0.00 ,-2.00 
2006-06,362.00 ,"12,686.69 ","10,646.88 ","1,745.51 ",255.80 ,0.00 ,0.00 ,-6.00 
2006-07,364.00 ,"15,191.04 ","12,674.85 ","2,180.46 ",306.05 ,0.00 ,0.00 ,-5.00 
2006-08,363.00 ,"17,832.45 ","14,876.38 ","2,557.86 ",357.20 ,0.00 ,0.00 ,-5.00 
2006-09,363.00 ,"20,111.16 ","16,795.48 ","2,880.71 ",402.34 ,0.00 ,0.00 ,-4.00 
2006-10,364.00 ,"22,452.01 ","18,748.35 ","3,239.55 ",444.11 ,0.00 ,0.00 ,-6.00 
2006-11,364.00 ,"24,897.94 ","20,853.99 ","3,514.91 ",487.73 ,0.00 ,0.00 ,-5.00 
2006-12,366.00 ,"27,557.46 ","23,188.78 ","3,783.19 ",534.40 ,0.00 ,0.00 ,-4.00 
2007-01,0.00 ,"2,512.38 ","2,239.04 ",216.62 ,40.25 ,0.00 ,0.00 ,0.00 
2007-02,359.00 ,"4,479.66 ","3,958.82 ",416.27 ,75.99 ,0.00 ,0.00 ,-7.00 
2007-03,355.72 ,"7,011.71 ","6,195.27 ",667.54 ,116.75 ,0.00 ,0.00 ,-9.00 
2007-04,354.00 ,"9,507.29 ","8,330.90 ",957.81 ,159.00 ,0.00 ,0.00 ,-9.00 
2007-05,355.00 ,"12,082.44 ","10,542.08 ","1,293.27 ",197.60 ,0.00 ,0.00 ,-9.00 
2007-06,356.00 ,"14,850.31 ","12,777.30 ","1,751.68 ",265.30 ,0.00 ,0.00 ,-8.00 
2007-07,355.00 ,"17,849.45 ","15,230.47 ","2,240.48 ",326.50 ,0.00 ,0.00 ,-10.00 
2007-08,354.00 ,"20,860.94 ","17,638.58 ","2,771.00 ",390.50 ,0.00 ,0.00 ,-10.00 
2007-09,355.00 ,"23,702.41 ","19,873.70 ","3,307.01 ",452.10 ,0.00 ,0.00 ,-10.00 
2007-10,355.00 ,"26,432.87 ","22,096.49 ","3,735.86 ",510.20 ,0.00 ,0.00 ,-10.00 
2007-11,353.00 ,"29,194.80 ","24,471.44 ","4,052.58 ",565.90 ,0.00 ,0.00 ,-11.00 
2007-12,357.00 ,"32,086.84 ","27,012.55 ","4,343.26 ",621.30 ,0.00 ,0.00 ,0.00 
2008-01,0.00 ,"2,831.52 ","2,497.43 ",249.70 ,53.10 ,0.00 ,0.00 ,0.00 
2008-02,346.00 ,"5,169.28 ","4,527.26 ",478.64 ,105.30 ,0.00 ,0.00 ,-12.00 
2008-03,346.00 ,"8,051.27 ","7,073.37 ",751.18 ,163.60 ,0.00 ,0.00 ,-9.00 
2008-04,347.00 ,"10,909.76 ","9,498.10 ","1,125.13 ",223.80 ,0.00 ,0.00 ,-7.00 
2008-05,347.00 ,"13,881.93 ","11,920.61 ","1,597.76 ",278.70 ,0.00 ,0.00 ,-7.00 
2008-06,346.00 ,"16,803.19 ","14,149.83 ","2,148.74 ",329.20 ,0.00 ,0.00 ,-9.00 
2008-07,347.00 ,"20,062.81 ","16,800.35 ","2,761.33 ",388.70 ,0.00 ,0.00 ,-8.00 
2008-08,347.00 ,"23,229.30 ","19,201.62 ","3,399.48 ",453.90 ,0.00 ,0.00 ,-7.00 
2008-09,346.90 ,"26,072.18 ","21,425.85 ","3,983.88 ",509.70 ,0.00 ,0.00 ,-7.00 
2008-10,347.00 ,"28,704.74 ","23,547.50 ","4,426.70 ",573.50 ,0.00 ,0.00 ,-7.00 
2008-11,346.00 ,"31,292.70 ","25,582.60 ","4,904.13 ",627.20 ,0.00 ,0.00 ,-6.00 
2008-12,345.00 ,"34,046.96 ","27,857.37 ","5,276.88 ",683.90 ,0.00 ,0.00 ,-7.00 
2009-01,356.99 ,"2,433.57 ","2,045.99 ",303.94 ,40.50 ,0.00 ,0.00 ,0.00 
2009-02,338.00 ,"4,882.94 ","4,082.61 ",610.52 ,98.10 ,0.00 ,0.00 ,-7.00 
2009-03,338.00 ,"7,797.03 ","6,544.46 ",961.80 ,139.50 ,0.00 ,0.00 ,-7.00 
2009-04,338.91 ,"10,491.60 ","8,728.86 ","1,370.55 ",218.80 ,0.00 ,0.00 ,-7.00 
2009-05,339.45 ,"13,328.38 ","10,929.00 ","1,906.20 ",272.90 ,0.00 ,0.00 ,-8.00 
2009-06,340.00 ,"16,441.46 ","13,392.16 ","2,484.26 ",325.20 ,0.00 ,0.00 ,-7.00 
2009-07,340.64 ,"19,780.35 ","16,031.71 ","3,127.22 ",390.80 ,0.00 ,0.00 ,-6.00 
2009-08,341.00 ,"23,293.17 ","18,748.58 ","3,818.97 ",453.90 ,0.00 ,0.00 ,-6.00 
2009-09,341.00 ,"26,510.89 ","21,302.45 ","4,388.19 ",516.50 ,0.00 ,182.00 ,-6.00 
2009-10,340.00 ,"29,629.99 ","23,853.85 ","4,826.95 ",583.00 ,0.00 ,209.00 ,-6.00 
2009-11,339.00 ,"32,916.39 ","26,683.28 ","5,195.89 ",638.11 ,0.00 ,244.00 ,-6.00 
2009-12,340.00 ,"36,506.23 ","29,814.22 ","5,544.95 ",692.60 ,0.00 ,0.00 ,-5.00 
2010-01,332.00 ,"3,394.20 ","2,932.35 ",302.09 ,57.63 ,0.00 ,23.30 ,-7.00 
2010-02,332.00 ,"6,090.10 ","5,230.90 ",561.80 ,112.50 ,0.00 ,45.40 ,-5.00 
2010-03,332.00 ,"9,489.20 ","8,178.60 ",906.40 ,175.30 ,0.00 ,81.70 ,-6.00 
2010-04,332.00 ,"12,842.10 ","10,988.40 ","1,330.30 ",229.70 ,0.00 ,115.60 ,-7.00 
2010-05,333.00 ,"16,275.60 ","13,746.20 ","1,883.80 ",282.60 ,0.00 ,158.40 ,-6.00 
2010-06,334.00 ,"19,706.00 ","16,325.90 ","2,591.90 ",333.50 ,0.00 ,202.80 ,-6.00 
2010-07,334.00 ,"23,478.10 ","19,131.00 ","3,415.60 ",397.30 ,0.00 ,216.20 ,-7.00 
2010-08,334.00 ,"27,404.70 ","22,211.30 ","4,239.40 ",462.30 ,0.00 ,254.90 ,-6.00 
2010-09,334.00 ,"30,905.90 ","24,823.70 ","4,997.70 ",527.35 ,0.00 ,285.60 ,-8.00 
2010-10,334.00 ,"34,215.60 ","27,376.70 ","5,629.50 ",596.50 ,0.00 ,312.30 ,-6.00 
2010-11,333.00 ,"37,744.60 ","30,197.50 ","6,148.20 ",668.60 ,0.00 ,373.10 ,-6.00 
2010-12,333.31 ,"41,412.60 ","33,253.40 ","6,621.70 ",738.80 ,0.00 ,430.30 ,-7.00 
2011-01,0.00 ,"3,672.27 ","3,113.30 ",398.43 ,75.41 ,0.00 ,47.50 ,0.00 
2011-02,325.00 ,"6,772.90 ","5,737.20 ",723.80 ,135.50 ,0.00 ,98.70 ,-7.00 
2011-03,325.00 ,"10,650.70 ","9,006.50 ","1,136.20 ",205.80 ,0.00 ,164.50 ,-6.00 
2011-04,326.00 ,"14,304.50 ","12,099.50 ","1,558.30 ",279.70 ,0.00 ,226.00 ,-6.00 
2011-05,327.00 ,"18,161.80 ","15,277.80 ","2,076.50 ",348.50 ,0.00 ,307.30 ,-7.00 
2011-06,328.00 ,"22,166.10 ","18,432.50 ","2,742.00 ",414.10 ,0.00 ,373.90 ,-6.00 
2011-07,328.00 ,"26,425.90 ","21,853.20 ","3,439.30 ",491.70 ,0.00 ,433.20 ,-6.00 
2011-08,328.00 ,"30,732.70 ","25,401.40 ","4,105.10 ",573.20 ,0.00 ,483.50 ,-6.00 
2011-09,329.00 ,"34,540.10 ","28,532.20 ","4,673.90 ",650.00 ,0.00 ,493.60 ,-5.00 
2011-10,329.00 ,"38,181.40 ","31,525.30 ","5,175.00 ",722.50 ,0.00 ,548.40 ,-5.00 
2011-11,329.00 ,"41,939.00 ","34,612.00 ","5,675.60 ",788.20 ,0.00 ,615.40 ,-4.00 
2011-12,329.15 ,"46,036.70 ","38,137.30 ","6,107.80 ",863.50 ,0.00 ,687.40 ,-6.00 
2012-01,0.00 ,"3,485.45 ","2,942.68 ",350.93 ,64.52 ,0.00 ,54.90 ,0.00 
2012-02,319.00 ,"7,187.30 ","6,088.80 ",687.40 ,126.20 ,0.00 ,122.10 ,-6.00 
2012-03,320.00 ,"11,445.80 ","9,607.90 ","1,112.30 ",246.00 ,0.00 ,204.00 ,-5.00 
2012-04,321.00 ,"15,118.10 ","12,659.40 ","1,570.70 ",324.40 ,0.00 ,269.70 ,-5.00 
2012-05,323.00 ,"19,101.60 ","15,776.30 ","2,226.10 ",393.90 ,0.00 ,345.50 ,-4.00 
2012-06,324.00 ,"22,950.30 ","18,712.40 ","2,912.20 ",463.50 ,0.00 ,431.60 ,-4.00 
2012-07,324.00 ,"27,436.40 ","22,003.50 ","3,936.00 ",549.90 ,0.00 ,497.70 ,-4.00 
2012-08,325.00 ,"31,912.20 ","25,277.50 ","4,889.50 ",633.40 ,0.00 ,566.50 ,-4.00 
2012-09,325.00 ,"35,833.90 ","28,154.00 ","5,731.60 ",719.59 ,0.00 ,626.20 ,-4.00 
2012-10,325.00 ,"39,752.00 ","31,093.00 ","6,489.30 ",812.34 ,0.00 ,707.70 ,-5.00 
2012-11,324.00 ,"43,843.30 ","34,297.40 ","7,077.90 ",892.95 ,0.00 ,836.20 ,-4.00 
2012-12,324.63 ,"48,187.50 ","37,867.00 ","7,595.00 ",973.95 ,0.00 ,934.30 ,-3.00 
2013-01,0.00 ,"4,341.10 ","3,714.60 ",453.80 ,89.30 ,0.00 ,0.00 ,0.00 
2013-02,316.00 ,"7,573.20 ","6,429.80 ",820.10 ,155.00 ,0.00 ,161.20 ,-4.00 
2013-03,317.35 ,"11,822.80 ","10,005.80 ","1,306.10 ",228.18 ,0.00 ,271.50 ,-3.00 
2013-04,317.71 ,"15,861.20 ","13,360.90 ","1,809.20 ",299.78 ,0.00 ,378.70 ,-4.00 
2013-05,319.07 ,"20,018.00 ","16,658.70 ","2,465.30 ",388.19 ,0.00 ,492.30 ,-4.19 
2013-06,320.00 ,"24,341.55 ","19,955.07 ","3,291.04 ",477.45 ,0.00 ,599.90 ,-4.00 
2013-07,321.00 ,"29,228.70 ","23,729.01 ","4,208.88 ",576.54 ,0.00 ,692.90 ,-4.00 
2013-08,321.00 ,"34,320.00 ","27,769.38 ","5,060.78 ",675.92 ,0.00 ,789.00 ,-4.00 
2013-09,321.00 ,"38,688.37 ","31,115.88 ","5,843.24 ",803.50 ,0.00 ,892.70 ,-3.00 
2013-10,321.21 ,"43,017.56 ","34,536.83 ","6,537.58 ",907.12 ,0.00 ,998.70 ,-5.00 
2013-11,321.00 ,"47,412.51 ","38,125.95 ","7,126.59 ","1,002.97 ",0.00 ,"1,116.60 ",-4.00 
2013-12,321.00 ,"52,451.07 ","42,152.54 ","7,890.54 ","1,106.34 ",0.00 ,"1,246.20 ",-4.00 
2014-01,0.00 ,"4,328.15 ","3,613.93 ",492.04 ,94.00 ,0.00 ,0.00 ,0.00 
2014-02,315.00 ,"8,161.73 ","6,839.09 ",909.66 ,172.84 ,0.00 ,196.20 ,-1.00 
2014-03,315.00 ,"12,719.40 ","10,609.10 ","1,450.70 ",265.28 ,0.00 ,313.10 ,-2.00 
2014-04,315.00 ,"17,026.60 ","14,079.40 ","2,066.90 ",337.91 ,0.00 ,425.80 ,-3.00 
2014-05,316.00 ,"21,488.90 ","17,498.60 ","2,814.70 ",459.57 ,0.00 ,564.40 ,-3.00 
2014-06,317.00 ,"26,163.30 ","20,994.90 ","3,713.00 ",565.89 ,0.00 ,697.90 ,-3.00 
2014-07,318.00 ,"31,248.68 ","24,687.00 ","4,848.00 ",684.67 ,0.00 ,801.30 ,-3.20 
2014-08,319.00 ,"36,200.00 ","28,215.00 ","6,012.00 ",816.14 ,0.00 ,891.20 ,-2.80 
2014-09,318.69 ,"40,754.80 ","31,371.98 ","7,155.29 ",945.57 ,0.00 ,986.60 ,-2.81 
2014-10,318.69 ,"45,234.00 ","34,591.00 ","8,127.00 ","1,065.20 ",0.00 ,"1,116.10 ",-2.00 
2014-11,318.11 ,"49,746.00 ","38,066.00 ","8,873.00 ","1,186.31 ",0.00 ,"1,249.30 ",-3.00 
2014-12,319.00 ,"56,495.80 ","42,337.30 ","10,643.40 ","1,325.38 ",0.00 ,"1,411.70 ",-3.00 
2015-01,0.00 ,"4,907.01 ","4,030.50 ",565.27 ,124.31 ,0.00 ,0.00 ,0.00 
2015-02,308.00 ,"8,560.86 ","6,944.79 ","1,037.03 ",231.39 ,0.00 ,241.66 ,-7.50 
2015-03,308.00 ,"13,103.00 ","10,469.00 ","1,715.00 ",352.79 ,0.00 ,397.00 ,-7.38 
2015-04,309.00 ,"17,593.00 ","13,919.00 ","2,414.00 ",477.10 ,0.00 ,554.50 ,-5.75 
2015-05,312.59 ,"22,187.00 ","17,393.00 ","3,182.00 ",613.90 ,0.00 ,713.90 ,-3.41 
2015-06,314.00 ,"27,091.00 ","20,879.00 ","4,234.00 ",772.10 ,0.00 ,858.40 ,-3.05 
2015-07,316.00 ,"32,208.00 ","24,555.00 ","5,348.00 ",934.00 ,0.00 ,968.10 ,-1.63 
2015-08,316.57 ,"37,380.00 ","28,337.00 ","6,396.00 ","1,102.60 ",0.00 ,"1,078.10 ",-2.12 
2015-09,316.96 ,"41,990.00 ","31,532.00 ","7,472.00 ","1,261.60 ",0.00 ,"1,195.30 ",-2.14 
2015-10,316.86 ,"46,511.20 ","34,661.65 ","8,474.38 ","1,404.56 ",0.00 ,"1,370.70 ",-0.98 
2015-11,316.42 ,"51,256.70 ","38,231.60 ","9,258.60 ","1,549.09 ",0.00 ,"1,548.00 ",-2.11 
2015-12,315.00 ,"56,184.00 ","42,102.00 ","9,960.00 ","1,707.89 ",0.00 ,"1,680.60 ",-4.00 
2016-02,302.00 ,"8,701.70 ","6,785.50 ","1,289.00 ",284.90 ,0.00 ,289.30 ,-5.51 
2016-03,303.87 ,"13,551.37 ","10,492.91 ","2,032.71 ",470.56 ,0.00 ,476.20 ,-3.76 
2016-04,306.80 ,"17,986.00 ","13,772.00 ","2,816.00 ",620.60 ,0.00 ,670.00 ,-2.45 
2016-05,309.44 ,"22,676.00 ","17,122.00 ","3,743.00 ",785.00 ,140.60 ,884.60 ,-3.16 
2016-06,311.03 ,"27,595.00 ","20,579.00 ","4,811.00 ",964.50 ,174.90 ,"1,065.10 ",-2.93 
2016-07,312.25 ,"33,121.00 ","24,487.00 ","6,049.00 ","1,162.60 ",211.00 ,"1,209.50 ",-4.00 
2016-08,313.06 ,"38,772.00 ","28,639.00 ","7,157.00 ","1,364.20 ",252.20 ,"1,357.80 ",-3.50 
2016-09,313.71 ,"43,732.00 ","32,289.00 ","8,108.00 ","1,544.20 ",292.00 ,"1,498.30 ",-3.25 
2016-10,313.80 ,"48,647.00 ","35,868.00 ","9,037.00 ","1,718.80 ",329.00 ,"1,693.80 ",-3.06 
2016-11,312.82 ,"53,700.80 ","39,679.40 ","9,840.40 ","1,913.70 ",358.90 ,"1,907.60 ",-3.60 
2016-12,312.00 ,"59,111.20 ","43,957.70 ","10,518.40 ","2,127.30 ",393.60 ,"2,113.20 ",-3.00 
2017-02,301.00 ,"9,315.00 ","7,280.00 ","1,229.00 ",333.50 ,74.80 ,398.00 ,-1.68 
2017-03,302.00 ,"14,587.20 ","11,356.90 ","1,938.40 ",547.50 ,122.80 ,621.20 ,-1.82 
2017-04,305.00 ,"19,382.40 ","14,903.10 ","2,684.00 ",750.10 ,173.00 ,871.70 ,-1.56 
2017-05,307.00 ,"24,368.00 ","18,496.00 ","3,570.00 ",954.90 ,228.00 ,"1,118.00 ",-2.35 
2017-06,309.00 ,"29,598.00 ","22,215.00 ","4,613.00 ","1,153.90 ",289.00 ,"1,327.00 ",-2.16 
2017-07,310.00 ,"35,698.00 ","26,581.00 ","5,857.00 ","1,384.70 ",352.00 ,"1,522.00 ",-2.06 
2017-08,311.00 ,"41,659.00 ","30,894.00 ","7,024.00 ","1,614.90 ",409.00 ,"1,716.00 ",-1.91 
2017-09,311.00 ,"46,891.40 ","34,525.00 ","8,147.20 ","1,834.30 ",469.70 ,"1,914.00 ",-2.38 
2017-10,311.00 ,"51,944.00 ","37,993.00 ","9,234.00 ","2,035.50 ",534.00 ,"2,147.00 ",-2.56 
2017-11,310.00 ,"57,118.20 ","41,727.90 ","10,105.20 ","2,259.00 ",591.00 ,"2,434.00 ",-2.87 
2017-12,309.06 ,"62,758.20 ","46,115.00 ","10,819.00 ","2,480.70 ",648.00 ,"2,695.00 ",-3.02 
2018-02,299.60 ,"10,454.50 ","8,086.50 ","1,275.00 ",393.30 ,131.40 ,568.10 ,-1.00 
2018-03,300.60 ,"15,762.70 ","12,147.70 ","1,933.40 ",611.00 ,198.80 ,871.60 ,-1.00 
2018-04,303.80 ,"20,876.50 ","15,951.00 ","2,633.30 ",826.80 ,267.90 ,"1,197.20 ",-1.00 
2018-05,305.60 ,"26,361.20 ","19,914.20 ","3,553.20 ","1,063.00 ",346.60 ,"1,484.20 ",-1.00 
2018-06,307.60 ,"31,945.30 ","23,887.10 ","4,618.00 ","1,300.00 ",427.18 ,"1,712.50 ",-1.00 
2018-07,308.90 ,"38,373.30 ","28,456.10 ","5,901.10 ","1,564.00 ",503.55 ,"1,948.50 ",-1.00 
2018-08,309.70 ,"44,800.70 ","33,103.10 ","7,158.80 ","1,834.90 ",574.68 ,"2,128.70 ",-1.00 
2018-09,311.20 ,"50,361.70 ","36,918.10 ","8,326.20 ","2,088.70 ",660.87 ,"2,367.30 ",-0.10 
2018-10,310.20 ,"55,816.30 ","40,685.60 ","9,418.40 ","2,341.00 ",746.67 ,"2,624.50 ",-1.00 
2018-11,309.30 ,"61,626.00 ","44,962.80 ","10,297.30 ","2,638.00 ",830.20 ,"2,896.80 ",-2.20 
2018-12,308.00 ,"67,914.20 ","49,794.70 ","11,027.50 ","2,944.00 ",894.46 ,"3,253.20 ",-1.80 
2019-02,296.50 ,"10,981.90 ","8,426.70 ","1,352.20 ",483.70 ,147.49 ,571.70 ,-3.10 
2019-03,298.40 ,"16,747.40 ","12,658.20 ","2,159.00 ",770.40 ,244.03 ,915.50 ,-2.20 
2019-04,301.70 ,"22,198.00 ","16,553.60 ","2,987.00 ","1,048.40 ",349.54 ,"1,259.40 ",-2.00 
2019-05,303.40 ,"27,809.20 ","20,408.80 ","4,002.70 ","1,320.30 ",461.37 ,"1,615.30 ",-1.10 
2019-06,306.20 ,"33,672.80 ","24,487.10 ","5,137.80 ","1,600.00 ",568.20 ,"1,879.30 ",-0.80 
2019-07,307.50 ,"40,300.50 ","29,089.20 ","6,514.10 ","1,913.20 ",676.05 ,"2,107.80 ",-1.60 
2019-08,309.30 ,"47,026.00 ","33,853.20 ","7,811.10 ","2,241.70 ",785.05 ,"2,334.70 ",-0.40 
2019-09,310.40 ,"52,967.30 ","38,019.60 ","8,937.90 ","2,538.40 ",904.70 ,"2,566.40 ",-0.80 
2019-10,309.70 ,"58,741.70 ","42,041.40 ","10,012.60 ","2,826.00 ","1,004.72 ","2,856.80 ",-0.50 
2019-11,308.30 ,"64,796.40 ","46,522.10 ","10,826.40 ","3,151.40 ","1,092.10 ","3,204.00 ",-1.00 
2019-12,308.30 ,"71,422.10 ","51,654.30 ","11,534.40 ","3,483.50 ","1,172.16 ","3,577.40 ",0.00 
2020-02,291.80 ,"10,266.90 ","7,806.60 ","1,213.90 ",473.20 ,179.19 ,593.60 ,4.70 
2020-03,293.40 ,"15,822.10 ","11,745.90 ","1,962.90 ",779.50 ,310.11 ,"1,022.40 ",-5.00 
2020-04,296.80 ,"21,388.10 ","15,757.60 ","2,719.60 ","1,087.20 ",440.53 ,"1,383.00 ",-4.70 
2020-05,300.60 ,"27,325.30 ","20,009.80 ","3,557.80 ","1,398.00 ",573.16 ,"1,786.20 ",-3.00 
2020-06,302.10 ,"33,644.80 ","24,342.70 ","4,769.10 ","1,715.70 ",699.92 ,"2,117.00 ",-3.60 
2020-07,304.00 ,"40,450.90 ","28,956.80 ","6,217.30 ","2,049.80 ",820.60 ,"2,406.10 ",-3.00 
2020-08,305.10 ,"47,727.90 ","34,068.70 ","7,634.30 ","2,381.40 ",947.33 ,"2,695.90 ",-3.60 
2020-09,306.10 ,"54,085.60 ","38,316.20 ","9,024.90 ","2,700.10 ","1,070.59 ","2,971.90 ",-4.30 
2020-10,305.70 ,"60,288.30 ","42,333.00 ","10,444.10 ","2,986.80 ","1,195.86 ","3,326.60 ",-3.60 
2020-11,304.20 ,"66,824.40 ","47,095.90 ","11,378.20 ","3,309.70 ","1,307.61 ","3,731.00 ",-3.60 
2020-12,305.50 ,"74,170.40 ","52,798.70 ","12,140.30 ","3,662.50 ","1,420.99 ","4,146.00 ",0.00 
2021-02,292.30 ,"12,427.70 ","9,389.90 ","1,292.30 ",583.80 ,246.68 ,914.50 ,0.27 
2021-03,294.40 ,"19,051.50 ","14,378.60 ","1,958.60 ",925.90 ,387.70 ,"1,400.60 ",0.34 
2021-04,297.10 ,"25,275.50 ","18,901.40 ","2,727.40 ","1,249.60 ",527.08 ,"1,870.00 ",0.03 
2021-05,299.10 ,"31,772.30 ","23,417.20 ","3,684.80 ","1,592.10 ",694.64 ,"2,382.30 ",-0.47 
2021-06,301.40 ,"38,717.00 ","28,262.00 ","4,826.70 ","1,950.90 ",858.23 ,"2,819.20 ",-0.80 
2021-07,303.00 ,"46,450.00 ","33,537.00 ","6,247.00 ","2,333.00 ","1,038.00 ","3,294.00 ",-1.00 
2021-08,304.20 ,"53,894.00 ","38,723.00 ","7,617.10 ","2,698.50 ","1,204.29 ","3,650.80 ",-0.90 
2021-09,304.70 ,"60,721.20 ","43,273.00 ","9,029.90 ","3,030.90 ","1,362.19 ","4,025.00 ",-0.90 
2021-10,304.90 ,"67,176.00 ","47,556.40 ","10,221.90 ","3,366.20 ","1,516.26 ","4,515.00 ",-0.80 
2021-11,303.70 ,"73,826.70 ","52,227.20 ","11,134.30 ","3,702.40 ","1,696.25 ","5,066.10 ",-0.50 
2021-12,302.50 ,"81,121.80 ","57,702.70 ","11,840.20 ","4,075.20 ","1,836.64 ","5,667.00 ",0.00 
2022-02,289.00 ,"13,140.60 ","9,863.70 ","1,400.00 ",640.00 ,294.74 ,942.10 ,-3.20 
2022-03,291.50 ,"19,922.20 ","14,614.10 ","2,211.70 ",989.80 ,479.23 ,"1,627.40 ",-3.20 
2022-04,295.70 ,"26,029.30 ","18,634.70 ","3,130.00 ","1,316.50 ",683.24 ,"2,264.70 ",-1.40 
2022-05,298.10 ,"32,483.80 ","22,711.70 ","4,345.60 ","1,663.30 ",887.19 ,"2,876.00 ",-1.20 
2022-06,300.20 ,"39,631.10 ","27,276.80 ","5,828.20 ","1,989.90 ","1,107.13 ","3,429.10 ",-1.60 
2022-07,301.80 ,"47,725.60 ","32,853.90 ","7,288.30 ","2,359.70 ","1,319.04 ","3,904.70 ",-1.60 
2022-08,303.10 ,"55,975.20 ","38,826.70 ","8,516.70 ","2,722.90 ","1,535.70 ","4,373.20 ",-1.50 
2022-09,304.30 ,"62,867.40 ","43,693.50 ","9,506.80 ","3,046.40 ","1,749.88 ","4,870.80 ",-0.50 
2022-10,304.80 ,"69,576.10 ","48,187.90 ","10,499.80 ","3,406.80 ","1,968.18 ","5,513.40 ",-0.10 
2022-11,303.45 ,"76,285.80 ","52,953.00 ","11,282.20 ","3,780.40 ","2,125.33 ","6,144.80 ",-0.30 
2022-12,301.50 ,"83,886.30 ","58,531.30 ","12,020.00 ","4,177.80 ","2,290.00 ","6,867.20 ",-0.10 
2023-02,288.00 ,"13,497.34 ","9,756.62 ","1,366.67 ",667.54 ,369.59 ,"1,336.84 ",-1.40 
2023-03,290.80 ,"20,711.79 ","14,950.93 ","2,035.06 ","1,033.25 ",612.33 ,"2,080.08 ",-0.60 
2023-04,294.70 ,"27,309.20 ","19,467.00 ","2,708.70 ","1,378.40 ",845.60 ,"2,909.30 ",-1.00 
2023-05,298.60 ,"34,216.40 ","24,205.80 ","3,523.40 ","1,747.30 ","1,076.86 ","3,662.80 ",0.02 
2023-06,300.10 ,"41,679.65 ","29,456.97 ","4,504.22 ","2,118.86 ","1,352.72 ","4,246.44 ",-0.34 
2023-07,302.20 ,"50,130.40 ","35,473.70 ","5,717.00 ","2,499.30 ","1,604.04 ","4,835.90 ",0.49 
2023-08,304.40 ,"58,662.56 ","41,389.53 ","7,187.42 ","2,882.59 ","1,894.00 ","5,308.39 ",0.90 
2023-09,305.10 ,"66,219.20 ","46,396.90 ","8,583.90 ","3,227.90 ","2,172.91 ","5,836.80 ",0.56 
2023-10,305.20 ,"73,330.00 ","51,077.10 ","9,804.90 ","3,587.30 ","2,435.71 ","6,424.30 ",-0.10 
2023-11,303.40 ,"80,732.00 ","56,178.00 ","10,636.00 ","3,952.00 ","2,713.98 ","7,252.00 ",-0.10 
2023-12,0.00 ,"89,090.78 ","62,318.04 ","11,408.86 ","4,332.56 ","2,939.68 ","8,090.49 ",0.00 
2024-02,289.80 ,"14,870.30 ","10,801.90 ","1,389.60 ",691.10 ,490.28 ,"1,497.30 ",1.80 
2024-03,293.00 ,"22,371.60 ","16,028.00 ","2,101.70 ","1,039.20 ",783.22 ,"2,419.40 ",2.13 
2024-04,296.30 ,"29,328.70 ","20,621.90 ","2,937.40 ","1,404.90 ","1,113.96 ","3,250.40 ",1.60 
2024-05,300.20 ,"36,569.70 ","25,172.60 ","4,088.50 ","1,764.90 ","1,495.23 ","4,048.30 ",1.60 
2024-06,302.40 ,"44,354.50 ","30,052.70 ","5,525.80 ","2,121.50 ","1,899.30 ","4,755.20 ",2.31 
2024-07,304.70 ,"53,239.30 ","35,813.90 ","7,188.00 ","2,518.20 ","2,281.79 ","5,437.30 ",2.46 
2024-08,305.80 ,"62,378.80 ","41,967.70 ","8,822.00 ","2,920.40 ","2,695.14 ","5,973.50 ",1.40 
2024-09,305.80 ,"70,560.40 ","47,438.80 ","10,039.70 ","3,275.50 ","3,073.12 ","6,733.20 ",0.74 
2024-10,307.00 ,"78,027.20 ","52,230.50 ","11,100.70 ","3,642.80 ","3,472.19 ","7,580.90 ",1.79 
